label,p0,p1,p2,p3,p4,p5,p6,p7,p8,p9,p10,p11,p12,p13,p14,p15,p16,p17,p18,p19,p20,p21,p22,p23,p24,p25,p26,p27,p28,p29,p30,p31,p32,p33,p34,p35,p36,p37,p38,p39,p40,p41,p42,p43,p44,p45,p46,p47,p48,p49,p50,p51,p52,p53,p54,p55,p56,p57,p58,p59,p60,p61,p62,p63,p64,p65,p66,p67,p68,p69,p70,p71,p72,p73,p74,p75,p76,p77,p78,p79,p80,p81,p82,p83,p84,p85,p86,p87,p88,p89,p90,p91,p92,p93,p94,p95,p96,p97,p98,p99,p100,p101,p102,p103,p104,p105,p106,p107,p108,p109,p110,p111,p112,p113,p114,p115,p116,p117,p118,p119,p120,p121,p122,p123,p124,p125,p126,p127,p128,p129,p130,p131,p132,p133,p134,p135,p136,p137,p138,p139,p140,p141,p142,p143,p144,p145,p146,p147,p148,p149,p150,p151,p152,p153,p154,p155,p156,p157,p158,p159,p160,p161,p162,p163,p164,p165,p166,p167,p168,p169,p170,p171,p172,p173,p174,p175,p176,p177,p178,p179,p180,p181,p182,p183,p184,p185,p186,p187,p188,p189,p190,p191,p192,p193,p194,p195,p196,p197,p198,p199,p200,p201,p202,p203,p204,p205,p206,p207,p208,p209,p210,p211,p212,p213,p214,p215,p216,p217,p218,p219,p220,p221,p222,p223,p224,p225,p226,p227,p228,p229,p230,p231,p232,p233,p234,p235,p236,p237,p238,p239,p240,p241,p242,p243,p244,p245,p246,p247,p248,p249,p250,p251,p252,p253,p254,p255,p256,p257,p258,p259,p260,p261,p262,p263,p264,p265,p266,p267,p268,p269,p270,p271,p272,p273,p274,p275,p276,p277,p278,p279,p280,p281,p282,p283,p284,p285,p286,p287,p288,p289,p290,p291,p292,p293,p294,p295,p296,p297,p298,p299,p300,p301,p302,p303,p304,p305,p306,p307,p308,p309,p310,p311,p312,p313,p314,p315,p316,p317,p318,p319,p320,p321,p322,p323,p324,p325,p326,p327,p328,p329,p330,p331,p332,p333,p334,p335,p336,p337,p338,p339,p340,p341,p342,p343,p344,p345,p346,p347,p348,p349,p350,p351,p352,p353,p354,p355,p356,p357,p358,p359,p360,p361,p362,p363,p364,p365,p366,p367,p368,p369,p370,p371,p372,p373,p374,p375,p376,p377,p378,p379,p380,p381,p382,p383,p384,p385,p386,p387,p388,p389,p390,p391,p392,p393,p394,p395,p396,p397,p398,p399,p400,p401,p402,p403,p404,p405,p406,p407,p408,p409,p410,p411,p412,p413,p414,p415,p416,p417,p418,p419,p420,p421,p422,p423,p424,p425,p426,p427,p428,p429,p430,p431,p432,p433,p434,p435,p436,p437,p438,p439,p440,p441,p442,p443,p444,p445,p446,p447,p448,p449,p450,p451,p452,p453,p454,p455,p456,p457,p458,p459,p460,p461,p462,p463,p464,p465,p466,p467,p468,p469,p470,p471,p472,p473,p474,p475,p476,p477,p478,p479,p480,p481,p482,p483,p484,p485,p486,p487,p488,p489,p490,p491,p492,p493,p494,p495,p496,p497,p498,p499,p500,p501,p502,p503,p504,p505,p506,p507,p508,p509,p510,p511,p512,p513,p514,p515,p516,p517,p518,p519,p520,p521,p522,p523,p524,p525,p526,p527,p528,p529,p530,p531,p532,p533,p534,p535,p536,p537,p538,p539,p540,p541,p542,p543,p544,p545,p546,p547,p548,p549,p550,p551,p552,p553,p554,p555,p556,p557,p558,p559,p560,p561,p562,p563,p564,p565,p566,p567,p568,p569,p570,p571,p572,p573,p574,p575,p576,p577,p578,p579,p580,p581,p582,p583,p584,p585,p586,p587,p588,p589,p590,p591,p592,p593,p594,p595,p596,p597,p598,p599,p600,p601,p602,p603,p604,p605,p606,p607,p608,p609,p610,p611,p612,p613,p614,p615,p616,p617,p618,p619,p620,p621,p622,p623,p624,p625,p626,p627,p628,p629,p630,p631,p632,p633,p634,p635,p636,p637,p638,p639,p640,p641,p642,p643,p644,p645,p646,p647,p648,p649,p650,p651,p652,p653,p654,p655,p656,p657,p658,p659,p660,p661,p662,p663,p664,p665,p666,p667,p668,p669,p670,p671,p672,p673,p674,p675,p676,p677,p678,p679,p680,p681,p682,p683,p684,p685,p686,p687,p688,p689,p690,p691,p692,p693,p694,p695,p696,p697,p698,p699,p700,p701,p702,p703,p704,p705,p706,p707,p708,p709,p710,p711,p712,p713,p714,p715,p716,p717,p718,p719,p720,p721,p722,p723,p724,p725,p726,p727,p728,p729,p730,p731,p732,p733,p734,p735,p736,p737,p738,p739,p740,p741,p742,p743,p744,p745,p746,p747,p748,p749,p750,p751,p752,p753,p754,p755,p756,p757,p758,p759,p760,p761,p762,p763,p764,p765,p766,p767,p768,p769,p770,p771,p772,p773,p774,p775,p776,p777,p778,p779,p780,p781,p782,p783
0,0,0,0,0.077,0.057,0,0,0.122,0.498,0.829,0.71,0.407,0.696,0.929,0.542,0.416,0.793,0.802,0.388,0.108,0,0,0.006,0,0,0.051,0,0.057,0.007,0,0.032,0,0,0,0.077,0.06,0.453,0.8,0.573,0.223,0.568,0.663,0.479,0.391,0.592,0.734,0.377,0,0,0.072,0.031,0.043,0.014,0.084,0,0.025,0.017,0,0,0.018,0.215,0.343,0.391,0.177,0.183,0.314,0.362,0.012,0.25,0.329,0.181,0.051,0.275,0.201,0.115,0.234,0.466,0.259,0,0,0,0.045,0,0.058,0.022,0.032,0,0,0.46,0.615,0.698,0.384,0.054,0.041,0,0,0,0,0.042,0.025,0.055,0,0.133,0.577,0.676,0.418,0.333,0.099,0,0.013,0,0.055,0.004,0,0.038,0.011,0.316,0.762,0.862,0.511,0.109,0,0.048,0.071,0.005,0.03,0,0.017,0,0,0.122,0.515,0.87,0.635,0.321,0,0,0.05,0.022,0,0.005,0,0.032,0,0.156,0.432,0.559,0.309,0.003,0,0,0,0,0,0,0,0.092,0.086,0.125,0.353,0.53,0.404,0.136,0.024,0.004,0.005,0.074,0,0,0.06,0,0,0.238,0.458,0.516,0.263,0.012,0.079,0,0,0,0.007,0.037,0.249,0.469,0.558,0.285,0.297,0.454,0.403,0.153,0.026,0,0.077,0,0,0,0.021,0.153,0,0.434,0.706,0.8,0.499,0.126,0.008,0.027,0,0.029,0.027,0.123,0.468,0.781,0.772,0.43,0.601,0.868,0.544,0.237,0.038,0.05,0.015,0,0.113,0,0.043,0.029,0,0.47,0.708,0.75,0.534,0.041,0,0,0.005,0.019,0.092,0.025,0.534,0.702,0.656,0.424,0.634,0.784,0.614,0.252,0,0,0,0.008,0,0,0,0.024,0,0.119,0.351,0.328,0.238,0,0.099,0,0.072,0.225,0.276,0.177,0.216,0.27,0.325,0.23,0.274,0.386,0.339,0.061,0.006,0.029,0,0.043,0.078,0.027,0,0,0,0.228,0.635,0.593,0.298,0.065,0,0.041,0.189,0.528,0.595,0.455,0.156,0,0.009,0.19,0.39,0.579,0.475,0.24,0.062,0,0,0.057,0,0.013,0.084,0,0,0.443,0.753,0.917,0.48,0.184,0.014,0.001,0.296,0.761,0.858,0.49,0.221,0,0.059,0.257,0.645,1,0.704,0.375,0.009,0.034,0,0,0,0.077,0,0,0.028,0.232,0.619,0.663,0.364,0.072,0.073,0.017,0.256,0.449,0.608,0.443,0.155,0.055,0,0.126,0.321,0.583,0.544,0.242,0,0,0.073,0,0,0.04,0.032,0.08,0.01,0.132,0.344,0.397,0.221,0.206,0.412,0.357,0.123,0.142,0.291,0.118,0.039,0.041,0.01,0.108,0.307,0.367,0.323,0.112,0.023,0.033,0.077,0.021,0.007,0,0,0.088,0,0.362,0.717,0.827,0.458,0.48,0.799,0.648,0.381,0.003,0.02,0,0,0.028,0,0.182,0.5,0.777,0.762,0.295,0,0.033,0.036,0.014,0.048,0,0,0.043,0,0.421,0.821,0.768,0.534,0.56,0.78,0.753,0.365,0,0,0,0,0,0,0.126,0.566,0.719,0.49,0.299,0.089,0.052,0,0.067,0,0,0,0,0.055,0.18,0.447,0.472,0.295,0.293,0.426,0.402,0.276,0,0.043,0,0.037,0,0,0.112,0.354,0.484,0.458,0.091,0.007,0.002,0,0,0,0.023,0.005,0,0,0.267,0.455,0.56,0.368,0,0.052,0.042,0.057,0.009,0,0.001,0,0.04,0,0.102,0.427,0.647,0.41,0.216,0.012,0.084,0,0.012,0,0.01,0,0.072,0,0.406,0.754,0.783,0.535,0.205,0,0.068,0.056,0.008,0,0,0.037,0,0,0.213,0.513,0.958,0.614,0.251,0.019,0.07,0.003,0,0.045,0,0.089,0,0.116,0.316,0.574,0.696,0.43,0.157,0.066,0.057,0,0.047,0,0,0.032,0.063,0,0.241,0.518,0.665,0.539,0.318,0.087,0.023,0,0,0,0,0,0.006,0,0.011,0.362,0.271,0.183,0.189,0.298,0.277,0.05,0.249,0.29,0.185,0.131,0.24,0.299,0.149,0.291,0.341,0.237,0.04,0.009,0.002,0,0.077,0.022,0.03,0,0,0.028,0,0.116,0.033,0.108,0.43,0.693,0.573,0.32,0.512,0.63,0.476,0.218,0.683,0.658,0.394,0.091,0,0,0,0.073,0,0,0.009,0,0,0.068,0.069,0.011,0.085,0.069,0,0.11,0.524,0.885,0.755,0.38,0.682,1,0.673,0.421,0.92,0.88,0.361,0.13,0,0.066,0.03,0,0,0.039,0,0.011,0,0,0,0.045,0,0,0,0.026,0.283,0.553,0.53,0.272,0.424,0.631,0.374,0.329,0.591,0.443,0.264,0,0,0,0,0.056,0.033,0.057,0,0,0.018,0,0.033,0.017,0,0,0,0.112,0.034,0.115,0.198,0.124,0.176,0.253,0.121,0.109,0.182,0.274,0,0.017,0.036,0,0.015,0.008,0,0,0,0,0,0,0.058,0,0.12,0.065,0.019,0.022,0,0,0.025,0,0,0,0.046,0,0.005,0.036,0.112,0.049,0.007,0.042,0.067,0,0.011,0.02,0.028,0,0,0.024,0.021,0.033,0,0.118,0.03,0.091,0.041,0,0.061,0.103,0,0,0.071,0,0.036,0.056,0.049,0,0.072,0,0,0,0.07,0,0.011,0,0,0,0.024,0,0.023,0.069,0,0,0,0,0.073,0,0.021,0,0,0,0.089,0.009,0,0,0,0,0.059,0,0,0,0.012,0
1,0.016,0,0,0,0,0,0.073,0.102,0,0.089,0.013,0.186,0.401,0.645,0.519,0.074,0,0,0,0.055,0.049,0.056,0.103,0,0,0,0.026,0,0,0,0,0,0,0.053,0,0,0.068,0,0.037,0.271,0.655,0.834,0.672,0.211,0.007,0.038,0.006,0,0,0,0.033,0,0,0,0.018,0.077,0.023,0.007,0,0.018,0,0,0.016,0.034,0.031,0.003,0,0.147,0.552,0.595,0.552,0.257,0.002,0.043,0,0.032,0.019,0.009,0.024,0,0,0.085,0,0,0,0.028,0.001,0.003,0,0,0,0,0.177,0.324,0.321,0.055,0.268,0.239,0.229,0,0.055,0.054,0,0.021,0.017,0.029,0.036,0.025,0.076,0.045,0,0,0.021,0,0,0.015,0,0,0.029,0.154,0.41,0.688,0.521,0.369,0.42,0.673,0.518,0.168,0,0.007,0,0,0,0.041,0.02,0.031,0,0.052,0.026,0,0,0.033,0.039,0,0.014,0,0.072,0.248,0.496,0.959,0.762,0.372,0.496,0.919,0.635,0.18,0,0.033,0.005,0,0.018,0.038,0,0.057,0.063,0.009,0.024,0.003,0,0.046,0,0,0.022,0,0.051,0.048,0.319,0.538,0.421,0.237,0.45,0.608,0.45,0.073,0.045,0.058,0.002,0.086,0,0,0.063,0,0,0,0.031,0.004,0,0.033,0,0,0,0,0,0.017,0.12,0.262,0.146,0.045,0.312,0.495,0.296,0.032,0,0,0,0.013,0.052,0.017,0,0.04,0,0,0.024,0.012,0.017,0.004,0.075,0,0,0,0.002,0,0.024,0.082,0,0.192,0.505,0.79,0.644,0.336,0,0.04,0,0,0.009,0.015,0.005,0,0,0.006,0,0.017,0,0.015,0,0,0,0.022,0.066,0.012,0,0,0,0.207,0.649,0.841,0.704,0.403,0,0.055,0,0.013,0.031,0,0,0,0,0,0,0.071,0.042,0.039,0.01,0,0,0.023,0.054,0,0,0.072,0,0.057,0.366,0.542,0.411,0.064,0.037,0.104,0.013,0,0.21,0,0.089,0.076,0,0.023,0,0.023,0,0.043,0,0.058,0.023,0,0,0.01,0,0.041,0,0.095,0.348,0.516,0.347,0.123,0.041,0,0,0.025,0.054,0,0,0.002,0.082,0,0,0,0.007,0,0.001,0.064,0,0,0.016,0,0.001,0.061,0.021,0.2,0.536,0.869,0.662,0.214,0.008,0.008,0,0,0,0,0,0,0,0.004,0.089,0.034,0.143,0,0.061,0,0.006,0,0.021,0,0.02,0.055,0.035,0.149,0.561,0.755,0.512,0.205,0.052,0.047,0.042,0,0.006,0,0,0.095,0.084,0.037,0,0.069,0.077,0,0,0.034,0,0,0,0.017,0.004,0,0.045,0.039,0.248,0.422,0.298,0.073,0.007,0.031,0,0.005,0.052,0.071,0.023,0.068,0.013,0,0,0.045,0,0,0.019,0,0.014,0.054,0,0,0,0,0.046,0.15,0.408,0.55,0.51,0.121,0,0.016,0,0.034,0,0,0,0,0,0.063,0.051,0,0.022,0,0,0,0,0.073,0,0,0,0.121,0,0.146,0.549,0.917,0.627,0.085,0.042,0.076,0.016,0,0,0,0.007,0,0,0.008,0.033,0.045,0,0.061,0,0.049,0.048,0.048,0,0,0,0,0.008,0.115,0.515,0.643,0.541,0.128,0,0.116,0,0,0,0.009,0.109,0,0,0,0,0.03,0,0.036,0,0,0.083,0,0,0,0.097,0,0.051,0,0.174,0.303,0.281,0.026,0.023,0,0,0.031,0,0.075,0.1,0,0.083,0.018,0,0,0,0.037,0.035,0,0.035,0,0.016,0.004,0.044,0,0.049,0.151,0.46,0.684,0.647,0.206,0.005,0.031,0.04,0.039,0.005,0,0.045,0.016,0,0,0.006,0,0,0,0.014,0.058,0.026,0,0.018,0,0.048,0.04,0,0.245,0.553,0.807,0.579,0.308,0.002,0,0,0.027,0.011,0,0.063,0.067,0.011,0.008,0,0,0.029,0.002,0,0,0.008,0,0.001,0,0.049,0,0,0.158,0.394,0.593,0.501,0.054,0,0.098,0.037,0.035,0.019,0,0.021,0.043,0,0.086,0,0.01,0,0.1,0.097,0,0.076,0,0.007,0,0.299,0.346,0.332,0.187,0.241,0.405,0.32,0.124,0.29,0.4,0.301,0,0.108,0,0.009,0,0,0.068,0,0,0.085,0,0.032,0.046,0,0.013,0.048,0.062,0.495,0.727,0.58,0.328,0.502,0.744,0.639,0.266,0.596,0.759,0.438,0.105,0,0.023,0,0.011,0,0,0.122,0,0.051,0.036,0.022,0.046,0,0.049,0,0.177,0.486,0.852,0.696,0.264,0.566,0.971,0.668,0.314,0.669,0.805,0.564,0.212,0.004,0.097,0.022,0,0.016,0.034,0,0.034,0.022,0.02,0,0,0,0.058,0,0,0.415,0.498,0.421,0.158,0.38,0.469,0.418,0.162,0.37,0.542,0.39,0,0,0,0.117,0,0.02,0.059,0.095,0,0,0.038,0.068,0,0,0.027,0.066,0.013,0.008,0.206,0.081,0.071,0.053,0.147,0.081,0.073,0.144,0.091,0.025,0.057,0.043,0,0,0,0,0,0,0.16,0,0.059,0.013,0.044,0,0.023,0.008,0.055,0.022,0,0.087,0.011,0,0,0.069,0,0.05,0.024,0.017,0,0,0,0.001,0.013,0.008,0.027,0,0.016
2,0.009,0.058,0.104,0.082,0,0.036,0,0.226,0.732,0.791,0.591,0.326,0.736,0.948,0.491,0.444,0.853,0.836,0.432,0.151,0,0.02,0,0,0.032,0,0,0.013,0,0.008,0,0,0,0,0,0.298,0.421,0.531,0.404,0.248,0.509,0.48,0.325,0.236,0.44,0.519,0.205,0.009,0,0.048,0.043,0.047,0.012,0.11,0,0,0,0.083,0.038,0.07,0.299,0.294,0.251,0.038,0.083,0.219,0.117,0,0.067,0.107,0.078,0.024,0.188,0.208,0,0.241,0.419,0.416,0.092,0.016,0.053,0.054,0,0,0,0.01,0,0.181,0.628,0.713,0.55,0.268,0,0,0,0.014,0,0,0.049,0.042,0,0,0.076,0.423,0.731,0.592,0.309,0,0.049,0.035,0,0.067,0.026,0.015,0,0.245,0.643,0.862,0.656,0.245,0.036,0.024,0.045,0.004,0,0,0.035,0.072,0,0.005,0.047,0.48,0.828,0.715,0.395,0,0,0.018,0.041,0,0,0.056,0.053,0.082,0.316,0.414,0.414,0.139,0,0.036,0,0,0.011,0,0.068,0,0,0.037,0,0.236,0.424,0.499,0.344,0.09,0.009,0,0,0.004,0,0,0,0.009,0.105,0.102,0.052,0,0,0,0.077,0,0,0.055,0,0,0,0,0.039,0.359,0.427,0.521,0.22,0,0,0.05,0.01,0,0,0,0,0,0.03,0.11,0,0.037,0,0,0,0.044,0.026,0,0,0,0.026,0.065,0.159,0.496,0.751,0.755,0.398,0,0.016,0,0.053,0,0,0.024,0.016,0.002,0,0.114,0,0,0.016,0.088,0,0,0,0,0.077,0.062,0,0.038,0.126,0.449,0.733,0.716,0.424,0.01,0,0,0.038,0,0,0,0.007,0.054,0,0,0,0,0.063,0,0.032,0.058,0,0,0.003,0.064,0.1,0.195,0,0.144,0.363,0.403,0.206,0,0,0,0,0,0,0.036,0.047,0.012,0.05,0.003,0,0.014,0.029,0.004,0,0.021,0.033,0.074,0.011,0.286,0.461,0.532,0.196,0.033,0.009,0.04,0.005,0,0,0,0.043,0.079,0,0.019,0.005,0.038,0,0.08,0.027,0,0,0,0,0,0,0,0.106,0.335,0.779,0.764,0.421,0.061,0,0,0,0.007,0.019,0.038,0.001,0,0,0.096,0,0,0.129,0.039,0.026,0,0,0.08,0,0,0.021,0,0.016,0.341,0.675,0.715,0.447,0.002,0,0,0.038,0.026,0,0,0.019,0,0,0.005,0.078,0.03,0.006,0,0,0,0.016,0.021,0.107,0.005,0.105,0.201,0.104,0.236,0.369,0.329,0.24,0.025,0,0,0.001,0,0,0.05,0.09,0.009,0,0.021,0.039,0,0,0,0.02,0,0,0,0,0.252,0.544,0.521,0.396,0.079,0.01,0.005,0,0,0,0,0.09,0.034,0.06,0.048,0,0,0.004,0,0,0,0,0.01,0,0,0,0,0.016,0.361,0.793,0.843,0.551,0.219,0.028,0,0.047,0.059,0,0,0,0,0.017,0,0.024,0,0,0,0,0.026,0.095,0,0.002,0,0,0.001,0,0.364,0.548,0.7,0.323,0.031,0.024,0.072,0.004,0.045,0,0,0.031,0,0,0.026,0,0.01,0.068,0,0.023,0,0.009,0.085,0.05,0,0.213,0.244,0.151,0.003,0.246,0.332,0.173,0,0.02,0.018,0.008,0.033,0.01,0.051,0,0.015,0,0,0.053,0,0.014,0.03,0.005,0.003,0.037,0.068,0,0.159,0.519,0.671,0.425,0.067,0,0,0,0.03,0,0,0.045,0,0.004,0.053,0,0,0,0.002,0.037,0.005,0,0.096,0.007,0,0,0.057,0.005,0.346,0.817,1,0.55,0.16,0.049,0.056,0.016,0.03,0.032,0.032,0.104,0,0,0.006,0.064,0.016,0,0,0.022,0,0.094,0.018,0,0,0.055,0,0,0.25,0.457,0.686,0.474,0.09,0,0.011,0.052,0.008,0.035,0.025,0.006,0,0,0,0.043,0.064,0,0,0.01,0.053,0,0.098,0,0.05,0.263,0.325,0.27,0,0.282,0.345,0.169,0.124,0.282,0.325,0.153,0.065,0.257,0.286,0.132,0.13,0.239,0.228,0.042,0,0,0.055,0,0,0,0.064,0,0.168,0.504,0.686,0.543,0.296,0.489,0.752,0.467,0.327,0.527,0.713,0.417,0.382,0.612,0.632,0.433,0.393,0.652,0.658,0.3,0.049,0,0.014,0,0,0,0,0,0.167,0.622,0.909,0.645,0.347,0.637,0.861,0.668,0.27,0.852,0.903,0.545,0.36,0.694,0.803,0.427,0.382,0.904,0.736,0.449,0.076,0.09,0,0.007,0,0,0,0,0.138,0.441,0.581,0.482,0.16,0.427,0.591,0.394,0.176,0.518,0.518,0.338,0.298,0.538,0.643,0.37,0.329,0.615,0.609,0.295,0,0,0.039,0.054,0,0.012,0.106,0,0,0.057,0.311,0.184,0,0.149,0.233,0.082,0,0.149,0.175,0.115,0.054,0.232,0.179,0,0.033,0.243,0.247,0,0,0.058,0.039,0.016,0.032,0,0,0.037,0,0,0.085,0,0,0.032,0.038,0,0.019,0,0.025,0,0.038,0.065,0.069,0,0,0,0,0,0.029,0,0,0,0.033,0.02,0,0.057,0.033,0,0,0.028,0.015,0,0,0,0,0,0,0.046,0.012,0.02,0,0,0,0.005,0,0,0.059,0,0.013,0.022,0.002
3,0.037,0,0.006,0.055,0,0.177,0.228,0.222,0.064,0.195,0.251,0.181,0.154,0.276,0.104,0.074,0.236,0.162,0.059,0.231,0.254,0.158,0.025,0,0,0,0,0,0,0,0,0,0.273,0.485,0.639,0.421,0.331,0.612,0.549,0.335,0.448,0.65,0.529,0.395,0.646,0.559,0.267,0.505,0.538,0.445,0.153,0,0.027,0,0.108,0,0,0,0,0.008,0.158,0.711,0.939,0.538,0.496,0.811,0.724,0.383,0.674,1,0.674,0.4,0.745,0.844,0.373,0.573,0.846,0.661,0.24,0.043,0.083,0,0.087,0,0.057,0,0,0.014,0.169,0.518,0.604,0.366,0.427,0.604,0.582,0.332,0.451,0.686,0.482,0.363,0.568,0.639,0.243,0.565,0.621,0.54,0.181,0,0.029,0,0.035,0,0,0,0,0,0,0.218,0.307,0.172,0.07,0.216,0.132,0.07,0.189,0.263,0.218,0.23,0.406,0.395,0.219,0.189,0.291,0.132,0.016,0,0.028,0,0.051,0,0.032,0.044,0,0.016,0.047,0,0,0,0.018,0,0.03,0.052,0,0,0,0.414,0.797,0.708,0.34,0.029,0,0.022,0.083,0,0.077,0,0,0.03,0.057,0,0.004,0,0,0.01,0.048,0,0.045,0,0,0.039,0,0,0.051,0.395,0.808,0.736,0.368,0.007,0.031,0.083,0,0.088,0.073,0,0,0.018,0.006,0.018,0.044,0,0.063,0.004,0.064,0.013,0,0,0.045,0.006,0.125,0.278,0.187,0.305,0.392,0.447,0.285,0,0.02,0,0.035,0,0.016,0,0.016,0.112,0.004,0.008,0.009,0.004,0,0,0.062,0.018,0.041,0,0,0.171,0.492,0.6,0.341,0.205,0.06,0.061,0.018,0.043,0,0.043,0,0,0,0.009,0,0,0,0,0.071,0.089,0.054,0,0,0.012,0.01,0.043,0.001,0.268,0.668,0.975,0.595,0.233,0,0.041,0,0.068,0,0,0,0,0,0,0.061,0,0.052,0,0,0.143,0.034,0.058,0,0,0.06,0,0.026,0.188,0.534,0.696,0.537,0.243,0.018,0.072,0,0,0,0.068,0,0.048,0.008,0,0,0,0,0.046,0.002,0,0,0,0,0,0,0,0.063,0.038,0.116,0.26,0.225,0.174,0.297,0.335,0.199,0.071,0.069,0,0.028,0,0.019,0.019,0,0.011,0,0.02,0.008,0,0,0.039,0,0.127,0,0,0.031,0,0.006,0.026,0.077,0.455,0.691,0.789,0.43,0.128,0.043,0,0,0,0.078,0.002,0.036,0,0,0.002,0.075,0,0.06,0,0,0.001,0.027,0.06,0,0,0,0,0.078,0.328,0.706,0.697,0.474,0,0.044,0.067,0.016,0.057,0.07,0.009,0.019,0,0,0,0.031,0.002,0.088,0.003,0,0,0,0.042,0,0.038,0.003,0.056,0.076,0.289,0.461,0.325,0.287,0.106,0.264,0.099,0,0.057,0,0,0.028,0,0.026,0,0.064,0,0.023,0.018,0,0,0.04,0,0.033,0,0.073,0.095,0.012,0,0.019,0.122,0.079,0.483,0.6,0.557,0.127,0,0.001,0.051,0,0,0,0,0.058,0,0.015,0,0.007,0.017,0.03,0,0.041,0.018,0,0.053,0,0.007,0.04,0.052,0.289,0.751,0.842,0.618,0.252,0.02,0,0.019,0.076,0.028,0.051,0,0.027,0.108,0,0,0.003,0,0.009,0,0,0,0,0.049,0,0.041,0.041,0.133,0.158,0.541,0.821,0.661,0.28,0.037,0,0.052,0.013,0,0,0.046,0,0,0.06,0.299,0.332,0.268,0.005,0.02,0.037,0,0,0.02,0,0.035,0,0.004,0.05,0.176,0.383,0.184,0.055,0.015,0.059,0,0.014,0,0,0,0,0,0.254,0.549,0.717,0.458,0.32,0,0.023,0.028,0,0.019,0.011,0.027,0.03,0,0.146,0.538,0.796,0.596,0.204,0.012,0,0.001,0,0,0,0.075,0,0,0.288,0.682,0.955,0.629,0.154,0.001,0.032,0.043,0.015,0,0,0.009,0,0,0.083,0.645,0.866,0.622,0.291,0.095,0.018,0.014,0.031,0.083,0,0,0,0.063,0.193,0.5,0.502,0.415,0.094,0.202,0.094,0,0.093,0.193,0.092,0.146,0.164,0.093,0.097,0.468,0.51,0.262,0.17,0,0.047,0,0,0.073,0,0,0,0,0,0.029,0.165,0.138,0.31,0.491,0.452,0.216,0.454,0.532,0.337,0.337,0.509,0.608,0.338,0.014,0.188,0.07,0,0.049,0.002,0,0,0,0,0.126,0,0.092,0,0.038,0,0.067,0.391,0.776,0.746,0.377,0.578,0.984,0.58,0.381,0.683,0.831,0.421,0.045,0,0.046,0,0.023,0.057,0,0.041,0.041,0.016,0,0,0.036,0.071,0,0.006,0,0.356,0.758,0.668,0.291,0.556,0.745,0.598,0.301,0.778,0.704,0.39,0.072,0.004,0,0.062,0.019,0.037,0,0.009,0,0.066,0,0.025,0.108,0.046,0,0,0.034,0.154,0.318,0.205,0.169,0.278,0.349,0.223,0.085,0.381,0.305,0.153,0,0.009,0.091,0,0.071,0,0,0.085,0.035,0.082,0,0.116,0,0.023,0.055,0.094,0,0,0.002,0,0,0.004,0.016,0.052,0,0.024,0,0.01,0.002,0,0.005,0,0.037,0,0,0.016,0.07,0,0.034,0,0,0,0.038,0.011,0.037,0.019,0.03,0,0,0,0.008,0,0.023,0,0,0.063,0,0.031,0.017,0,0,0.036,0,0,0.048
4,0,0.038,0,0,0,0,0.068,0,0.009,0,0,0,0.028,0,0.055,0.302,0.33,0.287,0.002,0,0,0.037,0.029,0,0,0.039,0,0,0,0.038,0,0,0.034,0.049,0,0.014,0,0.053,0.041,0,0.013,0.066,0.317,0.524,0.696,0.502,0.256,0.041,0,0,0,0.083,0.034,0.005,0,0.006,0,0.026,0.01,0.079,0.026,0,0.009,0,0,0,0.005,0,0,0,0.25,0.674,0.883,0.575,0.219,0,0.074,0,0,0.012,0.039,0.022,0,0,0.026,0.027,0.056,0,0.059,0.035,0,0.037,0.008,0,0,0,0.146,0.188,0.164,0.46,0.535,0.37,0.07,0.011,0,0,0,0.013,0,0.025,0,0,0,0.048,0,0,0.072,0,0.024,0.052,0,0.02,0.02,0.267,0.59,0.583,0.2,0.438,0.57,0.444,0.143,0.037,0,0,0,0,0,0,0.073,0.043,0,0.044,0,0,0.047,0.019,0,0,0,0,0.097,0.405,0.851,0.7,0.415,0.737,0.973,0.658,0.227,0,0,0,0,0,0.028,0.005,0.009,0,0,0,0,0.08,0,0.047,0.023,0.037,0,0.025,0.051,0.513,0.681,0.554,0.437,0.537,0.617,0.44,0.061,0,0,0.001,0,0.035,0.084,0.032,0.023,0.034,0,0,0,0,0,0,0.07,0.043,0.37,0.463,0.332,0.002,0.299,0.195,0.127,0.375,0.403,0.259,0.115,0,0,0.027,0.023,0,0,0,0,0,0,0,0,0.04,0.003,0,0.063,0.121,0.612,0.819,0.591,0.246,0.01,0.158,0.345,0.563,0.808,0.585,0.126,0,0,0.026,0,0,0,0.095,0,0.031,0,0.093,0.07,0.01,0.049,0,0,0.207,0.552,0.858,0.572,0.177,0,0,0.241,0.71,0.776,0.459,0.223,0,0,0,0.012,0,0,0,0,0,0,0.102,0.025,0.014,0.013,0.267,0.323,0.148,0.342,0.543,0.344,0.06,0.007,0.046,0.142,0.502,0.421,0.438,0.018,0.081,0,0.036,0.005,0,0.02,0.059,0.089,0.059,0,0,0,0,0.314,0.528,0.711,0.39,0.059,0.109,0,0,0,0,0.245,0.583,0.718,0.456,0.185,0.04,0,0,0.017,0.027,0,0,0.045,0,0,0.021,0,0.057,0.282,0.722,0.867,0.48,0.126,0.05,0.02,0.004,0,0.015,0.36,0.722,0.987,0.585,0.21,0.048,0,0.052,0.044,0.012,0,0.033,0.019,0.019,0,0,0,0.033,0.34,0.505,0.581,0.42,0.019,0.079,0.085,0,0.067,0.131,0.249,0.6,0.716,0.412,0.083,0.123,0.135,0,0.04,0,0.029,0,0,0,0,0.147,0,0.005,0.231,0.505,0.379,0.253,0.455,0.432,0.497,0.281,0.453,0.523,0.316,0.42,0.48,0.371,0.375,0.521,0.408,0.138,0.046,0.007,0,0.085,0.028,0.044,0,0,0.061,0.1,0.418,0.752,0.814,0.443,0.561,0.807,0.604,0.434,0.859,0.701,0.46,0.631,0.838,0.558,0.542,0.801,0.642,0.31,0.014,0,0.083,0.039,0.026,0.05,0.009,0,0.006,0.055,0.361,0.695,0.666,0.46,0.598,0.745,0.588,0.342,0.678,0.66,0.451,0.642,0.659,0.432,0.472,0.805,0.64,0.304,0,0,0,0.064,0.019,0.004,0,0,0,0,0.131,0.364,0.344,0.085,0.284,0.436,0.312,0.237,0.304,0.308,0.247,0.261,0.448,0.313,0.291,0.391,0.359,0.164,0,0,0.003,0,0.117,0.015,0.143,0,0,0.032,0.007,0.038,0.012,0.105,0,0.029,0.08,0.008,0.021,0,0.221,0.549,0.699,0.474,0.141,0,0,0.005,0.018,0.017,0.01,0.05,0.089,0.022,0.056,0.052,0,0,0,0,0.029,0,0,0.027,0,0.102,0.096,0.084,0.284,0.651,0.89,0.557,0.204,0.045,0.049,0.029,0.032,0.098,0,0,0.025,0.033,0.052,0,0,0.048,0,0.069,0,0.055,0.036,0,0,0.002,0,0.035,0.119,0.444,0.47,0.444,0.061,0.003,0,0,0,0.058,0.101,0.06,0,0.058,0,0.005,0,0.023,0.021,0,0.007,0,0,0,0,0.075,0,0,0.224,0.408,0.547,0.325,0.12,0.003,0.016,0,0.043,0,0,0,0.056,0,0.053,0.06,0,0,0.001,0.069,0.015,0.024,0,0,0.017,0.014,0,0,0.311,0.768,0.911,0.589,0.195,0,0,0.042,0,0,0.035,0.066,0.037,0.023,0.126,0.056,0,0,0.051,0.032,0,0,0,0,0,0.028,0,0,0.286,0.535,0.66,0.486,0.156,0,0.038,0.015,0.012,0,0.071,0,0,0.116,0,0,0,0,0,0.052,0.028,0.08,0,0,0,0.019,0.043,0,0.03,0.281,0.411,0.173,0.063,0.073,0.032,0.045,0.066,0,0.004,0,0,0.054,0,0,0,0,0,0.043,0,0.003,0.022,0.045,0,0,0,0.04,0.036,0,0,0,0,0,0.033,0,0.006,0.008,0.048,0,0,0,0,0,0,0.05,0,0,0,0.028,0,0.026,0.031,0.037,0.045,0,0,0,0.056,0,0,0.076,0,0,0,0,0.073,0,0.011,0.006,0,0.045,0,0,0.069,0,0.086,0,0.012,0.08,0.001,0,0.009,0,0.006,0,0.057,0,0.047,0.043,0.003,0,0.046,0.001,0,0.09,0,0.083
5,0,0.027,0.073,0.219,0.577,0.779,0.574,0.249,0.587,0.808,0.674,0.27,0.699,0.891,0.599,0.387,0.661,0.863,0.509,0.348,0.808,0.769,0.471,0.193,0.002,0,0,0.015,0.015,0.046,0,0.114,0.312,0.475,0.435,0.136,0.337,0.546,0.469,0.136,0.461,0.503,0.352,0.25,0.487,0.427,0.297,0.298,0.499,0.487,0.292,0,0,0,0,0,0,0.075,0.097,0.048,0.283,0.439,0.26,0.132,0.118,0.152,0.104,0.018,0.148,0.168,0,0.078,0.164,0.137,0.016,0.067,0.081,0.114,0.029,0,0.05,0.052,0,0,0.129,0.013,0,0.175,0.518,0.788,0.672,0.22,0,0.058,0.076,0.017,0.016,0.146,0.081,0,0,0.05,0,0,0,0,0.072,0,0,0.166,0,0,0,0,0,0.07,0.581,0.841,0.671,0.26,0,0,0,0.006,0.057,0.017,0.054,0.024,0.09,0,0.083,0.024,0,0,0.011,0,0.017,0,0,0,0,0,0.076,0.05,0.354,0.4,0.397,0.125,0,0.098,0.019,0,0.102,0.096,0.059,0,0.098,0.097,0,0,0,0.06,0.035,0.04,0.036,0.027,0.056,0,0,0,0,0.024,0.28,0.49,0.53,0.17,0.365,0.551,0.398,0.133,0.427,0.571,0.316,0.173,0.382,0.405,0.262,0.05,0,0,0,0,0,0,0.012,0,0,0,0.035,0.183,0.458,0.855,0.648,0.299,0.559,0.874,0.595,0.189,0.605,0.9,0.616,0.308,0.878,0.838,0.477,0.08,0,0.015,0,0,0,0.089,0.058,0.097,0,0.091,0,0.113,0.613,0.834,0.657,0.276,0.536,0.782,0.55,0.244,0.588,0.821,0.6,0.334,0.595,0.676,0.503,0.082,0,0.052,0.003,0,0,0,0,0,0,0,0,0,0.327,0.327,0.341,0.068,0.277,0.454,0.32,0.129,0.304,0.34,0.209,0.038,0.358,0.344,0.232,0,0.096,0.087,0.025,0,0.037,0,0,0,0.001,0.036,0,0,0,0,0.027,0,0,0,0.015,0.014,0.067,0.036,0,0,0.103,0,0.053,0.236,0.516,0.663,0.382,0.047,0.03,0.054,0,0,0.073,0,0.069,0.035,0,0,0.02,0,0.001,0,0,0.079,0.014,0.112,0.028,0,0.048,0,0.016,0.31,0.784,0.907,0.396,0.087,0,0.043,0.074,0,0,0.097,0.026,0.025,0.027,0,0.004,0,0,0,0.053,0.057,0.114,0,0,0,0.09,0.025,0.019,0.39,0.631,0.794,0.422,0.057,0.022,0,0,0.11,0,0,0,0,0.006,0,0,0.037,0,0,0,0.058,0.072,0,0,0,0,0.038,0.068,0.197,0.366,0.24,0.125,0.011,0,0,0,0.017,0.006,0.037,0.027,0,0,0.045,0.015,0,0.009,0.044,0,0,0,0.061,0.035,0.034,0,0,0.019,0.252,0.528,0.548,0.327,0.015,0,0.086,0.05,0.017,0,0.047,0,0.003,0,0,0,0,0.007,0.005,0,0,0,0.054,0.035,0,0,0.01,0.08,0.424,0.789,0.795,0.497,0.123,0.018,0,0.024,0.056,0,0,0,0.051,0,0.073,0,0.02,0.014,0.006,0.001,0.003,0,0,0,0.075,0.03,0.026,0.004,0.341,0.618,0.565,0.465,0.142,0,0.116,0,0.001,0,0.007,0.017,0.065,0.174,0.245,0.194,0.054,0.011,0.063,0.028,0,0,0,0,0.005,0.032,0.02,0.041,0.109,0.298,0.451,0.034,0.037,0.012,0.037,0,0.016,0.045,0.001,0,0.171,0.515,0.673,0.569,0.159,0,0,0.008,0,0,0.036,0.042,0.022,0.015,0,0.069,0.319,0.635,0.665,0.373,0.053,0.049,0,0.093,0,0,0,0,0.108,0.516,0.844,0.624,0.318,0.003,0.011,0.095,0.036,0,0,0,0.041,0.008,0.057,0,0.45,0.754,0.842,0.404,0.115,0.015,0.032,0,0,0.015,0,0.015,0.132,0.385,0.644,0.551,0.234,0,0,0,0,0.055,0,0,0,0,0,0,0.354,0.542,0.587,0.445,0.064,0,0,0,0,0,0,0.005,0.007,0.055,0.199,0.257,0.026,0.182,0.261,0.199,0,0.255,0.406,0.216,0.141,0.2,0.374,0.217,0.08,0.064,0.153,0.146,0,0.115,0,0,0,0,0,0.01,0.074,0,0.067,0.005,0.107,0.519,0.65,0.545,0.276,0.581,0.688,0.492,0.24,0.606,0.731,0.394,0.157,0.021,0,0,0,0.008,0.029,0,0.014,0,0.08,0.048,0,0.014,0.005,0.011,0.29,0.515,0.919,0.644,0.226,0.718,0.902,0.563,0.274,0.714,0.942,0.532,0.163,0.009,0.011,0.075,0.076,0.015,0.084,0,0.02,0.023,0.048,0.034,0.01,0.044,0,0.051,0.123,0.369,0.563,0.491,0.101,0.428,0.552,0.442,0.29,0.444,0.536,0.331,0.065,0,0.022,0,0.047,0,0.056,0.043,0,0.002,0,0,0,0,0,0,0.078,0.08,0.212,0.2,0,0.159,0.22,0.051,0.004,0.223,0.116,0.089,0.01,0.003,0,0,0.009,0.068,0,0.02,0,0,0.035,0.002,0.012,0,0,0,0.046,0.037,0.025,0,0,0,0.03,0,0,0,0.091,0,0.043,0.048,0,0.058,0,0.096,0,0,0.004,0,0.117,0,0,0.065,0,0.017,0.026,0.011,0,0,0.025,0,0,0,0.011,0,0.012,0.03,0,0.011,0.007,0.044,0,0.009,0,0,0.042
6,0,0,0,0,0,0.017,0.043,0,0,0.148,0.539,0.807,0.722,0.304,0.552,0.862,0.722,0.342,0.04,0.071,0,0,0.059,0.089,0,0.075,0.037,0,0.026,0,0,0.073,0,0,0,0,0.013,0.108,0.418,0.572,0.453,0.219,0.38,0.553,0.509,0.207,0.027,0,0,0.009,0.011,0.06,0.018,0.011,0,0,0,0,0.054,0,0,0.024,0.204,0.262,0.31,0.093,0.138,0.153,0.241,0,0.082,0.175,0.146,0,0.058,0.031,0.06,0.05,0.053,0.064,0,0,0.003,0,0,0,0,0,0,0.121,0.382,0.669,0.547,0.402,0,0.008,0,0.051,0.025,0,0.046,0.031,0.026,0.03,0,0.006,0.027,0.077,0,0.002,0.025,0.072,0.003,0.061,0,0,0.084,0.177,0.512,0.898,0.677,0.307,0.001,0,0.074,0,0,0,0.004,0.023,0,0,0.001,0,0,0.022,0.049,0,0.032,0.074,0,0.067,0,0,0.013,0,0.338,0.589,0.533,0.261,0.115,0.012,0,0,0,0.038,0,0.056,0,0,0.033,0,0,0.002,0.102,0.008,0.061,0.071,0.001,0.008,0.236,0.369,0.383,0.17,0.088,0.264,0.177,0,0,0.049,0.011,0.037,0.042,0,0,0.024,0,0,0,0,0,0,0,0,0.09,0.053,0,0.058,0.453,0.68,0.618,0.283,0,0.07,0.109,0,0.035,0,0,0,0.009,0,0,0.037,0,0,0,0.006,0,0.068,0,0.012,0.016,0,0.012,0.135,0.462,0.914,0.716,0.422,0,0,0,0.039,0,0.037,0,0,0.03,0.011,0,0,0,0.033,0.026,0,0,0,0,0,0,0.006,0,0.031,0.351,0.533,0.533,0.278,0,0,0,0,0.067,0.044,0,0.035,0,0,0,0,0,0.082,0.014,0,0.109,0.055,0,0.06,0.012,0,0.068,0,0.245,0.362,0.332,0.222,0.233,0.349,0.301,0.076,0.186,0.384,0.395,0.076,0.267,0.414,0.258,0.045,0,0,0,0.052,0,0,0,0.028,0.027,0,0.046,0.011,0.428,0.735,0.643,0.275,0.491,0.739,0.574,0.373,0.482,0.731,0.68,0.321,0.484,0.611,0.634,0.274,0.023,0.026,0,0.009,0.031,0,0.026,0.037,0,0.017,0,0.106,0.441,0.74,0.772,0.33,0.55,0.785,0.666,0.374,0.614,0.829,0.719,0.329,0.667,0.792,0.657,0.345,0.081,0,0.025,0.064,0.008,0.084,0,0,0,0.001,0,0.018,0.318,0.498,0.472,0.157,0.302,0.549,0.495,0.186,0.307,0.578,0.386,0.043,0.284,0.483,0.346,0.167,0.003,0,0.048,0,0.105,0,0,0,0.075,0,0.068,0.072,0.204,0.437,0.492,0.184,0,0.184,0.069,0,0.051,0.079,0.134,0.024,0.115,0.119,0.028,0,0.36,0.399,0.292,0.127,0,0,0,0,0.011,0.011,0.002,0.087,0.528,0.789,0.73,0.387,0,0,0.045,0.051,0,0.077,0,0.049,0.021,0,0,0.203,0.514,0.761,0.502,0.282,0.011,0,0,0.033,0.088,0.022,0.132,0.158,0.53,0.755,0.686,0.397,0.042,0,0.096,0.026,0.043,0.019,0.067,0,0.035,0,0,0.162,0.536,0.8,0.663,0.262,0.021,0,0.014,0,0,0.005,0.018,0.007,0.245,0.433,0.384,0.169,0,0,0,0,0,0,0,0.075,0,0,0,0.12,0.355,0.505,0.453,0.032,0,0.04,0,0.048,0,0,0,0.024,0.239,0.408,0.36,0.176,0.025,0.035,0,0.015,0.03,0.015,0,0,0,0,0,0.072,0.31,0.416,0.409,0.038,0,0.022,0.058,0,0.014,0,0,0.172,0.513,0.815,0.788,0.403,0,0,0,0.011,0,0,0,0,0,0.036,0,0.232,0.558,0.812,0.591,0.258,0,0.045,0.044,0.028,0,0,0.011,0.159,0.43,0.814,0.7,0.4,0.051,0.084,0,0.017,0,0,0,0.009,0.048,0.026,0,0.301,0.568,0.858,0.639,0.252,0,0.007,0,0,0.018,0.025,0.042,0,0.184,0.42,0.349,0.193,0,0.028,0.08,0.074,0,0.067,0.093,0.043,0.073,0.07,0.062,0.024,0.315,0.377,0.396,0.111,0,0.032,0.001,0.069,0.018,0.023,0.048,0.005,0,0.081,0.003,0,0.276,0.431,0.455,0.104,0.334,0.419,0.34,0.061,0.297,0.447,0.312,0.144,0,0.009,0,0.116,0.032,0.001,0,0,0.116,0.023,0.002,0.065,0.063,0.033,0,0.147,0.487,0.874,0.733,0.323,0.469,0.931,0.736,0.282,0.525,0.734,0.637,0.328,0,0.043,0.067,0.018,0.07,0.006,0,0.025,0,0,0,0.111,0.019,0.004,0,0.146,0.438,0.785,0.557,0.334,0.583,0.82,0.68,0.246,0.524,0.796,0.585,0.302,0,0,0,0.012,0.006,0.03,0.025,0,0,0,0.042,0,0,0,0.021,0,0.25,0.472,0.309,0.172,0.275,0.436,0.289,0.169,0.264,0.403,0.351,0,0,0,0,0.096,0,0,0.097,0.018,0.014,0.003,0,0.003,0.036,0,0,0.01,0.063,0.063,0.025,0,0,0.073,0,0,0,0.016,0.069,0,0.013,0.005,0,0.066,0.001,0,0,0.015,0.07,0.031,0,0,0,0,0,0.055,0.005,0.032,0,0.042,0,0,0,0,0.003,0,0,0,0,0.01,0.016,0.068,0,0.035,0,0,0.016,0
7,0.019,0,0.392,0.696,0.752,0.419,0.513,0.725,0.621,0.324,0.76,0.705,0.363,0.607,0.794,0.453,0.526,0.748,0.774,0.411,0.071,0,0.025,0,0,0.11,0.135,0.013,0,0,0.489,0.677,0.772,0.478,0.607,0.8,0.512,0.3,0.723,0.705,0.445,0.555,0.777,0.511,0.463,0.657,0.759,0.304,0,0,0,0.066,0,0.042,0,0,0.041,0,0.14,0.308,0.366,0.236,0.386,0.479,0.284,0.175,0.452,0.374,0.212,0.257,0.401,0.27,0.22,0.399,0.364,0.22,0,0,0,0,0,0.013,0.054,0.103,0.018,0,0,0.01,0.03,0.08,0,0.156,0.035,0.017,0.124,0.119,0,0,0.132,0.041,0.491,0.613,0.611,0.301,0.047,0.083,0.036,0.044,0,0.036,0,0.038,0.068,0.001,0.056,0.042,0,0.058,0,0.055,0.049,0.044,0,0,0,0,0,0.103,0.464,0.814,0.856,0.43,0,0.039,0.045,0,0,0,0,0,0.003,0.021,0,0.026,0,0.048,0.057,0,0,0.024,0.048,0.006,0.109,0.097,0.165,0,0.357,0.507,0.6,0.266,0,0,0.064,0,0.065,0.04,0,0,0,0.06,0.083,0,0,0,0,0.01,0,0,0,0,0.068,0.417,0.542,0.42,0.111,0.236,0.175,0.019,0,0,0.077,0.016,0,0,0.101,0.106,0.034,0,0,0,0,0.049,0,0,0.024,0,0,0.047,0.265,0.585,0.921,0.548,0.208,0.043,0,0,0.011,0.006,0.041,0.103,0.053,0.08,0.011,0,0.096,0,0,0.011,0.033,0.036,0,0.022,0,0.045,0.019,0,0.254,0.663,0.639,0.62,0.168,0,0.002,0,0.057,0.043,0,0,0.06,0.011,0.049,0,0,0,0,0.005,0,0,0.114,0,0,0.126,0.286,0.318,0.039,0.276,0.468,0.348,0.022,0,0,0.019,0,0,0.009,0.067,0,0,0.045,0.008,0.107,0,0,0.02,0,0,0.006,0,0.049,0.404,0.665,0.661,0.381,0.016,0.085,0,0.06,0.055,0,0.088,0.038,0,0.028,0,0,0.029,0.054,0,0.14,0,0,0.003,0,0,0.066,0,0.051,0.434,0.807,0.829,0.425,0.145,0.068,0,0,0.06,0,0,0.054,0,0.128,0,0.055,0,0,0.012,0.006,0,0,0.035,0,0.075,0.046,0.226,0.066,0.353,0.541,0.479,0.321,0.055,0.003,0.024,0,0.105,0,0.037,0.044,0.077,0,0,0,0,0,0,0,0,0.028,0.049,0.093,0.202,0.358,0.447,0.334,0.116,0.122,0.203,0,0,0,0.025,0,0,0,0.071,0,0,0.007,0,0,0,0,0,0,0.035,0.086,0,0,0.223,0.632,0.924,0.624,0.247,0.089,0.02,0.001,0.079,0.103,0,0,0.034,0.038,0.039,0.017,0.003,0,0.038,0,0,0.043,0,0.028,0.13,0,0.054,0.003,0.144,0.541,0.711,0.549,0.21,0.028,0,0.022,0,0,0,0,0.046,0.013,0.026,0.062,0.003,0.011,0,0,0.036,0.017,0.028,0,0,0.108,0,0.01,0.01,0.148,0.278,0.297,0.08,0.025,0,0,0,0,0.093,0,0,0,0,0.02,0.022,0,0.078,0,0.034,0,0,0,0.111,0.024,0.013,0.009,0.204,0.436,0.682,0.621,0.225,0,0.021,0.072,0.004,0.004,0,0,0,0,0.017,0,0,0,0.032,0,0,0.122,0.002,0,0.134,0,0.048,0.011,0.193,0.639,0.862,0.574,0.284,0,0,0.014,0,0.033,0,0.036,0.012,0.044,0.078,0.035,0,0,0.049,0.042,0.035,0,0,0,0,0.037,0.089,0.076,0.069,0.292,0.518,0.378,0.143,0.046,0.012,0,0.009,0,0.022,0,0.108,0,0.079,0.068,0,0.094,0,0,0.167,0,0,0.04,0,0,0,0,0.135,0.381,0.453,0.436,0.213,0.134,0,0.037,0.027,0,0.054,0.024,0,0,0,0.059,0,0.001,0.024,0,0,0.055,0,0.079,0,0.015,0,0,0.187,0.545,0.972,0.718,0.203,0,0.005,0.011,0,0,0.038,0,0,0,0,0.019,0,0,0,0,0,0,0.034,0.016,0,0,0.062,0,0.157,0.512,0.699,0.606,0.258,0.085,0,0,0,0.008,0,0.02,0,0.126,0,0,0.004,0.047,0.012,0.036,0.022,0.069,0.002,0,0,0,0.034,0,0.025,0.255,0.242,0.167,0.056,0,0.043,0.015,0,0.012,0.004,0.015,0.14,0.039,0.018,0.102,0.075,0,0.047,0.036,0,0,0,0,0.043,0.007,0.001,0.042,0.096,0,0,0,0.071,0,0,0,0,0,0.02,0.008,0.047,0,0,0.067,0,0.075,0.021,0,0.015,0.021,0,0,0.11,0.018,0.035,0,0.083,0,0.008,0,0,0,0.043,0.127,0,0,0,0,0.023,0.005,0,0.01,0.005,0.02,0,0.012,0.014,0.016,0.028,0,0.039,0,0.007,0.052,0.039,0,0,0.058,0.008,0,0.002,0,0.046,0.005,0.004,0,0.047,0.15,0,0.059,0.142,0,0.003,0,0.05,0,0.012,0.1,0.019,0.027,0.057,0.026,0,0.029,0.058,0.045,0.022,0.065,0.003,0,0.028,0,0,0.034,0.025,0,0.005,0.027,0,0.028,0.118,0.032,0,0,0
8,0.058,0,0,0.036,0.03,0,0.185,0.556,0.825,0.574,0.242,0.7,0.765,0.58,0.407,0.677,0.771,0.44,0.154,0.006,0,0.031,0,0.039,0,0,0.098,0.058,0,0.002,0,0.058,0.166,0.134,0.012,0.359,0.48,0.299,0.178,0.34,0.499,0.365,0.14,0.376,0.402,0.238,0,0.193,0,0,0.078,0.017,0,0.067,0,0,0.039,0.013,0.061,0.231,0.564,0.495,0.305,0.053,0.038,0.036,0.047,0.018,0.069,0.05,0,0.012,0.078,0,0.358,0.495,0.447,0.192,0.006,0.044,0,0,0.04,0,0.003,0.034,0.122,0.524,0.821,0.726,0.358,0.1,0,0.104,0.012,0.013,0,0,0.048,0.028,0.007,0.061,0.514,0.806,0.736,0.401,0,0,0.022,0,0,0.007,0,0.005,0.098,0.462,0.688,0.586,0.34,0,0,0,0.052,0.003,0.015,0,0,0,0,0.038,0.397,0.734,0.704,0.305,0.062,0,0.063,0.007,0.057,0.048,0,0,0.056,0.214,0.409,0.35,0.131,0.015,0.081,0.045,0,0,0,0.051,0,0,0,0.034,0.233,0.357,0.247,0.174,0.08,0,0,0,0,0.127,0.047,0,0.005,0.39,0.548,0.56,0.254,0.008,0.02,0.023,0.057,0,0,0,0,0.031,0,0.063,0.352,0.604,0.566,0.32,0,0,0,0,0.019,0.041,0,0,0.108,0.527,0.839,0.8,0.468,0,0,0.141,0.13,0,0,0.095,0,0,0.079,0.111,0.495,0.741,0.815,0.404,0,0,0.029,0,0.046,0,0.08,0.047,0.106,0.424,0.632,0.591,0.24,0,0.072,0.009,0.022,0.044,0.087,0,0.013,0.028,0,0,0.446,0.668,0.636,0.244,0.06,0,0,0,0.007,0,0,0,0,0.148,0.271,0.22,0.076,0.177,0.373,0.183,0.088,0.214,0.315,0.244,0.016,0.321,0.282,0.05,0.132,0.209,0.198,0.071,0,0,0,0,0,0,0,0.003,0.058,0,0.102,0,0.251,0.552,0.717,0.616,0.191,0.503,0.704,0.455,0.425,0.511,0.64,0.4,0.121,0.075,0,0.07,0,0.006,0,0,0,0.018,0,0.042,0.055,0.042,0.046,0.077,0.266,0.561,0.938,0.706,0.309,0.656,0.95,0.681,0.356,0.817,0.805,0.577,0.113,0,0,0,0,0,0.027,0.016,0.028,0,0,0.031,0,0.061,0.014,0.031,0.123,0.426,0.574,0.505,0.223,0.503,0.646,0.455,0.208,0.498,0.514,0.333,0.055,0,0.032,0.1,0.045,0.016,0,0,0,0.022,0,0,0.004,0.223,0.366,0.293,0.128,0.079,0.207,0.188,0,0.07,0.169,0.153,0,0.226,0.166,0.018,0.214,0.379,0.418,0.214,0.033,0,0.01,0,0,0,0,0,0.097,0.398,0.681,0.718,0.319,0,0,0,0.009,0,0,0.076,0.09,0.058,0,0.125,0.392,0.69,0.67,0.418,0,0.01,0.014,0,0.032,0.051,0,0.046,0.136,0.488,0.808,0.72,0.373,0.003,0,0,0,0.064,0.013,0,0.047,0.006,0,0.072,0.497,0.795,0.731,0.419,0.032,0,0.042,0.021,0,0,0,0,0.076,0.308,0.567,0.396,0.158,0.072,0.022,0.008,0.028,0,0,0.02,0,0,0,0,0.323,0.472,0.487,0.255,0.015,0,0,0,0.043,0.099,0,0.001,0.063,0.295,0.408,0.507,0.245,0,0.066,0.019,0.077,0,0,0,0.077,0,0.037,0.068,0.274,0.476,0.454,0.156,0.054,0.085,0,0,0.017,0,0.05,0.001,0.122,0.427,0.696,0.759,0.332,0.031,0,0.002,0,0,0.018,0.032,0.011,0.055,0.066,0.091,0.398,0.781,0.728,0.349,0.082,0.068,0,0.014,0,0.037,0.015,0,0.078,0.491,0.791,0.539,0.354,0.038,0.039,0,0.031,0,0,0.025,0,0.081,0,0.172,0.474,0.726,0.692,0.38,0.021,0.019,0.002,0.017,0.036,0,0,0.011,0.021,0.277,0.442,0.412,0.186,0.049,0.186,0.089,0.085,0.077,0.15,0.03,0,0.078,0.191,0.106,0.151,0.394,0.441,0.162,0.086,0.062,0,0,0.053,0.048,0.025,0,0.061,0.088,0.026,0.057,0.015,0.498,0.617,0.423,0.255,0.429,0.564,0.434,0.24,0.529,0.62,0.342,0,0.078,0.009,0,0.033,0,0.062,0,0.05,0,0,0.085,0,0,0,0.074,0.212,0.622,0.953,0.701,0.306,0.637,0.951,0.581,0.422,0.926,0.818,0.472,0.209,0.085,0,0,0.044,0.028,0,0,0,0,0.073,0,0.035,0,0,0.043,0.199,0.57,0.63,0.523,0.195,0.491,0.806,0.472,0.39,0.564,0.673,0.369,0.128,0.021,0.056,0,0,0.028,0,0,0.024,0.017,0,0,0.001,0.026,0.102,0,0.058,0.234,0.27,0.292,0,0.323,0.346,0.125,0.034,0.279,0.258,0.225,0.06,0.011,0.062,0.051,0,0,0,0,0,0.074,0.018,0.049,0,0.015,0.057,0.066,0.083,0,0,0.075,0,0,0,0,0.062,0.046,0,0,0.087,0.038,0,0,0.073,0,0,0,0,0,0.028,0,0.067,0.009,0,0,0.011,0,0,0,0,0,0,0,0.053,0,0,0.009,0.012,0.057,0,0,0,0,0.053,0.026,0,0.05,0,0.075,0,0,0,0.062,0,0,0,0,0,0.054,0,0,0,0.012,0.053,0.001,0.012,0,0.016,0.077,0.003,0,0,0,0.015,0.085
9,0,0.003,0.022,0,0.04,0.185,0.397,0.788,0.695,0.348,0.551,0.854,0.683,0.26,0.642,0.832,0.482,0.269,0.031,0.05,0,0.127,0,0.056,0.065,0.018,0.039,0.023,0,0,0,0.057,0.036,0.057,0.301,0.44,0.402,0.238,0.397,0.494,0.34,0.098,0.434,0.513,0.349,0.031,0.031,0.158,0,0,0.048,0.055,0.002,0.074,0,0,0,0.068,0.222,0.43,0.445,0.309,0.026,0.14,0.064,0,0,0.087,0.036,0.056,0.125,0.188,0,0.259,0.496,0.405,0.285,0.061,0.004,0.125,0,0.072,0.046,0.047,0.055,0.067,0.389,0.713,0.745,0.467,0.042,0.07,0.026,0,0,0.033,0.061,0,0,0,0.07,0.339,0.818,0.689,0.49,0.057,0,0.006,0,0,0.044,0,0,0,0.34,0.63,0.73,0.421,0.026,0.011,0.019,0,0,0.082,0,0.057,0,0,0.021,0.302,0.774,0.764,0.399,0.108,0.108,0.047,0.049,0.086,0.08,0,0.067,0,0.245,0.429,0.341,0.291,0.1,0.08,0,0.064,0.041,0,0,0.027,0,0.067,0.042,0.259,0.286,0.326,0.262,0.03,0,0.043,0,0,0,0,0.058,0,0.346,0.5,0.614,0.319,0,0.058,0.03,0.039,0,0.028,0,0.007,0,0,0,0.312,0.604,0.571,0.34,0.013,0,0,0,0.062,0,0.082,0,0.079,0.416,0.72,0.776,0.509,0.057,0.001,0,0,0.055,0.022,0,0.052,0.034,0,0.01,0.456,0.784,0.931,0.488,0.115,0.062,0,0.004,0,0,0.044,0.004,0.102,0.349,0.552,0.609,0.515,0.035,0,0,0,0.017,0.05,0,0.029,0,0.001,0,0.337,0.639,0.636,0.472,0.022,0,0,0,0,0,0,0.087,0.069,0.166,0.242,0.258,0.121,0.116,0.24,0.236,0.056,0.219,0.347,0.231,0.039,0.278,0.301,0.124,0.08,0.303,0.258,0.082,0.007,0,0,0,0.003,0.045,0.049,0.04,0,0,0.027,0.039,0.094,0.49,0.678,0.542,0.329,0.545,0.739,0.527,0.162,0.591,0.785,0.442,0.324,0.608,0.695,0.343,0.017,0,0,0.028,0.068,0.017,0,0,0.028,0.17,0,0.017,0.124,0.511,0.857,0.755,0.334,0.633,1,0.652,0.307,0.717,0.976,0.659,0.395,0.755,0.782,0.54,0.016,0.049,0.001,0,0.063,0.023,0.02,0.046,0.078,0.025,0,0.019,0.011,0.343,0.571,0.51,0.234,0.498,0.499,0.449,0.115,0.466,0.587,0.325,0.199,0.613,0.536,0.34,0,0.078,0.094,0,0,0.009,0,0.001,0,0,0,0,0,0.036,0.191,0.26,0.027,0.073,0.222,0.142,0,0.218,0.263,0.107,0.111,0.297,0.39,0.267,0,0,0,0,0,0.036,0.056,0.074,0,0.008,0.132,0,0.072,0,0.142,0.062,0.058,0,0.021,0,0,0,0,0.073,0.27,0.608,0.684,0.473,0.08,0.002,0.026,0,0,0.026,0,0.032,0,0,0,0.043,0.072,0,0,0,0,0.041,0.118,0.088,0,0.07,0,0.045,0.364,0.736,0.789,0.447,0.111,0.033,0,0,0,0.085,0,0.02,0,0,0.016,0,0.021,0,0,0,0,0.044,0,0,0,0.087,0.08,0.071,0.317,0.448,0.448,0.292,0,0.017,0,0.056,0,0.051,0,0,0.004,0.003,0.052,0.084,0,0,0.015,0,0.006,0,0.077,0,0.12,0.448,0.474,0.297,0.139,0.012,0.197,0.122,0.001,0.012,0,0.015,0,0,0.057,0.066,0,0.028,0.022,0,0,0,0.028,0,0,0,0.002,0,0.256,0.659,0.814,0.544,0.197,0,0.004,0,0.025,0,0,0,0,0,0.018,0.031,0.04,0,0.016,0,0.038,0,0.045,0,0,0,0,0.063,0.301,0.596,0.865,0.602,0.15,0,0,0.013,0,0.04,0,0.06,0,0.009,0,0.035,0,0.035,0,0.046,0.084,0.056,0.239,0.187,0,0.139,0.14,0.108,0.123,0.286,0.33,0.198,0,0,0.057,0.06,0,0,0.03,0.042,0,0,0.15,0.091,0,0,0,0.025,0.077,0.294,0.481,0.413,0.292,0.382,0.568,0.423,0.174,0,0.038,0.01,0.031,0,0,0,0.011,0.092,0,0,0.011,0.003,0.009,0.064,0.057,0,0.041,0.077,0.116,0.484,0.873,0.728,0.368,0.642,0.966,0.697,0.296,0,0,0,0.045,0.019,0,0.074,0.041,0,0,0.028,0,0,0.025,0,0,0.031,0,0,0.093,0.44,0.633,0.617,0.354,0.508,0.608,0.491,0.173,0.111,0.009,0.06,0,0.027,0,0.045,0,0.018,0.03,0,0.022,0,0.017,0,0.008,0.054,0.045,0.075,0,0.188,0.335,0.265,0.1,0.097,0.365,0.201,0.032,0.015,0,0,0,0.004,0.033,0,0,0.02,0.035,0.012,0,0.015,0,0.038,0,0.037,0,0,0.054,0,0,0,0.019,0.015,0,0,0.048,0.007,0.082,0.027,0.074,0.071,0.068,0.035,0,0.009,0,0.064,0.06,0,0.055,0,0,0.082,0,0,0.043,0.014,0,0.003,0.065,0.016,0,0,0,0,0,0,0,0.071,0.041,0.073,0,0.016,0.006,0.043,0,0,0.058,0,0.028,0.053,0,0,0,0.019,0.04,0.051,0,0.006,0.066,0.021,0,0,0,0.013,0,0.057,0.023,0.071,0.013,0.045,0.003,0.026,0,0.04,0
0,0.081,0,0,0,0.059,0.044,0.09,0.28,0.525,0.495,0.303,0.219,0.489,0.332,0.204,0.469,0.563,0.312,0.061,0.021,0,0.021,0.048,0,0,0,0.036,0,0.084,0,0.032,0.002,0.022,0.058,0.056,0.386,0.821,0.813,0.441,0.538,0.854,0.734,0.276,0.667,0.805,0.513,0.197,0.03,0,0,0,0.047,0,0.053,0.098,0.013,0,0.091,0.108,0,0,0,0.08,0.391,0.739,0.742,0.376,0.574,0.771,0.551,0.291,0.61,0.735,0.544,0.145,0,0.024,0.029,0,0,0.009,0.03,0.056,0,0,0.057,0.059,0,0.275,0.233,0.122,0.202,0.279,0.378,0.204,0.315,0.498,0.341,0.135,0.303,0.412,0.205,0.115,0.248,0.251,0.003,0,0.003,0.011,0,0.002,0.04,0,0,0,0.248,0.439,0.606,0.357,0.07,0,0.011,0,0,0,0.025,0,0.04,0.021,0,0.357,0.582,0.624,0.257,0,0,0,0.014,0,0.076,0,0,0,0.291,0.684,0.857,0.508,0.216,0,0.057,0.067,0.029,0,0.006,0.037,0,0.009,0.032,0.445,0.821,0.764,0.443,0,0,0,0.011,0.016,0,0.025,0.006,0.066,0.238,0.397,0.655,0.513,0.11,0,0,0,0.068,0,0,0.038,0.01,0,0.125,0.322,0.597,0.589,0.301,0.041,0,0.057,0,0,0,0,0.008,0.08,0.066,0.271,0.363,0.341,0.034,0,0.014,0.035,0,0,0.051,0.163,0.242,0.271,0.261,0.141,0.379,0.401,0.145,0,0,0.036,0,0,0.077,0,0,0,0.317,0.641,0.662,0.411,0.257,0,0,0.108,0,0.042,0,0.357,0.65,0.694,0.384,0.394,0.732,0.725,0.391,0.041,0,0,0.1,0.041,0.064,0,0.059,0.059,0.259,0.623,0.78,0.556,0.141,0,0,0.029,0,0.036,0,0.218,0.662,0.844,0.544,0.482,0.839,0.759,0.476,0.046,0.042,0,0.029,0.017,0.03,0,0,0.062,0.147,0.475,0.461,0.393,0.078,0,0,0.09,0.122,0.025,0.093,0.211,0.522,0.526,0.359,0.312,0.533,0.464,0.23,0,0,0,0.064,0.063,0.05,0.027,0,0,0.194,0.368,0.43,0.414,0.06,0,0.051,0.148,0.342,0.573,0.294,0.118,0.178,0.192,0.028,0.256,0.491,0.438,0.18,0.075,0.056,0,0.022,0,0,0.011,0.017,0.01,0.266,0.732,0.922,0.643,0.153,0.012,0.062,0.239,0.597,0.834,0.607,0.28,0.046,0.052,0,0.522,0.849,0.702,0.509,0.051,0,0.076,0.004,0.03,0.021,0,0.047,0.003,0.284,0.711,0.748,0.528,0.185,0,0.008,0.132,0.51,0.658,0.577,0.316,0,0.03,0.048,0.439,0.681,0.674,0.387,0.087,0.069,0.061,0.019,0,0,0,0.061,0.038,0.009,0.338,0.403,0.196,0.053,0.242,0.238,0.038,0.164,0.411,0.211,0.151,0.028,0.068,0,0.282,0.35,0.36,0.151,0.022,0,0,0.007,0.049,0.018,0,0.028,0.065,0.219,0.465,0.671,0.476,0.314,0.549,0.558,0.285,0,0,0.025,0.014,0.003,0.017,0.009,0.284,0.577,0.595,0.29,0.001,0,0.024,0,0.044,0.077,0,0,0,0.291,0.723,0.996,0.642,0.469,0.783,0.806,0.448,0,0.018,0,0,0.033,0,0.01,0.432,0.764,0.812,0.347,0.107,0,0,0.01,0.049,0.07,0.061,0,0,0.228,0.431,0.627,0.341,0.369,0.601,0.525,0.311,0,0.028,0.045,0.004,0.016,0.066,0.156,0.33,0.569,0.638,0.352,0,0,0,0,0.012,0,0,0,0.01,0.029,0.306,0.521,0.264,0.123,0.208,0.208,0.07,0,0,0,0.033,0.03,0,0,0.209,0.4,0.452,0.117,0,0,0.053,0.038,0.068,0,0.013,0.073,0.002,0.329,0.665,0.708,0.559,0.155,0,0.012,0,0,0.064,0.031,0.043,0.06,0,0.053,0.335,0.724,0.712,0.293,0,0.054,0.025,0.065,0.037,0.032,0.062,0,0,0.343,0.658,0.818,0.57,0.159,0,0.065,0.032,0.037,0,0.067,0,0,0.056,0.171,0.384,0.791,0.774,0.407,0,0,0.048,0,0.044,0,0.013,0.007,0,0.134,0.397,0.554,0.231,0.013,0.113,0.107,0,0.138,0.161,0.096,0,0.076,0.112,0.072,0.198,0.512,0.442,0.245,0.008,0,0,0,0,0,0,0.032,0,0.018,0,0.066,0.105,0.18,0.492,0.554,0.306,0.438,0.48,0.342,0.196,0.452,0.587,0.365,0.035,0.134,0.1,0.035,0.037,0.026,0.023,0,0.02,0,0.041,0,0.013,0.016,0,0,0.054,0.445,0.761,0.766,0.445,0.706,0.818,0.632,0.283,0.751,0.812,0.548,0.272,0,0.025,0.02,0,0,0,0,0,0.076,0.041,0,0.088,0.004,0.061,0.006,0.106,0.392,0.724,0.649,0.36,0.521,0.711,0.55,0.22,0.62,0.726,0.445,0.186,0,0.009,0.012,0.026,0.051,0.013,0.05,0.002,0.042,0,0,0,0,0,0,0.004,0.155,0.385,0.399,0.119,0.276,0.419,0.254,0.07,0.286,0.399,0.2,0,0,0.019,0,0,0,0.001,0.016,0.034,0.133,0,0.046,0.036,0,0.026,0.071,0,0,0,0,0,0,0,0.007,0,0,0,0,0.016,0.016,0.015,0.08,0,0,0.024,0.047,0,0.09,0,0,0.099,0,0,0.043,0.013,0.004,0,0,0.057,0.038,0.018,0,0,0.077,0,0,0.116,0.012,0.063,0.017,0,0.054,0,0.034,0,0
1,0,0.004,0.035,0,0,0,0.067,0,0,0.196,0.516,0.769,0.625,0.236,0.041,0.045,0,0.034,0.076,0,0,0,0,0,0,0.003,0.102,0.065,0,0,0.066,0.024,0.086,0.019,0,0,0.052,0.249,0.544,0.833,0.658,0.336,0,0.021,0.088,0.07,0.097,0.031,0.004,0.009,0,0.017,0,0,0,0.018,0.039,0.096,0.06,0.046,0,0.005,0,0.094,0.066,0,0.381,0.499,0.439,0.141,0,0.04,0,0,0,0,0,0,0.017,0.084,0,0.006,0,0,0.035,0.078,0.075,0,0.032,0,0.283,0.407,0.348,0.088,0.293,0.491,0.338,0.075,0,0,0.023,0,0.028,0.044,0,0.116,0,0.062,0,0,0.054,0.077,0,0,0,0,0,0.146,0.544,0.828,0.596,0.339,0.553,0.763,0.627,0.304,0.092,0,0.054,0.086,0,0,0,0,0,0.016,0,0.012,0.016,0.146,0.01,0,0.042,0.071,0,0.227,0.441,0.844,0.59,0.349,0.507,0.869,0.572,0.376,0.053,0,0.019,0,0.019,0,0.018,0.01,0,0.101,0,0.041,0,0,0,0,0,0.001,0.007,0.008,0.316,0.438,0.39,0.145,0.292,0.434,0.405,0.146,0,0.026,0,0,0,0.026,0.025,0.158,0,0.043,0,0.013,0,0.077,0.138,0.037,0.044,0,0,0.099,0,0.069,0,0.044,0.308,0.546,0.407,0.121,0.054,0,0,0.088,0.015,0,0.018,0.017,0.028,0.018,0.012,0,0.012,0,0.057,0,0.027,0.034,0.053,0,0.011,0.049,0.03,0.164,0.495,0.879,0.654,0.274,0,0,0,0,0.006,0.035,0.033,0.019,0,0,0.018,0,0,0.005,0.011,0,0.052,0.013,0,0.047,0.05,0,0.037,0.114,0.596,0.798,0.666,0.29,0,0,0,0,0.011,0.001,0.02,0.052,0.047,0.011,0.03,0,0.044,0,0.044,0,0.047,0,0,0,0.012,0,0.013,0.006,0.353,0.342,0.325,0.087,0.013,0.033,0,0,0.05,0,0,0,0.01,0.032,0.015,0,0,0,0.02,0,0.07,0.094,0.066,0.071,0.001,0.107,0,0.04,0.307,0.548,0.33,0.145,0.108,0.052,0,0,0,0,0.036,0,0.027,0,0.016,0,0.046,0.008,0.039,0,0.048,0,0,0.056,0,0,0.055,0.18,0.595,0.848,0.69,0.239,0,0,0,0,0,0.057,0.002,0,0,0.019,0.085,0.005,0,0.065,0.086,0.087,0,0.051,0,0.033,0.049,0,0,0.037,0.511,0.763,0.624,0.341,0.002,0.032,0.026,0,0.009,0,0.072,0.067,0,0.015,0,0,0,0,0.014,0,0,0,0.001,0,0.064,0.143,0,0.013,0.218,0.406,0.282,0.114,0,0,0.005,0.026,0,0.016,0.03,0,0.079,0,0,0,0,0,0,0,0,0.057,0.054,0.031,0.061,0,0,0.026,0.332,0.559,0.494,0.206,0,0,0.053,0.017,0,0,0.105,0,0.021,0,0,0,0.034,0.026,0.067,0.112,0.026,0.03,0,0,0,0.051,0,0.17,0.584,0.892,0.699,0.361,0,0.044,0,0,0,0.023,0,0.005,0.056,0.077,0,0.052,0,0.06,0,0.043,0,0,0,0,0.011,0.011,0.05,0.146,0.543,0.73,0.534,0.232,0,0.001,0.024,0,0.001,0.05,0.011,0,0.067,0.029,0.081,0.049,0,0.03,0,0.006,0.009,0,0.043,0,0,0,0,0,0.253,0.35,0.276,0.037,0,0.02,0.007,0,0.029,0.068,0.031,0,0,0,0.066,0,0,0,0,0,0,0.003,0,0,0,0,0,0.082,0.442,0.522,0.488,0.163,0,0.063,0,0,0.075,0.003,0.113,0.071,0,0.064,0.028,0,0,0.002,0,0.036,0.013,0.022,0.068,0.005,0,0.09,0.004,0.124,0.669,0.877,0.695,0.242,0,0,0.009,0.013,0.039,0.067,0.047,0,0.085,0,0,0.145,0,0.011,0,0,0.004,0.053,0.055,0,0.036,0,0,0.151,0.575,0.733,0.531,0.217,0.072,0.069,0,0.05,0,0.044,0.002,0,0,0.023,0,0.072,0,0,0,0.178,0.107,0.035,0,0,0.068,0.072,0.152,0.026,0.237,0.312,0.272,0.086,0.089,0.226,0.159,0,0,0,0.001,0.03,0,0,0.038,0,0,0,0,0,0,0,0.068,0.112,0.425,0.552,0.47,0.297,0.342,0.543,0.484,0.179,0.385,0.602,0.484,0.244,0,0,0.035,0,0,0,0.004,0.092,0,0,0,0.09,0.046,0,0,0.096,0.494,0.897,0.677,0.307,0.57,0.878,0.747,0.346,0.631,0.897,0.659,0.238,0.015,0,0.024,0,0.023,0,0,0,0,0.111,0,0.023,0,0,0.038,0.141,0.427,0.66,0.57,0.258,0.444,0.666,0.646,0.308,0.423,0.672,0.535,0.194,0,0.019,0.058,0.036,0.011,0,0,0.026,0,0,0,0.016,0,0.036,0,0.005,0.162,0.269,0.236,0.007,0.175,0.305,0.262,0,0.144,0.301,0.172,0.085,0,0,0,0,0,0.127,0.022,0.054,0.039,0,0.067,0.047,0,0,0.004,0.02,0,0,0.007,0.052,0.047,0.09,0.072,0,0.04,0,0.044,0.015,0.048,0,0.068,0,0,0,0.018,0,0.091,0
2,0.033,0,0,0,0,0.029,0.193,0.508,0.921,0.737,0.357,0.59,0.917,0.552,0.369,0.545,0.973,0.545,0.182,0.037,0,0.058,0,0.009,0,0,0.078,0.017,0.136,0.094,0,0,0.061,0.025,0,0.378,0.606,0.522,0.257,0.388,0.505,0.45,0.2,0.467,0.572,0.428,0.103,0.009,0.005,0,0,0.048,0.108,0,0,0.074,0,0.049,0,0.13,0.318,0.233,0.145,0.064,0.138,0.114,0.025,0.035,0.243,0.129,0,0.163,0.182,0.097,0.141,0.328,0.402,0.208,0.022,0.004,0,0,0,0,0,0.031,0,0.348,0.71,0.652,0.376,0.015,0,0,0.007,0,0,0,0,0.052,0,0,0.265,0.611,0.71,0.466,0.11,0,0,0,0.027,0.014,0.073,0,0.057,0.359,0.844,0.751,0.416,0,0.065,0.07,0.031,0.143,0,0,0,0.006,0.041,0.099,0.341,0.693,0.838,0.579,0.171,0,0,0,0,0,0,0,0.028,0.253,0.541,0.406,0.258,0.011,0.15,0,0.031,0.001,0.134,0,0,0.093,0,0,0.213,0.532,0.557,0.347,0,0,0.019,0.049,0,0.068,0.047,0.05,0.103,0,0.048,0.063,0.033,0.05,0,0,0,0.032,0,0,0.084,0.078,0,0.044,0.147,0.502,0.481,0.234,0,0,0.049,0,0.078,0.034,0,0.045,0,0,0,0.059,0.094,0,0,0.091,0,0.023,0.01,0,0,0,0.058,0.05,0.298,0.708,0.847,0.561,0.132,0.043,0.008,0,0,0,0.018,0.05,0,0.016,0.022,0.058,0.068,0,0,0,0,0,0.033,0.005,0,0.017,0,0.051,0.347,0.681,0.779,0.498,0.245,0.025,0,0.011,0.092,0,0.01,0,0,0,0,0.013,0,0,0.031,0.043,0.016,0,0,0,0,0.072,0.209,0.083,0.129,0.347,0.412,0.298,0.12,0,0,0,0,0.004,0,0,0,0,0,0,0.026,0.011,0,0.007,0.062,0,0.108,0.006,0.149,0.394,0.466,0.54,0.083,0,0.068,0.082,0,0.005,0,0,0,0,0,0,0,0.006,0.016,0,0.035,0,0.056,0.021,0.059,0,0,0.053,0.238,0.621,0.852,0.651,0.243,0.008,0.015,0,0.06,0.115,0,0,0.035,0,0,0,0,0,0,0.049,0,0,0,0.044,0,0,0.112,0,0.162,0.673,0.826,0.502,0.217,0.112,0,0,0.013,0.026,0.108,0,0.024,0,0.03,0,0.031,0,0.05,0,0,0,0.006,0,0,0.013,0.249,0.143,0.013,0.261,0.393,0.207,0,0.037,0.074,0,0.014,0,0,0,0,0,0.041,0.009,0,0,0,0,0,0,0,0.005,0.064,0.446,0.541,0.387,0.136,0,0.006,0,0,0.013,0,0,0,0,0.042,0.066,0.007,0,0,0.029,0.013,0.048,0,0,0,0,0.016,0,0.287,0.633,1,0.64,0.415,0.002,0,0,0.016,0.019,0,0.092,0.094,0,0,0,0,0,0,0.07,0,0.005,0,0.042,0.044,0.031,0,0.058,0.238,0.532,0.713,0.528,0.21,0,0,0.007,0,0,0,0,0,0.023,0,0.018,0,0,0,0,0,0,0.041,0,0.056,0.16,0.239,0.216,0,0.179,0.251,0.254,0.014,0,0.088,0.039,0,0,0,0.081,0.016,0,0.042,0,0.042,0.01,0,0,0,0,0,0,0.11,0.339,0.631,0.588,0.244,0,0,0,0,0,0,0.04,0.063,0,0.022,0,0,0.032,0,0,0,0.031,0.023,0,0,0,0,0,0.099,0.44,0.915,0.737,0.42,0,0.024,0,0.05,0.063,0,0.055,0,0,0,0,0,0.044,0.004,0,0,0.102,0.032,0.013,0,0.042,0.024,0.038,0.11,0.375,0.561,0.493,0.268,0,0.072,0,0.014,0.013,0,0.025,0,0,0,0,0.036,0,0,0.083,0.009,0.014,0,0.02,0,0.079,0.326,0.265,0.179,0.265,0.432,0.288,0.142,0.217,0.292,0.353,0,0.2,0.43,0.179,0.104,0.3,0.388,0.152,0,0.001,0,0.044,0,0,0,0,0.065,0.347,0.553,0.632,0.281,0.408,0.659,0.612,0.314,0.505,0.554,0.627,0.295,0.575,0.7,0.542,0.297,0.623,0.78,0.486,0.092,0.069,0,0.022,0.037,0,0,0.018,0.029,0.448,0.809,0.818,0.52,0.508,0.839,0.689,0.351,0.592,0.888,0.667,0.287,0.514,0.877,0.575,0.312,0.691,0.915,0.467,0.107,0.007,0,0.039,0,0.013,0.065,0,0.083,0.403,0.486,0.492,0.314,0.364,0.588,0.47,0.246,0.408,0.451,0.482,0.22,0.479,0.62,0.407,0.171,0.517,0.536,0.287,0.035,0,0,0,0.023,0.081,0.044,0.006,0.083,0.063,0.199,0.21,0,0.104,0.142,0.241,0.01,0.13,0.063,0.082,0.069,0.078,0.129,0.146,0,0.225,0.161,0.077,0.054,0.028,0.007,0.018,0,0,0,0,0.006,0.044,0,0,0,0,0.017,0,0,0,0,0,0,0.064,0.054,0,0.019,0.038,0,0,0,0.003,0.045,0.094,0,0.032,0,0,0,0,0.027,0.033,0,0.011,0,0,0,0.025,0,0.072,0.004,0.043,0.017,0.044,0,0,0,0.004,0.009,0.115,0.017,0,0.037,0.005
3,0,0,0,0.279,0.632,0.903,0.579,0.353,0.621,0.81,0.61,0.341,0.67,0.824,0.477,0.41,0.688,0.885,0.411,0.339,0.778,0.736,0.446,0.025,0.043,0,0,0,0,0,0,0.309,0.491,0.756,0.592,0.185,0.596,0.734,0.438,0.402,0.682,0.746,0.427,0.36,0.64,0.736,0.438,0.374,0.659,0.691,0.326,0.008,0.079,0,0.013,0.048,0,0,0.047,0.03,0.276,0.367,0.291,0.115,0.348,0.384,0.268,0.081,0.204,0.336,0.305,0.128,0.382,0.299,0.201,0.241,0.368,0.365,0.119,0,0.018,0,0.026,0.044,0,0,0,0.076,0,0.109,0.006,0,0.032,0,0.001,0.013,0.032,0.013,0,0.244,0.453,0.49,0.286,0.025,0.013,0,0,0,0.017,0,0.08,0,0,0,0,0.013,0,0.026,0,0.059,0,0.066,0,0.082,0,0,0.059,0.401,0.843,0.849,0.463,0.11,0,0.037,0,0.051,0.031,0.026,0.029,0.038,0.022,0.038,0,0,0.031,0.079,0.005,0.004,0.03,0,0,0.1,0,0,0.102,0.327,0.64,0.604,0.377,0.028,0,0,0,0.02,0.036,0.03,0.031,0.013,0.076,0.031,0.048,0.086,0,0.003,0.01,0,0,0,0,0,0.194,0.226,0.118,0.094,0.286,0.378,0.204,0.063,0.041,0,0,0,0,0.062,0.057,0.13,0.047,0,0.15,0,0,0.001,0,0.021,0,0,0,0.329,0.587,0.526,0.467,0,0.067,0,0.004,0,0,0.025,0.011,0,0,0.137,0.019,0.057,0.034,0,0,0,0.023,0.047,0,0.109,0.04,0.038,0,0.405,0.687,0.918,0.533,0.213,0,0,0,0,0.072,0.038,0,0.068,0,0.096,0.028,0,0,0,0.093,0.02,0.054,0.011,0,0,0.088,0.07,0.091,0.271,0.535,0.64,0.417,0.078,0,0,0,0,0,0,0,0.017,0.017,0,0.056,0.059,0.039,0.007,0,0,0,0.056,0,0.032,0,0.032,0,0.008,0.249,0.349,0.141,0.07,0.36,0.321,0.114,0.06,0,0,0.088,0,0.057,0.041,0,0.023,0,0.053,0,0.046,0.058,0,0.051,0,0.03,0,0,0,0.062,0,0,0.352,0.549,0.625,0.382,0.016,0,0,0,0.02,0.056,0.103,0,0,0.04,0.042,0,0.027,0,0.05,0,0.039,0,0,0.034,0,0.011,0.015,0.083,0.331,0.763,0.799,0.506,0.157,0.006,0,0,0,0.053,0,0.077,0,0.014,0,0,0,0.024,0.014,0,0,0.03,0,0.082,0.055,0,0.059,0.013,0.25,0.527,0.55,0.412,0,0,0,0.116,0.077,0.043,0.081,0,0,0.046,0.044,0.01,0,0,0.077,0,0.008,0.02,0.033,0.004,0,0.005,0.017,0.002,0.058,0.283,0.312,0.13,0.106,0.239,0.305,0,0,0.001,0.024,0,0.151,0,0,0.035,0,0,0.051,0,0,0,0,0,0,0,0.052,0,0,0.019,0,0.057,0.34,0.579,0.506,0.337,0.023,0,0.06,0.109,0.007,0.027,0,0,0.009,0.029,0,0.085,0,0,0,0.003,0,0.07,0.041,0,0.105,0,0,0.064,0.431,0.879,0.761,0.44,0.091,0,0.116,0.111,0.014,0,0.087,0,0,0,0.126,0,0,0,0,0.027,0,0,0.016,0.039,0,0,0.015,0.095,0.279,0.491,0.559,0.27,0.024,0.056,0.037,0.008,0,0,0,0,0,0.318,0.42,0.219,0.008,0,0.022,0.094,0.072,0,0.111,0.037,0.012,0.018,0,0,0.186,0.286,0.39,0.178,0.033,0.069,0,0,0,0,0.054,0,0.271,0.564,0.81,0.439,0.197,0.034,0.004,0.075,0,0.082,0,0,0.041,0,0,0,0.324,0.677,0.552,0.359,0.07,0,0,0,0,0.014,0,0,0.316,0.645,0.97,0.57,0.213,0.006,0.018,0,0.024,0,0,0.023,0.003,0.054,0.073,0.033,0.43,0.825,0.752,0.474,0.05,0,0.054,0.033,0,0.048,0.032,0,0.194,0.484,0.557,0.435,0.148,0,0,0.008,0,0.028,0,0.084,0.028,0.078,0.096,0,0.369,0.479,0.432,0.306,0,0.103,0.07,0,0,0,0,0.029,0,0.032,0.192,0.063,0.155,0.288,0.372,0.155,0.096,0.358,0.325,0.18,0.156,0.244,0.369,0.189,0.066,0.073,0.157,0.035,0,0,0,0.085,0,0.03,0.02,0.003,0.042,0.006,0.002,0,0.18,0.561,0.75,0.522,0.258,0.648,0.783,0.464,0.381,0.637,0.632,0.454,0,0,0.009,0,0.02,0.07,0,0.056,0,0,0.062,0.065,0.059,0.028,0.01,0,0.357,0.742,0.874,0.528,0.307,0.708,0.873,0.547,0.495,0.832,0.858,0.478,0.112,0.013,0,0.036,0,0,0.047,0.034,0.003,0.065,0,0,0,0.076,0,0.094,0.191,0.5,0.57,0.322,0.181,0.452,0.561,0.224,0.161,0.419,0.486,0.259,0.006,0,0.017,0.099,0,0.063,0.003,0,0.011,0,0,0.037,0,0,0.023,0.018,0.046,0.037,0.162,0.003,0.009,0.09,0.091,0,0.01,0.082,0.157,0.014,0,0.019,0,0,0.061,0.007,0,0,0.017,0,0,0,0,0,0,0,0,0.018,0,0,0.014,0,0.041,0.001,0,0.05,0.051,0,0,0.021,0.028,0.047,0.08,0.014,0,0.007,0.067
4,0.025,0,0,0.096,0.112,0.06,0.08,0.103,0,0,0,0.063,0.073,0.367,0.768,0.795,0.454,0.115,0,0,0,0.035,0,0.026,0,0.063,0.027,0,0,0,0.041,0.112,0.042,0,0,0,0,0.034,0.059,0.099,0.072,0.342,0.526,0.479,0.302,0.049,0.016,0,0,0.003,0,0.038,0,0.052,0,0.025,0.057,0,0,0,0.059,0.042,0.103,0.047,0,0.102,0.329,0.492,0.272,0.275,0.373,0.315,0.216,0,0,0.047,0.026,0,0.046,0.08,0.067,0.028,0.042,0,0.082,0,0.005,0.039,0,0.027,0,0.03,0.074,0.388,0.628,0.702,0.485,0.458,0.726,0.749,0.431,0,0.015,0.022,0,0,0,0,0,0.039,0,0,0.011,0,0,0,0,0,0.029,0,0,0.367,0.682,0.764,0.469,0.454,0.716,0.627,0.371,0,0.053,0.086,0.046,0,0,0,0,0.065,0,0.047,0,0,0,0.028,0.028,0,0.074,0.062,0.115,0.073,0.369,0.371,0.284,0.266,0.435,0.373,0.219,0.021,0.006,0.075,0,0,0.061,0,0.109,0,0.044,0,0.034,0,0,0,0,0.17,0.467,0.455,0.352,0.077,0.055,0.056,0,0.202,0.466,0.493,0.24,0.051,0,0,0,0,0,0,0,0.016,0.009,0.026,0.046,0.08,0,0.124,0,0.231,0.589,0.924,0.582,0.324,0,0.028,0.147,0.398,0.859,0.768,0.427,0.067,0.009,0,0.05,0,0,0,0.013,0.054,0,0,0.017,0,0,0,0.029,0.226,0.591,0.703,0.436,0.226,0,0.038,0.059,0.411,0.683,0.724,0.441,0.044,0.044,0.077,0.047,0.084,0,0,0,0.022,0,0.045,0,0.078,0.053,0.296,0.191,0.091,0.295,0.417,0.22,0.042,0.02,0,0,0.15,0.312,0.408,0.115,0,0.033,0.019,0.034,0,0,0,0,0.022,0,0,0.013,0.113,0.413,0.556,0.532,0.22,0.05,0,0.071,0.043,0,0,0,0.211,0.639,0.527,0.311,0.072,0.056,0.085,0.071,0,0.065,0.053,0,0.065,0,0,0.092,0.135,0.576,1,0.711,0.293,0,0.068,0,0.013,0.047,0.002,0.056,0.517,0.8,0.81,0.483,0.142,0,0,0,0.043,0,0.012,0,0,0.021,0,0.003,0.113,0.464,0.602,0.55,0.247,0.05,0,0,0,0.039,0.034,0,0.348,0.581,0.542,0.395,0,0,0.011,0,0,0,0.06,0.004,0,0,0,0,0,0.222,0.41,0.172,0,0.234,0.382,0.199,0.05,0.239,0.348,0.162,0.121,0.27,0.285,0.181,0.174,0.34,0.214,0.054,0,0.047,0,0,0,0.005,0,0,0.115,0.522,0.576,0.653,0.296,0.564,0.705,0.557,0.355,0.534,0.608,0.432,0.418,0.705,0.602,0.363,0.511,0.739,0.505,0.241,0.01,0,0,0.067,0.052,0.093,0,0,0.16,0.571,0.864,0.745,0.262,0.65,0.953,0.626,0.322,0.663,0.902,0.549,0.486,0.901,0.805,0.485,0.452,0.815,0.651,0.314,0,0,0.111,0.054,0.116,0,0.003,0.081,0.069,0.511,0.634,0.5,0.19,0.463,0.577,0.285,0.237,0.562,0.494,0.284,0.381,0.546,0.514,0.359,0.267,0.594,0.452,0.244,0,0.129,0.143,0.029,0.041,0.031,0,0,0,0.131,0.246,0.154,0.046,0.213,0.233,0.133,0,0.192,0.155,0.132,0.148,0.388,0.354,0.226,0.139,0.237,0.169,0.016,0.097,0.055,0.063,0,0,0,0.016,0,0.02,0,0.029,0.04,0,0.016,0,0,0.089,0,0.137,0.159,0.384,0.685,0.747,0.349,0.056,0.013,0,0,0.008,0.067,0.102,0,0,0,0,0.05,0,0.046,0,0.006,0,0.006,0.01,0.04,0,0.015,0,0.018,0.47,0.737,0.714,0.445,0.127,0,0.01,0.031,0.065,0.038,0,0.017,0,0.041,0.025,0.028,0.073,0.006,0.102,0.011,0.115,0,0.058,0,0.038,0,0,0.055,0.249,0.432,0.439,0.28,0.035,0,0,0,0.051,0,0,0,0,0,0.049,0.005,0.024,0,0,0,0.002,0.026,0,0.047,0,0,0.062,0,0.335,0.445,0.42,0.36,0,0.04,0.036,0.054,0.012,0.058,0.064,0.03,0,0.011,0.013,0,0.009,0,0.065,0.001,0.018,0.039,0.087,0,0.062,0,0.075,0.077,0.43,0.797,0.726,0.486,0.069,0,0.039,0,0.078,0.019,0,0,0.003,0.023,0,0,0,0.077,0,0.004,0,0.004,0.036,0,0.034,0,0,0.09,0.437,0.696,0.739,0.39,0.116,0,0,0.068,0.018,0,0.017,0,0.054,0,0.052,0.084,0.041,0.025,0.011,0.014,0,0.023,0,0,0,0.032,0.026,0.049,0.213,0.297,0.407,0.18,0,0,0,0,0.009,0.025,0.014,0.078,0,0,0.043,0.029,0.04,0.049,0,0,0.028,0,0.024,0,0.032,0,0.023,0.015,0.043,0.022,0.026,0,0,0,0.015,0.069,0.002,0,0.014,0.055,0.036,0,0,0.024,0,0.027,0,0.001,0.088,0,0.02,0,0,0,0.03,0.056,0.038,0,0,0,0,0.018,0.033,0,0,0,0,0.012,0,0,0,0.019,0.032,0.056,0.022,0.08,0,0,0.022,0,0,0,0,0,0.068,0,0.064,0.025,0,0,0,0,0,0,0.046,0.011,0.039,0.001,0.03
5,0,0.011,0,0.012,0.287,0.512,0.524,0.234,0.377,0.488,0.428,0.19,0.474,0.494,0.293,0.414,0.533,0.414,0.183,0.511,0.597,0.348,0.05,0,0,0,0.043,0,0.044,0,0.021,0.133,0.598,0.927,0.69,0.402,0.628,0.852,0.714,0.523,0.756,0.785,0.412,0.571,0.92,0.657,0.42,0.721,0.88,0.481,0.133,0,0,0.06,0,0.005,0.019,0.045,0,0.142,0.415,0.727,0.625,0.328,0.513,0.744,0.514,0.317,0.675,0.692,0.37,0.539,0.735,0.623,0.285,0.63,0.716,0.438,0.088,0,0.054,0.065,0.079,0,0.007,0.033,0.04,0,0.239,0.454,0.304,0.149,0.298,0.284,0.211,0.135,0.306,0.27,0.111,0.202,0.353,0.322,0.057,0.326,0.291,0.199,0.026,0,0.052,0,0,0.019,0.002,0,0.008,0.077,0.366,0.705,0.593,0.25,0.008,0,0.05,0.051,0,0.023,0.001,0,0,0,0,0,0,0,0,0,0,0.033,0,0.051,0,0.033,0,0.224,0.49,0.921,0.699,0.396,0,0,0,0.023,0.076,0.005,0,0,0,0.024,0.028,0,0,0.088,0.039,0.02,0,0,0,0,0.002,0,0,0.148,0.379,0.592,0.563,0.244,0.061,0.057,0.184,0.023,0.086,0.031,0.016,0,0.171,0.047,0,0.005,0,0,0,0.098,0,0,0,0,0,0.014,0.014,0,0.259,0.393,0.372,0.159,0.412,0.441,0.247,0.148,0.459,0.42,0.147,0.359,0.416,0.396,0.072,0.014,0.011,0.002,0.031,0.063,0,0.112,0,0.033,0,0,0,0.146,0.477,0.774,0.702,0.346,0.69,0.783,0.61,0.397,0.669,0.672,0.415,0.57,0.708,0.644,0.344,0.042,0.028,0.038,0.039,0.015,0,0.035,0.116,0,0,0,0,0.086,0.422,0.897,0.659,0.386,0.651,0.796,0.535,0.432,0.672,0.776,0.476,0.572,0.806,0.591,0.242,0.061,0,0.023,0.009,0,0,0.004,0,0.057,0.023,0,0,0.015,0.213,0.396,0.381,0.036,0.295,0.425,0.23,0.124,0.452,0.473,0.146,0.331,0.407,0.379,0.089,0.16,0.295,0.11,0,0,0.014,0,0.155,0,0.042,0,0,0,0.061,0.215,0.092,0,0.013,0.053,0.015,0,0.08,0.111,0.057,0.046,0.063,0.053,0.266,0.525,0.603,0.4,0.061,0.031,0,0.056,0,0.026,0,0.004,0.008,0,0,0,0,0,0,0,0.009,0.127,0.143,0.03,0,0,0,0,0.412,0.729,0.965,0.513,0.25,0.038,0,0.004,0,0.016,0,0,0.014,0,0.028,0,0,0,0.046,0,0,0.003,0.094,0.038,0,0.01,0.053,0,0.31,0.606,0.655,0.399,0.116,0,0,0.038,0,0,0,0,0,0,0,0.064,0,0.076,0,0,0.155,0.006,0,0.009,0,0.104,0,0.072,0.077,0.323,0.311,0.255,0,0.024,0,0.052,0,0.01,0,0.024,0,0,0.018,0,0,0.045,0.034,0,0,0,0.018,0,0,0,0.069,0.036,0.372,0.628,0.757,0.49,0.159,0.006,0,0,0.017,0,0.036,0,0,0,0,0.091,0,0,0,0.017,0,0.042,0,0,0,0.024,0.085,0,0.315,0.789,0.85,0.52,0.232,0,0,0.007,0.115,0.123,0.094,0.02,0.052,0,0,0.205,0.065,0.112,0,0,0.061,0.001,0.037,0.064,0.004,0.035,0.052,0,0.26,0.44,0.493,0.325,0.1,0,0,0.03,0,0,0,0.02,0,0.06,0.436,0.46,0.508,0.236,0,0.073,0,0.025,0.017,0.014,0,0,0.092,0.004,0.249,0.435,0.529,0.338,0.035,0.138,0.089,0.027,0.068,0.073,0,0.056,0.03,0.23,0.588,0.873,0.687,0.369,0,0,0,0.081,0,0,0,0.013,0.019,0.013,0.251,0.705,0.799,0.547,0.236,0,0,0.105,0.027,0,0,0,0.025,0.149,0.448,0.708,0.74,0.299,0.116,0,0.092,0,0,0.029,0,0,0,0,0.244,0.63,0.693,0.449,0.17,0.009,0.036,0,0.054,0,0.003,0,0,0.08,0.12,0.382,0.32,0.13,0.239,0.379,0.249,0.143,0.272,0.275,0.109,0.284,0.328,0.299,0.092,0.312,0.32,0.284,0,0.019,0.023,0.059,0.071,0,0.001,0,0,0.089,0,0.049,0.029,0.259,0.484,0.645,0.566,0.288,0.617,0.588,0.347,0.427,0.678,0.557,0.236,0.063,0.032,0,0.061,0,0,0,0.035,0.023,0,0.009,0.043,0.078,0,0.017,0.032,0.329,0.723,0.925,0.603,0.411,0.713,0.794,0.45,0.534,1,0.66,0.329,0.064,0,0.03,0.012,0,0.001,0,0.054,0,0,0,0.017,0.004,0,0,0.081,0.189,0.509,0.549,0.415,0.228,0.579,0.568,0.367,0.409,0.608,0.392,0.232,0.021,0.029,0,0,0,0.079,0.074,0,0.025,0.003,0,0,0,0,0,0,0,0.061,0.146,0.093,0.038,0.222,0.143,0.006,0.083,0.263,0.179,0.068,0,0.017,0,0.053,0.06,0.02,0.031,0.012,0,0.007,0.043,0.016,0,0,0,0.047,0,0.007,0.019,0.079,0,0,0.061,0.083,0,0,0,0,0,0,0.019,0.036,0.073,0.032,0.003,0,0,0.034,0.027,0,0,0,0.116,0.012,0.041,0,0.066,0.026,0,0,0,0,0,0.069,0,0.035,0.011,0.005,0.009,0,0,0,0,0,0
6,0,0.046,0,0.064,0,0,0.048,0,0,0.012,0.001,0.412,0.732,0.752,0.389,0.517,0.834,0.681,0.356,0.033,0.088,0,0.005,0.027,0,0,0,0.068,0,0.076,0,0.068,0,0.032,0,0.009,0.013,0,0.03,0.336,0.749,0.702,0.456,0.476,0.841,0.727,0.42,0,0,0,0.072,0.067,0.017,0.042,0,0,0,0.008,0,0.04,0.154,0.016,0,0.033,0.036,0.18,0.052,0.187,0.356,0.349,0.201,0.253,0.428,0.352,0.115,0,0,0,0,0.039,0,0.066,0.041,0.007,0,0.006,0.035,0.058,0.031,0.003,0,0.255,0.48,0.584,0.352,0.035,0,0.016,0,0.05,0.041,0.046,0,0,0,0.08,0.044,0,0.024,0.044,0,0,0,0.042,0.067,0,0,0.112,0.088,0.402,0.743,0.765,0.423,0.112,0,0.032,0.01,0,0,0,0.044,0,0,0.064,0,0.087,0.007,0.032,0,0,0.03,0,0.055,0,0.012,0.002,0,0.376,0.653,0.645,0.496,0.045,0.032,0,0,0.068,0.008,0,0,0,0,0.015,0.047,0.03,0,0.025,0.022,0,0,0,0,0,0.128,0.168,0.109,0.149,0.356,0.421,0.17,0,0.015,0.035,0.08,0,0.003,0.074,0.001,0,0,0,0,0.056,0,0,0.008,0,0.08,0,0,0.184,0.544,0.662,0.351,0.087,0.046,0.054,0,0,0.043,0,0,0,0.013,0.036,0,0.036,0.057,0.009,0,0.017,0,0.068,0.064,0,0,0,0.072,0.396,0.748,0.85,0.548,0.193,0,0.071,0.158,0.073,0,0,0,0.105,0.088,0.046,0,0,0,0,0,0.085,0.022,0.054,0.001,0.075,0,0,0,0.275,0.499,0.615,0.482,0.107,0,0,0,0,0.076,0,0,0.039,0,0.021,0.092,0.05,0,0.039,0,0,0.036,0,0,0,0,0.119,0,0.032,0.357,0.301,0.095,0,0.281,0.147,0.105,0.043,0.285,0.268,0.099,0.092,0.205,0.279,0.02,0,0.044,0,0,0,0.075,0.047,0,0.058,0,0,0,0.343,0.548,0.602,0.464,0.169,0.602,0.567,0.449,0.335,0.561,0.48,0.29,0.443,0.611,0.614,0.199,0,0.104,0,0,0,0.061,0,0,0.016,0,0,0,0.304,0.685,0.922,0.638,0.4,0.852,0.899,0.489,0.518,0.812,0.798,0.435,0.569,0.842,0.803,0.362,0.026,0.106,0.028,0.062,0,0,0,0,0.019,0.043,0,0.031,0.186,0.488,0.598,0.393,0.325,0.567,0.598,0.287,0.258,0.557,0.609,0.317,0.413,0.503,0.527,0.194,0,0,0.075,0,0,0.005,0,0.103,0,0,0.036,0,0.026,0.256,0.209,0.279,0.04,0.285,0.253,0.073,0.081,0.227,0.194,0.073,0.049,0.287,0.317,0.096,0.225,0.314,0.209,0,0,0.011,0.033,0,0,0.101,0,0.026,0.296,0.54,0.752,0.482,0.113,0.002,0.021,0,0,0,0.016,0,0,0.048,0,0.16,0.502,0.619,0.555,0.217,0,0,0.063,0.093,0.018,0,0,0,0.303,0.654,0.847,0.499,0.145,0.042,0.078,0,0.028,0.023,0,0,0.027,0,0.048,0.234,0.565,0.951,0.692,0.326,0.082,0.018,0,0,0.004,0.047,0.004,0.02,0.129,0.473,0.565,0.344,0.096,0.024,0.014,0,0,0,0,0,0.031,0,0.102,0.058,0.388,0.507,0.467,0.273,0.007,0.013,0.033,0,0,0,0,0.04,0.044,0.272,0.346,0.212,0,0,0.038,0,0,0.068,0.01,0.046,0.048,0.122,0,0,0.294,0.396,0.308,0.043,0.008,0.016,0,0.075,0.011,0,0.098,0.048,0.246,0.622,0.659,0.453,0.126,0,0.078,0,0.003,0,0.064,0,0.014,0.016,0.031,0.199,0.465,0.737,0.635,0.222,0,0,0,0,0,0.122,0.016,0,0.253,0.638,0.837,0.579,0.137,0,0.006,0,0.037,0,0.034,0,0.012,0,0,0.27,0.56,0.886,0.652,0.252,0,0.074,0,0.007,0.006,0,0,0,0.362,0.435,0.457,0.345,0.054,0.048,0.055,0.052,0.019,0.045,0.019,0,0.019,0.058,0.085,0.064,0.369,0.6,0.448,0.196,0.025,0.052,0.03,0,0,0,0.023,0.055,0.07,0.083,0.162,0.084,0.209,0.423,0.396,0.209,0.312,0.428,0.417,0.165,0.23,0.382,0.427,0.232,0.065,0.099,0.124,0,0.049,0,0,0,0,0,0.059,0,0,0.075,0,0.043,0.369,0.752,0.789,0.438,0.451,0.851,0.794,0.42,0.541,0.769,0.823,0.292,0.008,0.015,0,0,0.02,0,0,0,0,0,0.011,0.014,0.062,0,0,0.072,0.343,0.682,0.829,0.495,0.45,0.643,0.742,0.453,0.394,0.789,0.72,0.356,0.035,0.129,0.02,0,0.115,0,0.133,0,0.042,0,0.071,0.051,0,0,0.029,0,0.181,0.418,0.447,0.262,0.189,0.344,0.405,0.29,0.195,0.523,0.395,0.126,0,0.083,0,0.018,0.002,0,0.127,0.038,0,0,0,0,0,0.007,0,0,0.078,0.086,0.108,0.036,0,0.06,0.085,0,0,0.145,0.006,0,0,0,0,0,0,0.033,0.062,0.025,0.04,0.068,0,0,0.025,0.005,0.05,0.016,0,0.02,0.036,0.052,0.12,0,0.043,0.059,0,0.064,0,0,0.077,0.039,0.026,0,0,0,0,0.058,0
7,0.028,0,0.048,0.007,0.288,0.514,0.386,0.205,0.469,0.588,0.463,0.268,0.561,0.634,0.372,0.406,0.528,0.497,0.231,0.459,0.608,0.367,0.062,0,0.098,0.024,0.068,0,0.032,0,0.086,0.044,0.46,0.827,0.784,0.353,0.579,0.902,0.666,0.424,0.793,0.789,0.498,0.558,0.877,0.752,0.404,0.772,0.865,0.476,0.207,0,0,0,0.083,0,0,0.03,0,0.111,0.293,0.68,0.66,0.399,0.467,0.824,0.53,0.301,0.69,0.593,0.491,0.472,0.705,0.479,0.184,0.624,0.652,0.401,0.079,0,0.041,0,0,0,0,0,0,0,0.138,0.236,0.302,0.138,0.264,0.382,0.198,0.039,0.335,0.354,0.04,0.148,0.248,0.174,0.047,0.325,0.264,0.218,0,0,0.035,0.047,0.084,0.005,0,0.035,0.04,0.055,0.077,0.01,0.029,0,0.044,0.115,0.014,0,0.018,0.022,0.017,0,0.042,0.043,0.303,0.606,0.701,0.403,0.111,0,0.028,0,0.038,0,0,0.133,0,0.029,0.068,0,0.035,0.035,0,0.022,0.085,0.071,0.003,0,0.032,0.02,0,0.044,0.386,0.735,0.89,0.454,0.225,0,0,0,0,0,0.12,0.044,0.055,0.045,0.036,0.059,0,0.049,0,0,0.005,0.068,0.031,0.017,0,0.016,0.127,0.103,0.241,0.442,0.473,0.378,0.02,0.014,0.033,0,0.071,0,0,0,0,0,0.023,0,0.001,0,0,0.04,0.013,0.004,0.103,0,0.13,0.374,0.435,0.444,0.071,0.181,0.206,0.022,0.078,0,0.106,0,0.029,0.072,0.021,0.112,0.034,0.023,0,0.028,0.091,0,0,0.037,0.078,0.064,0,0,0.151,0.694,0.964,0.618,0.235,0.067,0.044,0,0.037,0.019,0,0,0,0,0.03,0,0.027,0,0,0,0,0.063,0.058,0,0,0,0,0.046,0.145,0.572,0.72,0.527,0.231,0.031,0,0.023,0,0,0.095,0,0,0,0.039,0.051,0,0.002,0.012,0.021,0.025,0,0,0.061,0.012,0.173,0.316,0.27,0.105,0.208,0.463,0.318,0.123,0.067,0.014,0.016,0,0.143,0.037,0,0.037,0,0,0.025,0.036,0,0,0.032,0,0.115,0.031,0,0,0.299,0.616,0.574,0.427,0.039,0.006,0.072,0.105,0.007,0.001,0,0,0.066,0.03,0.097,0,0.056,0.005,0.054,0,0,0,0,0.031,0.051,0,0,0.203,0.407,0.782,0.859,0.536,0.103,0,0,0,0.035,0.059,0.022,0.058,0.061,0,0,0,0.116,0,0,0.012,0,0.029,0,0.002,0,0,0.112,0,0.251,0.494,0.545,0.315,0,0,0,0.041,0.086,0,0.048,0.008,0.009,0.007,0,0,0,0,0,0,0.046,0,0.019,0.058,0.012,0.407,0.401,0.295,0.136,0.194,0.265,0.18,0,0,0.015,0.051,0,0.003,0.013,0,0,0.004,0,0,0,0.044,0.053,0.074,0.056,0.056,0.001,0.155,0.148,0.518,0.843,0.607,0.247,0,0.058,0,0,0.091,0.021,0.039,0,0.012,0.06,0,0,0.026,0.051,0.059,0.077,0.103,0.012,0.006,0,0,0.093,0,0.225,0.557,0.881,0.594,0.214,0.004,0,0.028,0.034,0,0,0,0.078,0.033,0.034,0.044,0.064,0,0.025,0.031,0,0.07,0,0.053,0,0,0.026,0,0.037,0.35,0.444,0.29,0.094,0,0.071,0.078,0,0,0,0,0.035,0,0.042,0,0,0,0,0.048,0,0,0,0,0.096,0,0.024,0.011,0.203,0.481,0.594,0.409,0.128,0.068,0,0.025,0,0,0.036,0.002,0,0,0.01,0,0.021,0.043,0.052,0.006,0,0,0,0.056,0,0,0.052,0,0.308,0.62,1,0.606,0.284,0.047,0.014,0.037,0,0,0,0.065,0,0,0,0,0,0,0.034,0,0.055,0.032,0.032,0.065,0.039,0,0.107,0.05,0.232,0.488,0.63,0.449,0.195,0,0,0.028,0,0.01,0,0.01,0.023,0,0,0,0.04,0,0,0,0,0,0.003,0,0.054,0,0,0,0.004,0.236,0.422,0.24,0.052,0,0,0,0,0.007,0,0,0.026,0.036,0,0.056,0,0,0.072,0,0,0,0.019,0,0.093,0.027,0,0,0.201,0.673,0.75,0.506,0.132,0.062,0,0.005,0,0.051,0,0,0,0.008,0,0,0.169,0,0,0.021,0.043,0.03,0.061,0.039,0.045,0.019,0.047,0.068,0.283,0.603,0.842,0.61,0.27,0,0.011,0.002,0.047,0,0.02,0.005,0,0,0,0.011,0,0,0,0,0.011,0,0,0,0.069,0,0.018,0.044,0.134,0.393,0.464,0.35,0.074,0,0,0.021,0,0,0.096,0,0.096,0.103,0,0,0,0,0,0,0,0.055,0.114,0.056,0.015,0,0,0.062,0.035,0.102,0.124,0.042,0,0.005,0,0.054,0.039,0,0.036,0,0,0,0,0,0.025,0,0.023,0.074,0,0,0.035,0,0.065,0.1,0.076,0,0,0.016,0.06,0,0.016,0.009,0,0,0,0,0,0,0.036,0,0,0,0,0,0,0,0.048,0,0.081,0,0,0,0,0,0,0,0.049,0,0.071,0.052,0.005,0.12,0,0.061,0,0.003,0,0.051,0,0.02,0,0.06,0.005,0,0.031
8,0,0.02,0,0,0,0.287,0.549,0.677,0.521,0.406,0.703,0.802,0.336,0.507,0.742,0.586,0.214,0,0,0.02,0.089,0,0.099,0,0.098,0,0.021,0.028,0.067,0.069,0,0,0,0.326,0.719,0.792,0.482,0.47,0.755,0.76,0.336,0.52,0.881,0.651,0.264,0.062,0,0.018,0.033,0.027,0.063,0.024,0,0,0.001,0,0,0.071,0,0.154,0.026,0.209,0.514,0.507,0.377,0.348,0.529,0.397,0.141,0.456,0.602,0.401,0.133,0.025,0.004,0.025,0.019,0.066,0,0.034,0.017,0.043,0.082,0.031,0,0.055,0.345,0.596,0.517,0.134,0.121,0.092,0.062,0,0.116,0.122,0,0.112,0.106,0,0.307,0.521,0.55,0.362,0.055,0.087,0.045,0.001,0,0.017,0.047,0,0,0.278,0.465,0.882,0.672,0.347,0,0.017,0,0.04,0.035,0,0,0,0,0.07,0.308,0.751,0.921,0.508,0.184,0,0,0,0,0.007,0.045,0,0.026,0.172,0.442,0.701,0.606,0.28,0,0.057,0,0,0.052,0,0.019,0,0,0,0.241,0.633,0.776,0.366,0.043,0,0.012,0,0.097,0.021,0.053,0.01,0,0.001,0.228,0.329,0.286,0.079,0.011,0,0,0.016,0.054,0.013,0,0,0.01,0,0.093,0.301,0.318,0.207,0.048,0.044,0,0,0.058,0,0,0,0,0.137,0.434,0.652,0.61,0.256,0.022,0,0.055,0.003,0,0,0.081,0.016,0.17,0,0.379,0.659,0.611,0.419,0.016,0.008,0,0,0.033,0,0,0.031,0.001,0.151,0.582,1,0.711,0.235,0,0.043,0.017,0.014,0.008,0.05,0.001,0,0,0.016,0.34,0.794,0.846,0.44,0.063,0.017,0.027,0,0.058,0,0.008,0,0,0.11,0.467,0.61,0.459,0.165,0,0.088,0,0.006,0.127,0.042,0,0.003,0.14,0,0.228,0.528,0.651,0.281,0.077,0,0,0.007,0.052,0.015,0,0,0,0,0.15,0.156,0.163,0.165,0.312,0.419,0.352,0.196,0.435,0.433,0.141,0.426,0.426,0.395,0.008,0.171,0.058,0.061,0,0,0,0.028,0.049,0,0.035,0.024,0,0.122,0,0.039,0,0.346,0.642,0.821,0.498,0.487,0.857,0.741,0.396,0.446,0.815,0.547,0.311,0.04,0,0,0.007,0.006,0.017,0.139,0.135,0.051,0,0,0,0.076,0,0,0.038,0.345,0.619,0.857,0.504,0.461,0.672,0.697,0.345,0.632,0.843,0.636,0.258,0,0,0,0,0.057,0,0,0,0,0,0,0.015,0.004,0.14,0.176,0.21,0.139,0.324,0.469,0.171,0.233,0.454,0.415,0.212,0.379,0.542,0.388,0.01,0.146,0.198,0.048,0,0.051,0,0,0.04,0.072,0,0,0.005,0.207,0.368,0.62,0.452,0.225,0.041,0,0.046,0,0.106,0,0,0.024,0.143,0,0.269,0.458,0.622,0.382,0.079,0.067,0,0.04,0,0,0.011,0,0,0.139,0.478,0.832,0.676,0.289,0.053,0.014,0,0,0.016,0,0,0,0.034,0.016,0.445,0.716,0.936,0.51,0.136,0.099,0.073,0,0,0,0.026,0,0,0.16,0.386,0.677,0.514,0.262,0.005,0,0,0,0.04,0,0.027,0,0.018,0.005,0.264,0.686,0.586,0.409,0,0.031,0,0,0.007,0,0.02,0.025,0.051,0.034,0.248,0.366,0.263,0.189,0.039,0,0,0.058,0,0.023,0.019,0,0,0,0.142,0.405,0.345,0.197,0.068,0,0,0,0.015,0.038,0.027,0,0.053,0.124,0.479,0.688,0.587,0.294,0,0,0,0.065,0.051,0.029,0,0,0,0.005,0.318,0.658,0.705,0.483,0.171,0.019,0,0,0.112,0,0.075,0.074,0,0.21,0.498,0.894,0.69,0.363,0,0.05,0,0,0,0,0.011,0,0.001,0,0.466,0.835,0.819,0.522,0.125,0.022,0,0.054,0,0.024,0.048,0.001,0.006,0.024,0.306,0.523,0.545,0.148,0.09,0.156,0.048,0,0.11,0.1,0.002,0.04,0.133,0.077,0.187,0.45,0.574,0.32,0,0.014,0.028,0,0.018,0,0,0,0.04,0,0.086,0.142,0.057,0.256,0.458,0.474,0.308,0.316,0.472,0.485,0.349,0.418,0.459,0.363,0.218,0.071,0.213,0,0,0.026,0.003,0.001,0,0.028,0.157,0,0,0.01,0,0.023,0,0.33,0.63,0.854,0.612,0.414,0.806,0.83,0.41,0.611,0.912,0.658,0.217,0.072,0.04,0,0.047,0,0,0.027,0.105,0,0.039,0,0,0.052,0,0.025,0.018,0.283,0.609,0.725,0.568,0.433,0.717,0.726,0.348,0.507,0.69,0.529,0.195,0,0.046,0.029,0.014,0.012,0.068,0.009,0,0.057,0,0.009,0,0,0.078,0,0.064,0.178,0.321,0.356,0.235,0.307,0.304,0.311,0.099,0.243,0.382,0.306,0.054,0,0,0,0.076,0,0.017,0,0.035,0,0.045,0,0,0,0,0.024,0.037,0,0.127,0.019,0.099,0.014,0,0.004,0.075,0.015,0,0,0.051,0.008,0.033,0.08,0,0.059,0.022,0,0.011,0,0,0,0.033,0,0.018,0,0,0,0.049,0.015,0.025,0.124,0,0,0,0,0.009,0,0.058,0,0.032,0.013,0,0,0.053,0.056,0,0.021,0.013,0,0,0,0,0,0.022,0,0,0.047,0,0.034,0,0,0.075,0.051,0.058,0,0.028,0,0.018,0,0.019,0.016,0,0,0,0,0,0.068
9,0,0.018,0.005,0.008,0,0,0.195,0.486,0.716,0.631,0.208,0.538,0.717,0.591,0.249,0.612,0.72,0.51,0.286,0.071,0.068,0,0,0.054,0.061,0.025,0,0,0.044,0,0.048,0,0.23,0.221,0.038,0.165,0.378,0.33,0.057,0.196,0.333,0.124,0,0.312,0.341,0.223,0.005,0.089,0.249,0.107,0.014,0,0,0.023,0.004,0.006,0,0,0.079,0.362,0.595,0.526,0.336,0.048,0,0.083,0.034,0,0.087,0,0.049,0,0.046,0,0.184,0.477,0.634,0.455,0.205,0,0,0.026,0,0.042,0.033,0.026,0.256,0.478,0.945,0.767,0.243,0,0.074,0,0,0,0.039,0.055,0.021,0,0,0.056,0.324,0.603,1,0.615,0.254,0.065,0,0.001,0.021,0.05,0.055,0,0.11,0.373,0.674,0.52,0.254,0.1,0,0.049,0,0.002,0.06,0,0.007,0,0,0,0.126,0.464,0.712,0.539,0.137,0,0.018,0.03,0.042,0.033,0,0,0.048,0.182,0.328,0.262,0.062,0,0.019,0.005,0.082,0,0,0,0.029,0.032,0,0.029,0.023,0.289,0.349,0.232,0.049,0.089,0.023,0,0.01,0.039,0.027,0,0.12,0.413,0.534,0.538,0.209,0.052,0.002,0,0.008,0.055,0.048,0,0,0.011,0,0,0.123,0.456,0.617,0.492,0.176,0.028,0.042,0.054,0,0.027,0,0,0.253,0.645,0.864,0.641,0.323,0.006,0.033,0.012,0,0.016,0.022,0,0,0.057,0,0.045,0.319,0.654,0.96,0.684,0.261,0,0,0.012,0.025,0,0.02,0.056,0.143,0.481,0.601,0.615,0.307,0,0,0.02,0,0.015,0.005,0,0,0.063,0.09,0,0.169,0.548,0.687,0.449,0.139,0.058,0,0,0,0.026,0,0.031,0.035,0.157,0.235,0.325,0.013,0.229,0.216,0.162,0,0.139,0.157,0.225,0.006,0.217,0.291,0.188,0,0.296,0.192,0.109,0,0.042,0.032,0,0,0.035,0,0,0,0.022,0,0.003,0.129,0.472,0.543,0.549,0.309,0.482,0.707,0.496,0.232,0.448,0.696,0.558,0.273,0.435,0.559,0.436,0.195,0,0,0.032,0.009,0.037,0.05,0,0.003,0,0,0,0.156,0.544,0.908,0.724,0.325,0.596,0.88,0.661,0.3,0.577,0.99,0.71,0.264,0.589,1,0.608,0.186,0,0,0,0.08,0,0,0,0.006,0,0.11,0.037,0.122,0.412,0.683,0.522,0.264,0.45,0.721,0.429,0.169,0.452,0.628,0.549,0.26,0.503,0.614,0.505,0.161,0.033,0.052,0,0.016,0.023,0.024,0,0.03,0,0.018,0,0.042,0.053,0.303,0.165,0.06,0.177,0.256,0.283,0.131,0.145,0.203,0.235,0,0.221,0.305,0.169,0.019,0.102,0.113,0.047,0,0.15,0.093,0,0.033,0,0.002,0.036,0.005,0,0,0,0.108,0.028,0.035,0.008,0.059,0.024,0,0,0.223,0.495,0.675,0.588,0.148,0,0.083,0,0.038,0.114,0.022,0,0.014,0,0,0.039,0,0.005,0,0.023,0,0.012,0,0.102,0,0,0,0.088,0.272,0.627,0.968,0.568,0.251,0,0,0.053,0.037,0,0,0.005,0,0.011,0,0.052,0.03,0.027,0,0,0,0.047,0.054,0.066,0,0,0,0.062,0.165,0.485,0.545,0.517,0.084,0,0,0.009,0,0,0.036,0,0.042,0,0,0,0.044,0.083,0,0,0,0,0,0,0.106,0.191,0.222,0.276,0,0.184,0.215,0.185,0.057,0.075,0,0,0.014,0,0,0.019,0.102,0,0,0,0,0.062,0,0,0,0.009,0,0.113,0.26,0.518,0.659,0.514,0.195,0.01,0.011,0.034,0.041,0,0,0,0,0,0,0.078,0,0,0,0.091,0,0,0,0.027,0.027,0,0.022,0.017,0.253,0.484,0.939,0.608,0.189,0.039,0.036,0,0,0.064,0.08,0,0,0,0.009,0,0.029,0.027,0.065,0,0.03,0,0,0.024,0,0.055,0,0.028,0.125,0.466,0.548,0.527,0.195,0,0,0.038,0.032,0,0.068,0.072,0.033,0.027,0.005,0,0.032,0,0,0.04,0,0.268,0.339,0.326,0.089,0.215,0.283,0.232,0.034,0.046,0.161,0.198,0,0,0,0,0.04,0.036,0,0.016,0.065,0,0,0,0,0.018,0,0,0.116,0.47,0.693,0.643,0.168,0.49,0.699,0.547,0.296,0,0.033,0.012,0,0,0.11,0,0.02,0.038,0,0.008,0,0,0.071,0.013,0.03,0.045,0,0,0.153,0.596,0.815,0.618,0.345,0.6,0.915,0.659,0.243,0,0,0.031,0,0.022,0,0.016,0.01,0.009,0.061,0,0,0.012,0,0.004,0,0,0.021,0.039,0.027,0.41,0.578,0.544,0.175,0.335,0.569,0.425,0.154,0,0,0,0.057,0.023,0,0,0,0.039,0.037,0.064,0.029,0,0,0,0.075,0,0.015,0.025,0.046,0.131,0.212,0.162,0,0.054,0.17,0.169,0.032,0,0,0.018,0.131,0.053,0,0.016,0.015,0.052,0,0.112,0.043,0.085,0,0,0.041,0.005,0.023,0,0,0,0,0,0,0,0,0.047,0.004,0.01,0.033,0,0.003,0.081,0,0.014,0,0.006,0.022,0,0.073,0,0,0.032,0.044,0,0,0,0.014,0,0.001,0,0,0,0.035,0.006,0.083,0,0.087,0,0.055,0.012,0.04,0,0.009,0.021,0.072,0,0.052,0
0,0,0,0.03,0.06,0.048,0.376,0.658,0.927,0.579,0.492,0.767,0.816,0.406,0.607,0.904,0.74,0.397,0.038,0.105,0,0.028,0,0,0,0,0.057,0.006,0.036,0,0,0.019,0.095,0.003,0.161,0.426,0.578,0.326,0.21,0.518,0.547,0.303,0.311,0.517,0.574,0.245,0,0.026,0,0,0.037,0,0,0.005,0.048,0.014,0,0,0.054,0.314,0.448,0.331,0.061,0.239,0.229,0.063,0,0.216,0.127,0.023,0.136,0.239,0.152,0,0.24,0.415,0.285,0.12,0.007,0,0,0,0.028,0.069,0.144,0.033,0.289,0.596,0.759,0.496,0.194,0.052,0.064,0.041,0,0.016,0,0,0.081,0.025,0,0.114,0.514,0.728,0.625,0.329,0,0,0,0,0,0.044,0,0,0.261,0.547,0.937,0.652,0.165,0,0.085,0,0,0,0.113,0,0,0.072,0.049,0.253,0.641,0.847,0.534,0.282,0,0.069,0.042,0.081,0,0,0.06,0.039,0.156,0.371,0.504,0.408,0.064,0,0.011,0,0.02,0,0.056,0.058,0,0.156,0.042,0.19,0.273,0.474,0.414,0.002,0.002,0,0,0,0.005,0.017,0.062,0,0.127,0.295,0.588,0.387,0.114,0,0.028,0.007,0,0.066,0,0.036,0.319,0.491,0.567,0.179,0.328,0.475,0.36,0.137,0,0.025,0.155,0.052,0.019,0.021,0.026,0,0.29,0.596,0.886,0.723,0.235,0.001,0.023,0.081,0,0,0.013,0.205,0.531,0.839,0.777,0.242,0.524,0.804,0.604,0.362,0.042,0,0,0.099,0.029,0.009,0,0.041,0.219,0.446,0.815,0.5,0.185,0,0,0,0,0.057,0,0.112,0.55,0.733,0.703,0.395,0.539,0.747,0.502,0.237,0,0.021,0.08,0,0,0.008,0.027,0.056,0.038,0.255,0.376,0.254,0,0,0,0,0,0.081,0.267,0,0.22,0.394,0.351,0.089,0.244,0.283,0.253,0.089,0.036,0.007,0.027,0,0,0,0.021,0.05,0.178,0.525,0.615,0.514,0.154,0,0.006,0,0.305,0.467,0.578,0.292,0.022,0,0,0.226,0.362,0.511,0.499,0.195,0.049,0.015,0.001,0.026,0.096,0,0.048,0,0.245,0.622,0.983,0.579,0.258,0,0,0.048,0.323,0.676,0.875,0.401,0.075,0,0,0.247,0.607,1,0.637,0.28,0.005,0.078,0,0,0,0.041,0.071,0.012,0.108,0.52,0.675,0.532,0.185,0.075,0.044,0,0.356,0.579,0.723,0.397,0.104,0.021,0.11,0.202,0.52,0.649,0.483,0.217,0.056,0,0,0.046,0.005,0,0.034,0,0.054,0.19,0.37,0.243,0.041,0.246,0.245,0.243,0.07,0.253,0.283,0.189,0,0,0,0,0.232,0.382,0.242,0.092,0.065,0.02,0.023,0,0,0,0,0,0.14,0.505,0.707,0.447,0.324,0.587,0.668,0.446,0.026,0.029,0.077,0,0.006,0,0,0.137,0.541,0.647,0.564,0.182,0.028,0.052,0,0,0,0.025,0.04,0.061,0.29,0.63,0.976,0.684,0.393,0.651,0.93,0.543,0.091,0.034,0,0,0,0.11,0,0.143,0.597,0.914,0.684,0.35,0,0.021,0,0.058,0,0,0.015,0.016,0.148,0.521,0.633,0.396,0.271,0.509,0.596,0.34,0.09,0,0,0,0,0.045,0.051,0.046,0.515,0.67,0.475,0.104,0.016,0.029,0.009,0.032,0,0,0.091,0.034,0.058,0.305,0.407,0.267,0.062,0.245,0.154,0.079,0,0.073,0,0,0,0,0,0.021,0.167,0.366,0.254,0.103,0,0,0,0,0,0.1,0,0,0.273,0.585,0.776,0.58,0.242,0.012,0.027,0,0,0.053,0.055,0,0.03,0,0.066,0.199,0.542,0.716,0.697,0.333,0,0,0.059,0.098,0,0,0.041,0,0.25,0.702,0.775,0.628,0.264,0,0,0,0.024,0.064,0,0,0.009,0,0,0.121,0.631,0.861,0.681,0.241,0,0.082,0,0,0,0.023,0.071,0,0.164,0.476,0.497,0.402,0.087,0.066,0.082,0.059,0,0.059,0.029,0,0.046,0,0.012,0.169,0.32,0.54,0.402,0.158,0,0,0.032,0,0,0.07,0,0.017,0,0.123,0.127,0.036,0.085,0.424,0.5,0.24,0.227,0.433,0.442,0.255,0.325,0.431,0.374,0.263,0.066,0.141,0.135,0.028,0.025,0,0.001,0.045,0.079,0,0,0,0.085,0.071,0,0,0.322,0.687,0.905,0.526,0.387,0.74,0.808,0.376,0.523,0.812,0.628,0.223,0,0.008,0.107,0.059,0.008,0.034,0,0.018,0,0,0.035,0.003,0.052,0,0.115,0,0.395,0.769,0.78,0.479,0.426,0.761,0.769,0.474,0.519,0.766,0.695,0.266,0,0.069,0,0.001,0,0,0.099,0.009,0.006,0,0,0.051,0,0.004,0.011,0,0.087,0.35,0.312,0.251,0.155,0.402,0.442,0.156,0.22,0.328,0.395,0.084,0,0.032,0.003,0,0.039,0,0,0,0.011,0,0,0,0,0,0,0.06,0,0,0.045,0,0,0.091,0.101,0.023,0,0.164,0,0.04,0.026,0,0.141,0,0,0.089,0,0,0,0.014,0,0,0,0.025,0,0,0,0,0,0,0,0,0.04,0.014,0,0,0.044,0.014,0,0.009,0.04,0.02,0.069,0,0.046,0,0,0.001,0,0.015,0.028,0.005,0,0.025,0.005,0,0,0.102,0,0,0.029,0.027,0,0.045,0,0.018,0,0.033,0.03,0,0,0,0,0.021,0,0.083,0.032
1,0.061,0,0,0.074,0.031,0,0.07,0.018,0,0.014,0.196,0.49,0.628,0.534,0.163,0,0,0,0.025,0.116,0,0.054,0,0.009,0.031,0,0,0,0,0,0,0.039,0.03,0.081,0,0.214,0.255,0.141,0.005,0.194,0.243,0.219,0.005,0,0.089,0.008,0.029,0,0,0,0.006,0.012,0,0.052,0.031,0.053,0,0.031,0.036,0.033,0,0.095,0.106,0.476,0.668,0.489,0.226,0.519,0.517,0.518,0.178,0,0.1,0.023,0.061,0.039,0,0.024,0,0.061,0,0,0,0.011,0.068,0,0.039,0.048,0.091,0.026,0.186,0.502,0.968,0.645,0.344,0.64,1,0.59,0.254,0.043,0,0.026,0,0,0.064,0.009,0.062,0.036,0.044,0,0,0,0,0.004,0.039,0,0,0.015,0.116,0.392,0.606,0.496,0.273,0.443,0.632,0.431,0.209,0,0,0.045,0.006,0,0.109,0,0,0.006,0,0.006,0.129,0.007,0,0,0,0.058,0,0.011,0,0.078,0.269,0.139,0.01,0.186,0.357,0.317,0,0.004,0.071,0,0.015,0,0.007,0.015,0,0,0,0.017,0,0.082,0,0,0,0,0.077,0.014,0,0,0,0.04,0.244,0.595,0.734,0.586,0.186,0,0,0,0,0,0.004,0,0,0,0,0.024,0,0.041,0,0,0,0,0,0,0.027,0,0,0.032,0.279,0.664,0.925,0.67,0.299,0,0,0.01,0,0.022,0,0.009,0,0.014,0.043,0,0.043,0,0.093,0,0,0.014,0,0,0.053,0,0,0,0.184,0.484,0.585,0.392,0.201,0.001,0,0.095,0.048,0.024,0,0.042,0,0,0.065,0,0,0.089,0.017,0.011,0,0.003,0.015,0,0.001,0.038,0,0.087,0.086,0.32,0.395,0.262,0.018,0.138,0.06,0,0,0.001,0,0,0,0,0.094,0.028,0,0.027,0,0.042,0,0,0.007,0,0,0.071,0,0.034,0.188,0.609,0.777,0.607,0.171,0,0,0,0.117,0,0.026,0.005,0.002,0,0,0.02,0,0,0,0,0.027,0.037,0,0,0.073,0,0,0,0.17,0.624,0.887,0.671,0.26,0.034,0,0.004,0.023,0.073,0,0,0.058,0,0.07,0,0.045,0,0,0.06,0.051,0,0.056,0,0.029,0.029,0,0.028,0.227,0.33,0.505,0.467,0.132,0.043,0,0,0.025,0,0.034,0.002,0.021,0.085,0,0.019,0,0.024,0.043,0.054,0.001,0,0.031,0.018,0.098,0,0,0.059,0,0.369,0.439,0.346,0.164,0.023,0.101,0.035,0.017,0.008,0.036,0.086,0.036,0,0.046,0.002,0,0.015,0.012,0.088,0.009,0.009,0,0,0.091,0,0,0.041,0.264,0.526,0.755,0.649,0.186,0,0.008,0,0,0.015,0,0.131,0.024,0,0.059,0.07,0.098,0.05,0.057,0,0.066,0.033,0.102,0,0,0,0.058,0,0.157,0.614,0.871,0.596,0.257,0,0,0,0,0,0.007,0,0.029,0,0.091,0,0,0,0,0.064,0,0.038,0.016,0,0.032,0,0.016,0.033,0.109,0.317,0.456,0.384,0.016,0.041,0,0.083,0,0,0,0.061,0,0.006,0.066,0,0.019,0,0.1,0.093,0,0.033,0,0.035,0,0,0,0.038,0.136,0.325,0.411,0.256,0.139,0.011,0.078,0,0.003,0,0,0.012,0.065,0.042,0,0,0,0,0,0.036,0,0.006,0,0,0,0,0.05,0,0.226,0.613,0.913,0.608,0.275,0.059,0,0.072,0.028,0.013,0,0.038,0.101,0.111,0.09,0,0,0,0.018,0.015,0.055,0,0.034,0,0.07,0,0,0.024,0.287,0.599,0.745,0.605,0.175,0,0.125,0,0.02,0.056,0.058,0.055,0,0.096,0.01,0,0.019,0,0.053,0.007,0.058,0.078,0.023,0,0,0.027,0.163,0.054,0.023,0.319,0.397,0.392,0.106,0.205,0.146,0.065,0.039,0.059,0.047,0,0.042,0,0,0,0.032,0.013,0,0,0,0,0,0,0.102,0.258,0.577,0.376,0.127,0.425,0.565,0.34,0.193,0.441,0.55,0.372,0.054,0,0,0,0.045,0.036,0,0.013,0,0,0,0,0.069,0,0.028,0,0.193,0.48,0.929,0.622,0.244,0.659,0.838,0.597,0.246,0.641,0.912,0.56,0.165,0,0,0.001,0,0,0,0,0,0,0,0,0.026,0,0.057,0,0.069,0.5,0.773,0.563,0.239,0.447,0.784,0.555,0.179,0.655,0.716,0.456,0.09,0.014,0,0,0.033,0.024,0.039,0,0,0.027,0,0.064,0,0.096,0.052,0,0.035,0.319,0.348,0.365,0.102,0.272,0.458,0.243,0.093,0.32,0.383,0.272,0.001,0,0.029,0.03,0.017,0.056,0.089,0,0.065,0,0.093,0.027,0.085,0,0.029,0,0,0.003,0,0.045,0.063,0,0,0.106,0,0.091,0.003,0,0,0,0,0.063,0,0,0.056,0.032,0,0,0,0.013,0,0,0,0,0,0.072,0,0,0.01,0,0,0.011,0.059,0.083,0,0.032,0.081,0,0.02,0,0,0,0.016,0,0,0,0,0.005,0.034,0.137,0,0,0,0.006,0,0.026,0,0,0,0,0.018,0,0.003,0.081,0,0,0,0.04,0.033,0.025,0,0,0.054,0.128
2,0,0,0.035,0,0.063,0,0.072,0.255,0.345,0.19,0.197,0.279,0.217,0.109,0.193,0.176,0.056,0,0.104,0.01,0,0,0,0,0.055,0.009,0,0,0.083,0,0,0.024,0,0,0.278,0.53,0.655,0.304,0.501,0.705,0.583,0.4,0.681,0.604,0.361,0,0,0.011,0.057,0.022,0.059,0,0.046,0.072,0,0,0.004,0.025,0,0,0,0.007,0.344,0.733,0.856,0.532,0.555,0.972,0.768,0.501,0.768,0.896,0.421,0,0.074,0.015,0,0.012,0.017,0,0,0,0,0,0.004,0,0.025,0,0.116,0.121,0.229,0.606,0.695,0.393,0.47,0.599,0.545,0.311,0.618,0.537,0.306,0.025,0.115,0.079,0,0.023,0.038,0.032,0.024,0.022,0,0.005,0,0.03,0,0.343,0.561,0.424,0.141,0.358,0.132,0.084,0.171,0.18,0.186,0,0.176,0.166,0.088,0.397,0.558,0.372,0.095,0.014,0,0,0,0.001,0,0.054,0,0.024,0.131,0.535,0.845,0.629,0.235,0.034,0.02,0,0,0.144,0.052,0,0,0,0.234,0.621,0.894,0.546,0.223,0,0.043,0.026,0.052,0,0,0.002,0,0,0.128,0.507,0.679,0.577,0.294,0,0,0,0.061,0,0.07,0,0.016,0.045,0.145,0.564,0.738,0.528,0.307,0.053,0.042,0,0.03,0,0.066,0.006,0,0.004,0,0.219,0.396,0.296,0.112,0.022,0.035,0,0.02,0,0.045,0.037,0.064,0.098,0.016,0.284,0.502,0.284,0.026,0.009,0.05,0.032,0.037,0.048,0,0,0.069,0.102,0,0,0,0,0,0,0,0.018,0.044,0.018,0,0.002,0,0,0.192,0.556,0.749,0.524,0.198,0,0.043,0.04,0,0.024,0.115,0.054,0.006,0,0,0,0,0.038,0.01,0.04,0.023,0,0.019,0.01,0.047,0.034,0,0.001,0.211,0.745,0.851,0.641,0.154,0,0,0,0.057,0,0,0.011,0.026,0,0,0,0,0,0,0.017,0,0,0.022,0.082,0.041,0.1,0.185,0.083,0.201,0.424,0.532,0.436,0.176,0.001,0.045,0,0.016,0.03,0.072,0,0.005,0,0.038,0.014,0.012,0.013,0,0.061,0,0,0,0.032,0,0.336,0.619,0.654,0.296,0.012,0.146,0,0.044,0,0,0,0.074,0,0.027,0.008,0.056,0.01,0.058,0,0.057,0,0,0,0,0,0,0.095,0.084,0.472,0.82,0.789,0.493,0.096,0,0.024,0,0.1,0.007,0,0,0,0,0,0.008,0.076,0,0.012,0.019,0.086,0,0,0,0,0.047,0.06,0.064,0.277,0.605,0.624,0.355,0,0.013,0.029,0.046,0.004,0,0,0.027,0,0.029,0.052,0.022,0.03,0,0,0,0,0.009,0.023,0.069,0,0.394,0.462,0.35,0.059,0.263,0.31,0.1,0.049,0,0,0.033,0,0,0,0,0,0.016,0,0,0,0.052,0.059,0.03,0,0.032,0.017,0,0.085,0.509,0.741,0.659,0.178,0.059,0,0,0,0.07,0.022,0.018,0,0.043,0.057,0.043,0.051,0.072,0.035,0.085,0.004,0.001,0,0.017,0.114,0.066,0.032,0.079,0.244,0.579,0.825,0.647,0.309,0.038,0.035,0.097,0.001,0,0,0.044,0.04,0,0.007,0.06,0.023,0,0.022,0,0.002,0,0,0,0.048,0.041,0.115,0.218,0,0.355,0.459,0.322,0.036,0.068,0.064,0.019,0.027,0.026,0,0.026,0,0,0,0.006,0,0,0,0.045,0,0.003,0.019,0.022,0,0.359,0.538,0.546,0.367,0.073,0.058,0.064,0.04,0,0.003,0.019,0.03,0,0.037,0.059,0,0,0.047,0.084,0,0.013,0,0,0,0,0.002,0.044,0.027,0.426,0.746,0.863,0.556,0.08,0.043,0,0.044,0,0,0.087,0,0,0.009,0,0,0.026,0,0.004,0,0.032,0,0.036,0.036,0.053,0,0.098,0.107,0.291,0.568,0.657,0.347,0.071,0.019,0.028,0,0.036,0.141,0,0,0.133,0,0,0,0.01,0.03,0.075,0.032,0,0.011,0.063,0,0.08,0.33,0.376,0.383,0.187,0.416,0.475,0.355,0.253,0.446,0.44,0.258,0.393,0.434,0.224,0.4,0.4,0.384,0.067,0.015,0.02,0,0,0,0.045,0.011,0.025,0,0.089,0.496,0.855,0.703,0.268,0.684,0.828,0.492,0.57,0.82,0.542,0.463,0.746,0.821,0.373,0.557,0.938,0.555,0.202,0.06,0,0,0.02,0.057,0.051,0.025,0.022,0.042,0.186,0.544,0.744,0.68,0.367,0.685,0.784,0.465,0.49,0.745,0.577,0.458,0.78,0.733,0.353,0.589,0.776,0.574,0.231,0,0,0.016,0.033,0,0,0,0,0.046,0,0.201,0.438,0.342,0.077,0.372,0.355,0.25,0.311,0.396,0.341,0.125,0.407,0.44,0.207,0.359,0.427,0.269,0.071,0,0,0,0.041,0,0,0.042,0.026,0.015,0,0,0.098,0,0.041,0.106,0.099,0.036,0,0,0.046,0,0.04,0,0,0.027,0.024,0,0,0.052,0.066,0.031,0,0,0,0.043,0.042,0,0.096,0.063,0.009,0.078,0,0,0,0.054,0,0,0,0,0.047,0.028,0.046,0,0,0,0,0,0,0,0,0.121,0.049,0,0.037,0,0.02,0,0,0,0,0,0,0.051,0.048,0.045,0.026,0.102,0,0.047,0.009,0,0.017,0,0,0,0,0,0.003,0,0.024,0.038
3,0.001,0,0,0.506,0.91,0.743,0.401,0.64,0.911,0.721,0.319,0.712,0.984,0.483,0.546,0.778,0.726,0.443,0.598,0.915,0.608,0.202,0.019,0,0.062,0.02,0,0,0,0,0.077,0.307,0.692,0.61,0.363,0.506,0.681,0.497,0.307,0.553,0.626,0.486,0.397,0.628,0.589,0.282,0.455,0.638,0.61,0.247,0,0,0,0,0.107,0.014,0.008,0,0.011,0.274,0.27,0.306,0,0.21,0.343,0.185,0,0.231,0.328,0.104,0.253,0.238,0.203,0.06,0.243,0.274,0.225,0,0.023,0,0,0.009,0.066,0,0.051,0.003,0.013,0,0,0.025,0.01,0.026,0.003,0.042,0.024,0.021,0.001,0.064,0.493,0.655,0.611,0.283,0.005,0.028,0,0,0.096,0,0,0.054,0,0.01,0.029,0.077,0,0.012,0,0,0.047,0.147,0,0,0,0,0,0.14,0.526,0.844,0.877,0.46,0.035,0,0,0.036,0,0,0,0.014,0.025,0,0.048,0,0,0.023,0.017,0.01,0,0,0,0,0,0.104,0.114,0.044,0.306,0.571,0.506,0.223,0.086,0,0,0,0.093,0.024,0.064,0,0,0,0,0,0,0,0.038,0,0,0.006,0,0.003,0.271,0.37,0.368,0.21,0.045,0.217,0.171,0,0,0,0.067,0,0,0,0,0.037,0,0.071,0,0.071,0,0.077,0,0,0.067,0,0.051,0,0.342,0.743,0.687,0.477,0,0.068,0,0,0.057,0.054,0,0,0.077,0,0.092,0.059,0,0,0.072,0.041,0,0.091,0,0.007,0,0,0.049,0,0.329,0.696,0.807,0.469,0.104,0,0.063,0,0,0.072,0,0,0.011,0,0.049,0.043,0.069,0,0,0.055,0.055,0.002,0,0,0,0.008,0,0,0.113,0.35,0.504,0.321,0.038,0.166,0.236,0,0.001,0,0.059,0,0.063,0,0.012,0.06,0.015,0.096,0.08,0.045,0.035,0.089,0,0,0,0,0.093,0,0,0.06,0.047,0,0.391,0.585,0.544,0.2,0,0.059,0,0.047,0,0.068,0,0.033,0.081,0.037,0,0.03,0.115,0,0.027,0.06,0,0,0.06,0,0,0,0,0.194,0.417,0.842,0.777,0.354,0.008,0,0,0.007,0.027,0.069,0,0.083,0,0.073,0.038,0.032,0.018,0,0,0.06,0.046,0,0.068,0.016,0,0,0.021,0.1,0.423,0.738,0.648,0.285,0.065,0.005,0.004,0.062,0,0,0,0.032,0.06,0,0,0.021,0,0,0,0.108,0,0,0.013,0,0,0,0,0.042,0.178,0.289,0.247,0.109,0.201,0.355,0.18,0,0,0,0.012,0.006,0,0.031,0.01,0.043,0.062,0.005,0.03,0.064,0.002,0,0.064,0.025,0,0.047,0.007,0,0.009,0,0.017,0.114,0.57,0.551,0.564,0.149,0,0.025,0.004,0,0,0,0,0.052,0,0.032,0.072,0,0,0,0.006,0.039,0.036,0.088,0,0,0,0.051,0,0.177,0.599,0.908,0.565,0.194,0,0.087,0.043,0,0.019,0.027,0,0,0,0.023,0.054,0.018,0.006,0,0,0.037,0.021,0.036,0.019,0,0.022,0,0,0.127,0.495,0.515,0.448,0.202,0.048,0.014,0.011,0.029,0,0.02,0,0.056,0,0.217,0.508,0.345,0.26,0,0.022,0.047,0.07,0.046,0,0,0.082,0.025,0,0.087,0.373,0.356,0.329,0.106,0.061,0.044,0.025,0.015,0,0.085,0,0,0.061,0.444,0.803,0.679,0.396,0.005,0,0,0.024,0,0,0.002,0.019,0,0.101,0.169,0.53,0.757,0.706,0.1,0.039,0,0.009,0.039,0.081,0.049,0,0,0.125,0.475,0.756,0.704,0.356,0.017,0.02,0.05,0.066,0.146,0.01,0,0.056,0.108,0,0.266,0.538,0.81,0.497,0.332,0.013,0,0.028,0.019,0,0,0,0.082,0.098,0.253,0.377,0.363,0.21,0.133,0.22,0.131,0.024,0.177,0.259,0.058,0.07,0.2,0.117,0.05,0.368,0.401,0.268,0.084,0,0.032,0,0.086,0.005,0.009,0,0.004,0,0,0.152,0.084,0.19,0.425,0.576,0.454,0.225,0.461,0.588,0.35,0.408,0.556,0.586,0.325,0,0,0,0.029,0,0,0.049,0.007,0.02,0.053,0,0,0.034,0.117,0,0,0.24,0.639,0.963,0.577,0.404,0.75,0.808,0.488,0.368,0.848,0.672,0.443,0,0.061,0.02,0,0,0,0.002,0,0,0,0,0,0,0,0,0.019,0.122,0.464,0.685,0.6,0.256,0.442,0.615,0.367,0.406,0.742,0.534,0.354,0,0,0,0,0,0,0,0.069,0.028,0.005,0,0,0.075,0,0,0.028,0.043,0.091,0.353,0.185,0.126,0.284,0.307,0.134,0.119,0.293,0.212,0.054,0.012,0.161,0,0,0.005,0.02,0,0.007,0.053,0.014,0,0,0,0.026,0.03,0.057,0,0.021,0.036,0,0.02,0,0.063,0,0,0,0,0,0.038,0,0,0.022,0,0.054,0.049,0.004,0,0.004,0.099,0,0.092,0,0,0,0,0,0.027,0.088,0.08,0.007,0.115,0.095,0.027,0,0,0.052,0,0,0,0.013,0.052,0,0,0,0.044,0,0.034,0,0,0,0,0.011,0.063,0.038,0,0.049,0.007,0.027,0.033,0.021,0,0.072,0,0,0.002,0.049,0,0.011,0.064,0,0.039,0.039,0,0
4,0.008,0,0.025,0,0,0,0,0,0,0.013,0.049,0,0.034,0,0,0.42,0.701,0.769,0.414,0.14,0,0,0.02,0,0.036,0,0,0,0.062,0,0,0.07,0.05,0,0,0,0.041,0.014,0,0,0.099,0.068,0,0.381,0.651,0.746,0.455,0.193,0,0,0.14,0.007,0,0,0,0.001,0.033,0,0,0,0,0,0.092,0.036,0.047,0,0,0,0.192,0.185,0.024,0.201,0.423,0.468,0.162,0.03,0,0.092,0.042,0.036,0,0,0.03,0,0,0,0.073,0.017,0,0.036,0,0,0,0,0.128,0.189,0.456,0.591,0.47,0.25,0.55,0.564,0.334,0,0.03,0,0.053,0.038,0.098,0,0.027,0,0,0.033,0.069,0.076,0.012,0.002,0.066,0,0,0,0.052,0.261,0.542,0.966,0.549,0.475,0.734,0.879,0.499,0.105,0,0,0.023,0,0.009,0,0,0,0,0.003,0,0,0,0.032,0.084,0,0,0,0.045,0.142,0.528,0.558,0.533,0.352,0.649,0.663,0.333,0.05,0.01,0,0.018,0,0.006,0,0.06,0.035,0.044,0,0.107,0,0.023,0,0.025,0,0.197,0.339,0.234,0.116,0.322,0.323,0.179,0.246,0.289,0.379,0.232,0,0,0.007,0,0.022,0,0.029,0.031,0.066,0.042,0.076,0,0,0,0.047,0,0.092,0.473,0.785,0.704,0.346,0.046,0.006,0.032,0.349,0.709,0.693,0.362,0,0,0,0,0.038,0,0.002,0.028,0.023,0.019,0.032,0,0,0,0.053,0.003,0.035,0.596,0.906,0.699,0.408,0.034,0.016,0.093,0.361,0.735,0.828,0.392,0.056,0.075,0.004,0,0,0.052,0,0.005,0,0,0,0.02,0,0.007,0.042,0.223,0,0.31,0.505,0.473,0.348,0.034,0.03,0.006,0.271,0.391,0.487,0.384,0,0.033,0,0.043,0,0,0,0,0.051,0.083,0.009,0,0,0.272,0.327,0.503,0.36,0.038,0.176,0.16,0.021,0.052,0,0,0.25,0.426,0.47,0.354,0.051,0.074,0,0,0.006,0,0.019,0.077,0,0.015,0.069,0,0,0.358,0.651,0.762,0.476,0.127,0.026,0.003,0.053,0,0.078,0.111,0.32,0.71,0.775,0.454,0.107,0,0.029,0,0,0.043,0,0.029,0,0.005,0,0,0.02,0.382,0.587,0.776,0.479,0.159,0,0,0,0,0.001,0,0.318,0.745,0.685,0.455,0.117,0.075,0,0,0.005,0.027,0.005,0.103,0,0,0,0.035,0.01,0.026,0.388,0.408,0.251,0.165,0.267,0.15,0,0.26,0.307,0.231,0.188,0.357,0.345,0.233,0.163,0.11,0.223,0.044,0.069,0,0.048,0.037,0,0,0.021,0.022,0,0.316,0.493,0.613,0.472,0.366,0.57,0.573,0.2,0.459,0.607,0.482,0.233,0.42,0.552,0.338,0.494,0.681,0.524,0.318,0.005,0.031,0.049,0.067,0.077,0.007,0,0,0.034,0.423,0.867,0.885,0.544,0.463,0.848,0.737,0.416,0.77,1,0.614,0.43,0.784,0.872,0.574,0.473,0.926,0.744,0.339,0,0.038,0,0,0.005,0,0.028,0,0,0.362,0.591,0.651,0.371,0.398,0.517,0.539,0.259,0.447,0.654,0.511,0.256,0.623,0.621,0.349,0.452,0.623,0.537,0.303,0.03,0.004,0.054,0.04,0.016,0.009,0.018,0,0.003,0.026,0.231,0.251,0.041,0.092,0.316,0.287,0.029,0.227,0.266,0.229,0.126,0.342,0.366,0.289,0.046,0.236,0.11,0.038,0,0,0,0,0,0,0.009,0.007,0.014,0.01,0,0,0.066,0,0.057,0,0.007,0,0,0.059,0.395,0.616,0.692,0.427,0.11,0.07,0.047,0,0.006,0,0.038,0.066,0.002,0,0.002,0,0.016,0,0,0,0,0,0.037,0,0,0,0.033,0.026,0.388,0.746,0.798,0.396,0.006,0.067,0.037,0,0.011,0,0,0,0.003,0,0,0.039,0.02,0.05,0,0,0,0.035,0.019,0.002,0.025,0,0.041,0.009,0.168,0.471,0.413,0.301,0.042,0.079,0.02,0,0,0,0.001,0,0,0,0.024,0,0.027,0.023,0,0,0,0.001,0.02,0,0.099,0.084,0,0.041,0.332,0.431,0.481,0.35,0,0.018,0.004,0,0.039,0.011,0.004,0.032,0.064,0,0.032,0.005,0.036,0.062,0,0,0,0,0.032,0.007,0,0.064,0.03,0,0.409,0.726,0.824,0.408,0.231,0,0,0.037,0.003,0.01,0.012,0.025,0,0.017,0.026,0.028,0,0.058,0.102,0,0,0,0,0.09,0.023,0.076,0.103,0.08,0.354,0.62,0.66,0.384,0.083,0.023,0.023,0.076,0,0.003,0.07,0.007,0.034,0,0,0.033,0.024,0.06,0,0.011,0,0,0,0.031,0.083,0.025,0,0.085,0.143,0.369,0.351,0.204,0.063,0.057,0,0,0.043,0.006,0.043,0,0,0.072,0.052,0.054,0,0,0.032,0.009,0,0.089,0,0,0.031,0,0,0.054,0.028,0,0.146,0.016,0,0.081,0,0.075,0.012,0,0,0.067,0,0.024,0.007,0,0,0,0.091,0,0.047,0,0.023,0.099,0.056,0,0.101,0.012,0,0,0,0,0.01,0.062,0,0.048,0,0,0.125,0,0,0,0,0,0.008,0,0.006,0.109,0.01,0,0.046,0,0.001,0.012,0.02,0,0,0,0.038,0.07,0.017,0,0.077,0.006,0,0,0.044,0.103,0
5,0.08,0,0.267,0.435,0.332,0.185,0.388,0.465,0.386,0.296,0.37,0.429,0.201,0.407,0.423,0.314,0.233,0.424,0.401,0.149,0,0.007,0,0.022,0.01,0.007,0.005,0.009,0,0.016,0.403,0.696,0.738,0.406,0.539,0.767,0.619,0.528,0.764,0.804,0.414,0.598,0.794,0.508,0.447,0.786,0.781,0.326,0.062,0,0.023,0,0.034,0.001,0.036,0,0.002,0.092,0.455,0.72,0.675,0.402,0.668,0.791,0.565,0.484,0.678,0.628,0.358,0.629,0.79,0.478,0.602,0.867,0.574,0.31,0,0.002,0.028,0.004,0.005,0.036,0,0,0.036,0.068,0.267,0.458,0.397,0.209,0.351,0.419,0.347,0.109,0.466,0.391,0.215,0.432,0.54,0.364,0.228,0.483,0.366,0.127,0,0.009,0.012,0.014,0.044,0,0.023,0.04,0.081,0.007,0.302,0.661,0.566,0.305,0,0.106,0,0,0.128,0.001,0.045,0.005,0.065,0,0,0.042,0,0,0.036,0.007,0.001,0.036,0,0.042,0.015,0,0.042,0.033,0.445,0.854,0.832,0.348,0.045,0.046,0.148,0.036,0.04,0,0.017,0,0.056,0,0.079,0,0,0.005,0,0,0,0.02,0,0,0.024,0,0.019,0,0.328,0.547,0.526,0.349,0.116,0.262,0,0.074,0.043,0.047,0,0.089,0.099,0.038,0,0,0,0,0.073,0,0.059,0.059,0.03,0,0.026,0.1,0,0,0.221,0.39,0.439,0.227,0.397,0.495,0.398,0.298,0.521,0.459,0.213,0.347,0.531,0.339,0.051,0.009,0,0.078,0,0.006,0.038,0,0.087,0.043,0.036,0,0,0.061,0.484,0.754,0.833,0.395,0.666,0.924,0.51,0.472,0.824,0.744,0.431,0.668,0.805,0.552,0.159,0.028,0,0,0.008,0.03,0,0,0.005,0,0,0,0.038,0.123,0.485,0.725,0.686,0.409,0.622,0.879,0.524,0.409,0.679,0.794,0.351,0.617,0.824,0.431,0.1,0,0,0.078,0.004,0,0,0,0.03,0,0,0.159,0.111,0.069,0.168,0.394,0.257,0.224,0.327,0.389,0.301,0.213,0.359,0.379,0.127,0.362,0.324,0.278,0.186,0.279,0.18,0.073,0.104,0,0.006,0.069,0.073,0,0,0.09,0,0.02,0,0,0,0,0.052,0.039,0,0.053,0.004,0.083,0.002,0.101,0.083,0.093,0.435,0.699,0.74,0.218,0,0,0.057,0.094,0.088,0.016,0,0.029,0,0.008,0,0,0,0,0.004,0,0.002,0,0.024,0,0.069,0,0.032,0.082,0.494,0.896,0.788,0.384,0.099,0,0.006,0,0.043,0,0.021,0,0,0,0.022,0.021,0,0,0,0,0.061,0.072,0.004,0,0,0.016,0.024,0.062,0.327,0.6,0.534,0.342,0,0,0.023,0,0.096,0,0,0.004,0,0.03,0,0,0.039,0.004,0,0,0.02,0.026,0.007,0.024,0.056,0,0.002,0.034,0.411,0.567,0.374,0.136,0,0.028,0.07,0.014,0.031,0,0.095,0.052,0,0.021,0.089,0,0,0,0,0.069,0.007,0,0,0,0.073,0.075,0.027,0.075,0.568,0.915,0.725,0.338,0.144,0,0,0,0.109,0,0,0.1,0,0,0,0,0,0,0,0,0.15,0,0.034,0,0.003,0,0,0.139,0.532,0.735,0.678,0.312,0.06,0,0,0,0,0,0,0,0.049,0.014,0.109,0.292,0.345,0.035,0,0.073,0,0.015,0,0,0.014,0.086,0.05,0.084,0.202,0.402,0.362,0.049,0.065,0,0.019,0,0.055,0.015,0.029,0.057,0,0,0.408,0.832,0.655,0.424,0.129,0,0,0,0,0.008,0.024,0.116,0.068,0.07,0.548,0.776,0.58,0.323,0.023,0.056,0.06,0,0.033,0,0.022,0,0,0.046,0.526,0.727,0.783,0.432,0.037,0.042,0,0,0,0.002,0.02,0,0.061,0.167,0.55,0.872,0.683,0.337,0.003,0,0,0.087,0.033,0.025,0.009,0.075,0.016,0,0.338,0.522,0.483,0.24,0.082,0.149,0.103,0,0.161,0.219,0.088,0.117,0.162,0.043,0.305,0.523,0.539,0.218,0.022,0,0.016,0,0.021,0.041,0.017,0,0,0,0,0.237,0.083,0.143,0.457,0.55,0.324,0.338,0.579,0.491,0.205,0.512,0.527,0.455,0.141,0.197,0.026,0.008,0.063,0.03,0,0,0.123,0.078,0.032,0,0.049,0.032,0,0,0,0.291,0.578,0.947,0.573,0.484,0.86,0.761,0.338,0.726,1,0.557,0.326,0,0,0.042,0.035,0.068,0,0.018,0,0.027,0.01,0,0,0,0.082,0,0.006,0.194,0.604,0.797,0.54,0.451,0.644,0.6,0.268,0.649,0.674,0.412,0.141,0,0,0,0.007,0.028,0.025,0.082,0.036,0,0.017,0.098,0.048,0.081,0.064,0.011,0,0.027,0.312,0.303,0.196,0.151,0.348,0.331,0.057,0.293,0.264,0.162,0.142,0,0.041,0,0,0.017,0.008,0.098,0.035,0.046,0,0.073,0,0.036,0.04,0,0,0.027,0,0.015,0.096,0,0,0.043,0.048,0,0.068,0.056,0.069,0.046,0,0,0,0,0.02,0.05,0,0.017,0,0.084,0,0.02,0.087,0,0.077,0,0,0,0,0.022,0.001,0,0,0.007,0,0,0.024,0.001,0,0,0,0,0,0,0,0,0,0.02,0,0.044,0,0.025,0.013,0,0.005,0,0,0.045,0.09,0,0.055,0.086,0.07,0.045,0.028,0,0.002,0.032,0,0.025,0.03,0.058,0.005,0.001,0.04,0.007
6,0,0.012,0.085,0.045,0,0,0.143,0,0,0.053,0.183,0.377,0.366,0.212,0.398,0.359,0.177,0.048,0,0.023,0.01,0.017,0,0.076,0,0.023,0.008,0,0,0,0.024,0,0.034,0.032,0,0.038,0.059,0.06,0.453,0.712,0.707,0.378,0.602,0.755,0.49,0.164,0.036,0.027,0.13,0.004,0.034,0,0.042,0,0,0,0.01,0.021,0.051,0.077,0,0,0,0.047,0,0.071,0.472,0.736,0.827,0.4,0.637,0.948,0.602,0.226,0,0.01,0,0,0.052,0.064,0.082,0,0,0,0.001,0,0,0,0,0,0,0.175,0.243,0.117,0.275,0.535,0.438,0.221,0.413,0.494,0.288,0.016,0.029,0,0,0,0.124,0,0,0.013,0,0,0.055,0.018,0.008,0.011,0,0,0.141,0.388,0.549,0.503,0.107,0.173,0.113,0,0.15,0.126,0.025,0.084,0,0,0.03,0.002,0,0,0,0,0,0,0.07,0,0,0,0,0.04,0.224,0.711,0.975,0.675,0.241,0.059,0.077,0,0.001,0.021,0.101,0.038,0.095,0,0,0,0,0,0.032,0,0.092,0,0.12,0,0,0,0,0.118,0.224,0.588,0.607,0.494,0.126,0,0,0.029,0.052,0,0.02,0,0,0.007,0.01,0,0,0,0,0,0,0,0.027,0,0.005,0.176,0.4,0.345,0.239,0.194,0.35,0.241,0.024,0,0,0,0.04,0,0,0,0.027,0,0.061,0,0,0,0,0,0,0.036,0,0.021,0.03,0.381,0.726,0.682,0.423,0.079,0,0,0.002,0.058,0.035,0.05,0.041,0.018,0.071,0.075,0.03,0.039,0.06,0,0,0,0.132,0.004,0.028,0,0.079,0.025,0.087,0.307,0.727,0.851,0.462,0,0.068,0,0,0.041,0,0.028,0.016,0,0.062,0,0.036,0,0,0,0,0,0,0,0,0.002,0,0,0.001,0.136,0.386,0.503,0.254,0.269,0.291,0.169,0.114,0.213,0.236,0.028,0.242,0.341,0.1,0,0,0,0,0.054,0.05,0.005,0.027,0.031,0,0.004,0.064,0,0.063,0.252,0.552,0.664,0.306,0.465,0.642,0.494,0.394,0.541,0.537,0.34,0.553,0.676,0.496,0.127,0,0.032,0.014,0.009,0.038,0.035,0.022,0.038,0,0.031,0,0,0,0.371,0.782,0.801,0.592,0.619,0.998,0.637,0.435,0.848,0.824,0.446,0.687,0.956,0.607,0.22,0.042,0,0,0,0.023,0.036,0,0.13,0,0.071,0,0.016,0,0.193,0.584,0.591,0.291,0.365,0.546,0.491,0.334,0.6,0.538,0.247,0.381,0.539,0.419,0.058,0.2,0.179,0.069,0.035,0,0,0.036,0,0.025,0,0,0.033,0,0.286,0.526,0.602,0.284,0.153,0.286,0.137,0.007,0.208,0.179,0.061,0.113,0.309,0.125,0.289,0.444,0.53,0.228,0,0.008,0.051,0,0.031,0.005,0.055,0,0,0,0.334,0.808,0.75,0.527,0.061,0.064,0.011,0,0.012,0.03,0,0,0.016,0.265,0.562,0.835,0.657,0.288,0.038,0,0,0,0.044,0,0,0.114,0.034,0.025,0.245,0.603,0.672,0.415,0.089,0.05,0,0.024,0,0.005,0.022,0.038,0.063,0.152,0.483,0.697,0.52,0.317,0,0.012,0,0,0.006,0.041,0,0,0.004,0,0.195,0.381,0.325,0.239,0,0,0.001,0.004,0.088,0.013,0.014,0.016,0,0.046,0.217,0.403,0.357,0.117,0,0.019,0,0,0,0.017,0.029,0,0,0,0.423,0.605,0.712,0.452,0.033,0,0.016,0,0.025,0,0.037,0.005,0,0.186,0.452,0.668,0.653,0.256,0,0.026,0.046,0,0.063,0,0,0.017,0.017,0.04,0.357,0.849,0.798,0.489,0.138,0.059,0,0,0,0.006,0,0,0,0.117,0.449,0.957,0.641,0.272,0.042,0,0,0.03,0.076,0,0,0,0.027,0.007,0.256,0.506,0.431,0.349,0.081,0.164,0.123,0,0.196,0.203,0.041,0.16,0.183,0.075,0.269,0.489,0.434,0.136,0.027,0,0.019,0.012,0.055,0,0.086,0,0,0.07,0.076,0.192,0.185,0.043,0.394,0.566,0.467,0.304,0.553,0.511,0.216,0.464,0.562,0.355,0.071,0.078,0.055,0.001,0,0.056,0.013,0,0.048,0,0.035,0,0.017,0,0,0.012,0,0.269,0.639,1,0.686,0.521,0.772,0.668,0.415,0.727,0.921,0.672,0.164,0.077,0.068,0,0,0.074,0,0,0,0.074,0.05,0.034,0.027,0,0.01,0.034,0,0.15,0.479,0.751,0.534,0.48,0.62,0.623,0.328,0.612,0.702,0.495,0.23,0.089,0,0.018,0.039,0.042,0.016,0,0.084,0,0.004,0,0.091,0,0,0.029,0,0.007,0.2,0.292,0.132,0.131,0.269,0.398,0.14,0.258,0.315,0.192,0.044,0.032,0.034,0,0.043,0.028,0,0.01,0,0.045,0.022,0.114,0,0,0.115,0.021,0,0,0,0,0,0,0.028,0,0.029,0,0.073,0,0.065,0,0.048,0,0,0.041,0,0,0,0.04,0,0,0,0,0.042,0,0.092,0.086,0.007,0.04,0.048,0,0,0.095,0,0,0,0,0.012,0.114,0,0,0,0,0.056,0.013,0,0,0.039,0.031,0,0,0.033,0.024,0,0,0.042,0.152,0.018,0.009,0,0,0.045,0,0,0.067,0.002,0,0,0,0.092,0.061,0,0,0.019,0.036,0
7,0,0.069,0.012,0.311,0.275,0.143,0.137,0.279,0.223,0.011,0.144,0.316,0.261,0.047,0.176,0.301,0.084,0.177,0.312,0.226,0.021,0,0.013,0.06,0.041,0.05,0.034,0.056,0,0,0.298,0.505,0.597,0.425,0.461,0.629,0.534,0.387,0.519,0.62,0.527,0.365,0.634,0.576,0.246,0.438,0.659,0.49,0.2,0.012,0.028,0,0,0,0.047,0.004,0.003,0.003,0.304,0.721,0.89,0.444,0.482,0.797,0.661,0.402,0.641,0.968,0.578,0.493,0.783,0.784,0.452,0.597,0.993,0.626,0.306,0,0,0.043,0,0,0.057,0,0,0.061,0.222,0.481,0.531,0.335,0.418,0.731,0.575,0.268,0.488,0.619,0.524,0.389,0.503,0.606,0.285,0.448,0.671,0.53,0.132,0,0,0,0,0,0.029,0.011,0.018,0,0.082,0.18,0.261,0.071,0.099,0.227,0.21,0.047,0.144,0.24,0.123,0.031,0.212,0.125,0.117,0.326,0.366,0.325,0.072,0.017,0.043,0.029,0,0,0.025,0.02,0.032,0.01,0.068,0.118,0,0.053,0.038,0.058,0.016,0.015,0.019,0.068,0.064,0.066,0.013,0,0.183,0.619,0.801,0.609,0.194,0.015,0,0,0,0,0.048,0,0.067,0,0,0,0.06,0,0,0.011,0,0,0.077,0,0.019,0,0.022,0.027,0.177,0.508,0.745,0.551,0.258,0,0.016,0.035,0,0.041,0,0.038,0.013,0.096,0.076,0.069,0,0,0,0,0.078,0,0,0,0.054,0.05,0.165,0.203,0.096,0.391,0.332,0.367,0.092,0,0.079,0,0,0,0,0.056,0,0.032,0,0,0,0,0,0.03,0.001,0,0,0,0,0.36,0.548,0.468,0.302,0.078,0.15,0.043,0,0,0,0.035,0,0.002,0.004,0,0.005,0,0,0.026,0,0.006,0.084,0.123,0,0,0.054,0.111,0.05,0.511,0.833,0.792,0.52,0.029,0,0.062,0,0,0.035,0.077,0,0,0,0,0.044,0.011,0.048,0,0,0.003,0.037,0.016,0,0.002,0.025,0,0.132,0.34,0.57,0.541,0.376,0.029,0,0.028,0.003,0,0.038,0.005,0,0,0,0.038,0,0.004,0.011,0.038,0,0.064,0.003,0,0.024,0.049,0.339,0.407,0.181,0.135,0.255,0.222,0.132,0.014,0,0,0.041,0.06,0,0,0.031,0.09,0.021,0,0,0.022,0.077,0.031,0,0.056,0.087,0.018,0.035,0.17,0.558,0.782,0.461,0.194,0,0.038,0.031,0.046,0.039,0.01,0,0.002,0,0.04,0.037,0,0,0.038,0,0.015,0,0,0.022,0,0.075,0,0,0.311,0.718,0.855,0.625,0.203,0.004,0,0,0.021,0.055,0,0.043,0.013,0.041,0,0.047,0,0.013,0.008,0,0,0.012,0.05,0.002,0,0.072,0.281,0.158,0.114,0.46,0.54,0.311,0.109,0.052,0,0.024,0.022,0.015,0,0,0,0,0.09,0.014,0.019,0,0.035,0.063,0,0,0,0,0,0.416,0.521,0.528,0.179,0.056,0.19,0,0,0.05,0,0,0.037,0.008,0,0.014,0.066,0.029,0.057,0.006,0,0.049,0.041,0.044,0,0.037,0,0,0.204,0.477,0.872,0.69,0.403,0,0.036,0.06,0,0.016,0,0.041,0,0,0,0,0.052,0.005,0,0,0,0.024,0.064,0,0,0.036,0,0.063,0.063,0.331,0.715,0.651,0.318,0,0.034,0.061,0.035,0.013,0.044,0,0.041,0.001,0,0,0,0.118,0,0.055,0,0.02,0,0,0.017,0.025,0.082,0.053,0.007,0.118,0.311,0.276,0.041,0,0.026,0,0.034,0,0,0.132,0.07,0.055,0.021,0,0,0,0,0,0,0,0.009,0.015,0.118,0,0,0.009,0.172,0.443,0.657,0.669,0.269,0,0,0.02,0,0,0.062,0.083,0,0,0,0,0.047,0,0.035,0.002,0.036,0,0,0.016,0.066,0.095,0,0.04,0.21,0.495,0.855,0.75,0.328,0,0.102,0,0,0,0,0,0.007,0.125,0,0,0.025,0.06,0,0.048,0.004,0,0.029,0,0.048,0.002,0.001,0.034,0.034,0.377,0.556,0.455,0.261,0.161,0,0,0.075,0,0,0.017,0,0,0.012,0,0.083,0.03,0,0.067,0.054,0,0,0,0,0.034,0.012,0.018,0,0.325,0.385,0.411,0.153,0,0.017,0.003,0.091,0,0.107,0.006,0,0,0.025,0,0,0.022,0,0.001,0,0,0,0,0.14,0.026,0.082,0.053,0.203,0.45,0.846,0.671,0.4,0,0,0,0,0.077,0.018,0.033,0.009,0,0,0,0.049,0,0,0.011,0,0,0.014,0,0,0,0,0,0.072,0.364,0.668,0.652,0.345,0,0.051,0,0.011,0.031,0.028,0,0.077,0.076,0.065,0.043,0,0,0,0.02,0.049,0,0.052,0,0.043,0,0.002,0,0,0.181,0.381,0.361,0.128,0,0,0,0.047,0.026,0,0,0,0.015,0,0,0,0,0,0.005,0.008,0,0,0.01,0.009,0.043,0.103,0.122,0.044,0.078,0,0.081,0,0,0,0.129,0,0.012,0.03,0,0,0.147,0,0,0.052,0,0.045,0,0.06,0,0.001,0.041,0,0,0,0,0.036,0.035,0,0.026,0,0,0.054,0,0.012,0,0,0.067,0,0.036,0,0,0.066,0.043,0,0.007,0.023,0,0.065
8,0,0.044,0.059,0,0.052,0,0.141,0.44,0.648,0.504,0.195,0.482,0.669,0.496,0.384,0.561,0.673,0.244,0,0.02,0.029,0.007,0,0,0.021,0,0,0,0.011,0.028,0.084,0,0.028,0.069,0.269,0.571,0.956,0.584,0.355,0.694,0.894,0.565,0.484,0.883,0.874,0.391,0.172,0.056,0,0,0,0.006,0.026,0.064,0,0.065,0.076,0.03,0.072,0,0.068,0,0.213,0.452,0.632,0.573,0.251,0.566,0.594,0.462,0.286,0.588,0.474,0.366,0.007,0.057,0,0.071,0,0.016,0.043,0.039,0.106,0.009,0,0.012,0,0.124,0.411,0.323,0.029,0.117,0.278,0.196,0,0.309,0.338,0.057,0.093,0.234,0.199,0.126,0.285,0.326,0.303,0.116,0.019,0.029,0,0.001,0.05,0,0.062,0,0.116,0.293,0.796,0.652,0.317,0.04,0,0,0,0.052,0.014,0,0.007,0,0.057,0.093,0.48,0.676,0.59,0.249,0,0,0.027,0,0,0.03,0.05,0.024,0.148,0.506,0.863,0.819,0.316,0,0.017,0,0,0,0.065,0.025,0.095,0.031,0,0.186,0.579,0.914,0.644,0.333,0.019,0,0,0,0.013,0.003,0.027,0.004,0.071,0.309,0.462,0.393,0.24,0,0.024,0,0.039,0.017,0.051,0,0,0,0,0.121,0.27,0.511,0.526,0.203,0,0.04,0,0.059,0,0.054,0.088,0.059,0,0.371,0.532,0.324,0.15,0,0.023,0.022,0.037,0,0.081,0.041,0,0,0.038,0.009,0.321,0.519,0.411,0.028,0.045,0.011,0.061,0.019,0.011,0.021,0.017,0.018,0.065,0.426,0.837,0.731,0.357,0,0,0.087,0.031,0,0,0.046,0.006,0,0.035,0.205,0.547,0.772,0.668,0.301,0.054,0,0.092,0.002,0.05,0,0,0.017,0.144,0.477,0.677,0.699,0.435,0.033,0,0.05,0,0.059,0,0.12,0,0,0.009,0.192,0.477,0.706,0.523,0.409,0,0,0,0,0,0,0,0,0,0.143,0.411,0.373,0.166,0.113,0.266,0.136,0.076,0.116,0.192,0.122,0.03,0.131,0.136,0.062,0.372,0.411,0.264,0.109,0,0,0,0.004,0,0,0,0,0.079,0.018,0,0,0.107,0.463,0.604,0.435,0.163,0.448,0.492,0.438,0.356,0.549,0.516,0.274,0.049,0,0.034,0.012,0.024,0,0.045,0.011,0.08,0,0.031,0,0,0,0,0,0.208,0.64,0.912,0.655,0.33,0.755,0.81,0.591,0.405,0.802,0.825,0.435,0.093,0.07,0.063,0,0,0,0,0.017,0.035,0,0.039,0,0,0.021,0.066,0.007,0.263,0.49,0.756,0.504,0.226,0.569,0.67,0.376,0.344,0.742,0.608,0.348,0,0,0.018,0.002,0,0,0.028,0.064,0.033,0.017,0.028,0.014,0.052,0.211,0.391,0.25,0.058,0.173,0.272,0.154,0.073,0.315,0.313,0.163,0.14,0.347,0.293,0.034,0.216,0.294,0.27,0,0,0.041,0.008,0,0.001,0.001,0.072,0,0.008,0.369,0.707,0.604,0.318,0.002,0,0.071,0.01,0,0.016,0,0,0.106,0,0.162,0.451,0.649,0.551,0.266,0.031,0,0,0,0.007,0.052,0,0.023,0.205,0.544,0.964,0.685,0.31,0,0.031,0,0.026,0,0.033,0.016,0,0,0,0.17,0.608,0.923,0.649,0.353,0,0,0.1,0.023,0,0,0.064,0,0.019,0.431,0.522,0.511,0.301,0.058,0,0,0,0,0,0,0,0.098,0,0.142,0.342,0.569,0.335,0.235,0.006,0,0,0.009,0,0,0,0.058,0.01,0.258,0.408,0.407,0.096,0,0.022,0.037,0,0,0.024,0,0,0.013,0.011,0.057,0.258,0.38,0.261,0.133,0.081,0,0,0.049,0,0.025,0.045,0.075,0.089,0.41,0.758,0.583,0.338,0.045,0,0.041,0,0,0.013,0,0.067,0,0.015,0.104,0.472,0.746,0.629,0.244,0.039,0,0.056,0,0,0,0,0,0.102,0.542,0.79,0.682,0.305,0.063,0.034,0,0,0.014,0.117,0.039,0.07,0.04,0,0.141,0.491,0.837,0.626,0.319,0.034,0.006,0.038,0,0,0,0.059,0.014,0.003,0.294,0.522,0.459,0.215,0.089,0.185,0.025,0,0.156,0.157,0.047,0.075,0.155,0.167,0,0.296,0.499,0.417,0.094,0.031,0.077,0,0,0,0.024,0.033,0.063,0.041,0.004,0.075,0.033,0.174,0.484,0.538,0.399,0.207,0.425,0.584,0.35,0.376,0.602,0.448,0.372,0,0.034,0,0.025,0,0.12,0,0,0,0.012,0,0,0.013,0.023,0.168,0,0.294,0.647,0.875,0.654,0.354,0.792,0.908,0.564,0.495,0.729,0.729,0.504,0,0,0,0,0.015,0.066,0.045,0,0,0.001,0.004,0,0,0,0,0,0.121,0.503,0.772,0.52,0.259,0.591,0.625,0.484,0.425,0.649,0.594,0.362,0.043,0,0,0,0.035,0,0,0,0.003,0.058,0.075,0,0.002,0,0,0.015,0,0.179,0.335,0.339,0.136,0.289,0.404,0.219,0.172,0.341,0.344,0.135,0.006,0,0,0.106,0,0,0.021,0,0.073,0,0,0,0,0.035,0.02,0,0,0,0.063,0.049,0.018,0.037,0.083,0,0,0.078,0.013,0,0,0.04,0.002,0,0.021,0.011,0,0,0,0,0.029,0,0,0.037,0,0,0.06,0,0.022,0,0,0,0,0.067,0.039,0.057,0,0.109,0,0.025,0,0,0.007,0.064,0.053,0,0.015,0
9,0.024,0,0,0.015,0,0,0,0.016,0.275,0.445,0.409,0.118,0.427,0.391,0.223,0.214,0.424,0.268,0.097,0.106,0.042,0,0,0,0,0.053,0.075,0,0,0.011,0,0.031,0,0.01,0,0.17,0.458,0.749,0.555,0.293,0.689,0.781,0.567,0.529,0.857,0.699,0.262,0,0,0,0,0.085,0,0.01,0,0,0,0.02,0,0,0.043,0,0.008,0.157,0.572,0.831,0.716,0.48,0.654,0.751,0.487,0.593,0.968,0.645,0.318,0.05,0,0,0.05,0,0.06,0.007,0,0.108,0,0.001,0.031,0,0.071,0.229,0.124,0.069,0.357,0.449,0.324,0.202,0.409,0.415,0.298,0.328,0.466,0.412,0.083,0.213,0.213,0.139,0.04,0,0.021,0,0.015,0,0.001,0,0,0.032,0.254,0.519,0.681,0.384,0.118,0.082,0.075,0,0.123,0.185,0.016,0,0.141,0,0.21,0.572,0.54,0.326,0.065,0.084,0,0,0,0,0.016,0.036,0,0,0.298,0.727,0.857,0.563,0.201,0,0,0,0.012,0.018,0.03,0,0.038,0.07,0.443,0.794,0.83,0.457,0.038,0,0.067,0,0.034,0,0,0.02,0,0.047,0.248,0.626,0.499,0.497,0.111,0.085,0,0,0.036,0.042,0.037,0.09,0,0.001,0.332,0.614,0.643,0.281,0.05,0,0.017,0,0,0.047,0,0,0.064,0,0.074,0.367,0.459,0.26,0.029,0.049,0,0.009,0,0,0,0.056,0.11,0,0.154,0.431,0.455,0.22,0,0,0,0,0,0,0.044,0.041,0.028,0.054,0.231,0.638,0.806,0.488,0.221,0.012,0,0,0,0.007,0,0.039,0.029,0.078,0.392,0.766,0.758,0.479,0.073,0,0,0.026,0.06,0,0,0,0.002,0.002,0.304,0.553,0.86,0.504,0.131,0,0.021,0,0.056,0,0.042,0,0.017,0.011,0.328,0.797,0.729,0.417,0.06,0,0.094,0,0,0,0,0.038,0.01,0.104,0.032,0.374,0.474,0.351,0.193,0.327,0.255,0.058,0.241,0.294,0.194,0.166,0.342,0.288,0.238,0.394,0.353,0.146,0.069,0.001,0.031,0.035,0.056,0,0.037,0,0.044,0.044,0,0,0.09,0.151,0.445,0.637,0.541,0.293,0.587,0.682,0.483,0.552,0.617,0.531,0.337,0.707,0.548,0.376,0.007,0.142,0,0,0.033,0,0,0,0.036,0.013,0,0,0,0.116,0.592,0.92,0.769,0.483,0.755,0.95,0.541,0.512,0.892,0.646,0.362,0.802,0.77,0.486,0.094,0,0.045,0.042,0,0,0,0.01,0.087,0.061,0,0.04,0.046,0.026,0.394,0.563,0.54,0.307,0.506,0.543,0.358,0.439,0.535,0.473,0.32,0.589,0.59,0.322,0.022,0.117,0.067,0.011,0.1,0,0.063,0.001,0.087,0.069,0,0,0.015,0.018,0.108,0.215,0.105,0,0.186,0.229,0.065,0.065,0.313,0.214,0.263,0.512,0.441,0.26,0.031,0.124,0,0,0.025,0,0,0.08,0,0.049,0,0,0,0.016,0,0,0.049,0.053,0,0.019,0.06,0.114,0,0.049,0.328,0.798,0.702,0.44,0,0,0,0,0,0,0,0,0,0,0.053,0.095,0,0.012,0,0,0,0,0,0.019,0.075,0.036,0,0.018,0.348,0.676,0.743,0.502,0.092,0.002,0,0,0.014,0.093,0,0,0,0,0.045,0,0,0,0.026,0.049,0.087,0,0,0,0,0.303,0.387,0.265,0.185,0.368,0.422,0.217,0.05,0.041,0,0,0.071,0,0,0.021,0.022,0,0,0,0,0,0,0.051,0.006,0.031,0.037,0,0.116,0.486,0.667,0.534,0.159,0,0,0,0,0.031,0,0.012,0.026,0.024,0,0,0,0.051,0.084,0.034,0,0,0,0,0.02,0.052,0,0.02,0.18,0.495,0.875,0.616,0.314,0.004,0,0,0,0,0,0.026,0,0,0,0.028,0.026,0,0,0,0,0,0,0.231,0.123,0.007,0.204,0.22,0.052,0.366,0.523,0.424,0.14,0.093,0.029,0,0.039,0,0.069,0,0.105,0,0,0.027,0,0,0.02,0,0.077,0.015,0.301,0.575,0.466,0.202,0.5,0.552,0.294,0.092,0.198,0.047,0,0.045,0.028,0,0,0,0,0.019,0.034,0,0.002,0,0.019,0.006,0,0,0.05,0.148,0.513,0.802,0.759,0.355,0.736,0.789,0.453,0.131,0,0,0,0,0.044,0.061,0.182,0.029,0,0,0.046,0,0.003,0,0,0.047,0.026,0,0.007,0.103,0.371,0.65,0.618,0.286,0.63,0.605,0.51,0.099,0,0,0.011,0,0,0.032,0.036,0,0,0.029,0.001,0,0,0.042,0,0.043,0,0,0,0.052,0.206,0.352,0.297,0.087,0.206,0.357,0.17,0,0,0.158,0,0,0.021,0.05,0.001,0,0.011,0.05,0.077,0,0,0,0.045,0,0.047,0.015,0,0,0,0.042,0,0,0,0,0.027,0.021,0.037,0.014,0,0,0,0.013,0,0,0.009,0,0,0.104,0,0.046,0.085,0,0,0,0,0.023,0.002,0.003,0,0,0.016,0.048,0,0,0,0,0.046,0.02,0,0.086,0.003,0,0,0,0.035,0.003,0,0.036,0,0,0,0,0.061,0,0,0,0,0,0,0,0.026,0.044,0.015,0.131,0.017,0,0,0.005,0,0.045,0.036,0,0.013,0
0,0.016,0.015,0,0.006,0.123,0.035,0.19,0.312,0.257,0.013,0.319,0.238,0.218,0.215,0.217,0.316,0.018,0,0.073,0.051,0,0.063,0.034,0,0.036,0.006,0.036,0.042,0,0,0,0,0.011,0.183,0.499,0.684,0.614,0.307,0.564,0.697,0.438,0.34,0.744,0.589,0.408,0,0.023,0,0.081,0.037,0.054,0.007,0.03,0,0.053,0.051,0,0.107,0.069,0.006,0.056,0.122,0.517,0.979,0.654,0.349,0.707,0.912,0.479,0.446,0.841,0.64,0.414,0.046,0,0,0.056,0.048,0.023,0,0.066,0,0,0,0.004,0,0,0.04,0.025,0.071,0.361,0.505,0.511,0.12,0.513,0.576,0.354,0.379,0.544,0.554,0.183,0,0.173,0,0.119,0.06,0.022,0,0,0,0,0,0,0,0.277,0.455,0.501,0.283,0.132,0.246,0.183,0.088,0.209,0.174,0.046,0,0.153,0.188,0.14,0.405,0.427,0.402,0.015,0,0,0,0,0,0.019,0.036,0,0.057,0.266,0.654,0.818,0.501,0.114,0,0,0,0.007,0.004,0.072,0.025,0.064,0,0.255,0.622,0.902,0.505,0.249,0.039,0,0,0.043,0,0,0.051,0.03,0.077,0.415,0.672,0.714,0.481,0.164,0.02,0.009,0,0.025,0,0.032,0,0,0.036,0.293,0.576,0.798,0.597,0.202,0.021,0,0.058,0,0.066,0,0.044,0.032,0,0.096,0.353,0.357,0.248,0,0,0.023,0.035,0.021,0,0,0.095,0.208,0.178,0.059,0.243,0.348,0.375,0.122,0,0.011,0,0,0,0,0,0,0.011,0.322,0.634,0.564,0.373,0.08,0.024,0.091,0,0,0,0.07,0.453,0.605,0.576,0.328,0.495,0.606,0.457,0.208,0,0.006,0.035,0,0.05,0.107,0,0.027,0,0.393,0.803,0.869,0.534,0.184,0,0.03,0,0,0,0.138,0.47,0.906,0.794,0.37,0.725,0.981,0.607,0.277,0,0,0,0,0,0,0.016,0.059,0.065,0.268,0.567,0.589,0.294,0.087,0,0,0,0,0.073,0.049,0.342,0.585,0.548,0.398,0.543,0.579,0.529,0.141,0.012,0,0,0,0.028,0.021,0.001,0,0,0.234,0.386,0.375,0.17,0,0.006,0,0.229,0.315,0.456,0.274,0.124,0.249,0.224,0.102,0.408,0.348,0.334,0.156,0,0,0.05,0.015,0,0.009,0,0.021,0,0.39,0.619,0.664,0.441,0.136,0,0,0.347,0.656,0.777,0.545,0.179,0.036,0.091,0.307,0.556,0.819,0.544,0.173,0.036,0,0,0,0.037,0,0,0.026,0,0.389,0.749,0.824,0.444,0.124,0.093,0,0.372,0.673,0.763,0.673,0.127,0,0.045,0.247,0.499,0.818,0.609,0.217,0,0,0,0.125,0.036,0.005,0,0.035,0,0.198,0.488,0.472,0.305,0.089,0.211,0.19,0.11,0.37,0.475,0.354,0.047,0,0.037,0.049,0.382,0.533,0.329,0.139,0.062,0.017,0,0,0.072,0.009,0.073,0.063,0,0.28,0.56,0.508,0.388,0.42,0.581,0.449,0.226,0,0.096,0.03,0.014,0.007,0.013,0.142,0.399,0.478,0.473,0.075,0,0,0,0.031,0.096,0,0.025,0,0.066,0.458,0.76,0.801,0.582,0.485,0.896,0.683,0.304,0,0,0,0.016,0.061,0,0.297,0.63,0.997,0.643,0.229,0,0.119,0,0.01,0.005,0.009,0.026,0.046,0.012,0.26,0.647,0.665,0.385,0.527,0.605,0.685,0.267,0.052,0,0.032,0,0.024,0.047,0.09,0.524,0.753,0.515,0.234,0.085,0,0,0,0.03,0,0,0,0.011,0.109,0.353,0.404,0.297,0.191,0.347,0.196,0.009,0.019,0,0.043,0.073,0,0.059,0.016,0.301,0.393,0.234,0,0,0,0,0,0,0,0,0.023,0,0.335,0.657,0.727,0.414,0.122,0,0,0.059,0,0,0,0,0.024,0.031,0.207,0.528,0.776,0.546,0.192,0.007,0.029,0,0.062,0.004,0,0.004,0.069,0.054,0.486,0.704,0.798,0.519,0.144,0,0,0.002,0.059,0.047,0.026,0.082,0.081,0.006,0.358,0.637,0.866,0.547,0.264,0.004,0.005,0.05,0.046,0,0.016,0,0.004,0,0.292,0.44,0.551,0.241,0.088,0.192,0.076,0.021,0.039,0.132,0.056,0,0.116,0.112,0.086,0.463,0.525,0.469,0.167,0.039,0,0.043,0.012,0,0.005,0.031,0.051,0,0,0.083,0.168,0.03,0.304,0.486,0.403,0.148,0.531,0.667,0.297,0.265,0.504,0.536,0.234,0.067,0.222,0,0.026,0,0.042,0.015,0.008,0,0,0,0,0,0.036,0.026,0.075,0.141,0.555,0.876,0.684,0.317,0.681,0.88,0.538,0.527,0.841,0.741,0.413,0.089,0.062,0,0.083,0.058,0,0,0,0,0.031,0,0,0,0,0.015,0.012,0.209,0.523,0.792,0.589,0.311,0.609,0.745,0.581,0.339,0.773,0.644,0.448,0,0,0,0.036,0,0.061,0.003,0,0,0,0.081,0.077,0,0,0,0,0,0.187,0.427,0.267,0.051,0.289,0.301,0.251,0.17,0.314,0.326,0.12,0.007,0.004,0,0.039,0,0.043,0.02,0.11,0,0,0.024,0,0.01,0.023,0,0,0.1,0.074,0.017,0,0,0.065,0,0,0,0.03,0,0.023,0,0,0,0.035,0,0.056,0.048,0.004,0,0.014,0.034,0,0.125,0.041,0,0.03,0.033,0,0,0,0,0,0,0.015,0,0.068,0.055,0,0,0,0.013,0.099,0,0.005,0,0,0,0,0.021
1,0,0.025,0.055,0,0.103,0.061,0,0,0.023,0.293,0.467,0.656,0.401,0.083,0,0,0.045,0.009,0.116,0.054,0.079,0.116,0.048,0,0,0.067,0,0,0,0,0.055,0.052,0.004,0,0.21,0.195,0.174,0,0.295,0.296,0.272,0.002,0,0.075,0,0,0.022,0.161,0,0,0.012,0.051,0,0,0,0.1,0,0.068,0,0,0,0.236,0.48,0.68,0.44,0.157,0.628,0.648,0.531,0.074,0,0,0,0.025,0,0,0,0.06,0.049,0.031,0,0.01,0.066,0,0,0,0,0,0,0.346,0.608,0.909,0.625,0.319,0.714,0.907,0.511,0.144,0.003,0,0,0,0,0,0,0,0.014,0.032,0.048,0,0.023,0,0,0,0,0,0,0.235,0.386,0.557,0.433,0.195,0.482,0.52,0.291,0.067,0.018,0,0.011,0.008,0,0,0,0,0,0.033,0,0.054,0.061,0.018,0.091,0.009,0.053,0,0.105,0.012,0.124,0.212,0.112,0.096,0.349,0.385,0.037,0,0.012,0.066,0,0,0,0,0.023,0,0.047,0,0.016,0,0.05,0,0,0.018,0.064,0,0.065,0.033,0.024,0,0,0.319,0.529,0.808,0.42,0.123,0,0.056,0,0,0.091,0.039,0.015,0,0,0.106,0.053,0.03,0,0.016,0.012,0,0,0.121,0.018,0,0,0,0.017,0.324,0.649,0.979,0.595,0.2,0,0.043,0.01,0,0,0.025,0.047,0,0.028,0.016,0.041,0.034,0.133,0,0,0.02,0.053,0,0.076,0.011,0,0.016,0.018,0.139,0.412,0.448,0.304,0.083,0,0,0.043,0,0.106,0,0,0,0,0,0.017,0.045,0,0.027,0,0.037,0,0,0.033,0,0,0.066,0.083,0.022,0.284,0.46,0.344,0,0.03,0,0,0,0,0,0.02,0,0,0,0,0,0.002,0.068,0.036,0.049,0.068,0.011,0,0.029,0.075,0,0,0.271,0.636,0.78,0.489,0.173,0.039,0,0.025,0.051,0,0.009,0.041,0.024,0,0.002,0,0.049,0,0,0,0,0,0,0,0.026,0.056,0.041,0.008,0.274,0.64,0.856,0.454,0.096,0.058,0,0.057,0.039,0,0,0.02,0,0.035,0,0.051,0.039,0.009,0.02,0,0.047,0,0,0.063,0,0,0.043,0.031,0.143,0.508,0.538,0.312,0.094,0,0,0,0.05,0.022,0,0,0,0.003,0.031,0,0.012,0,0.071,0.028,0.026,0,0.003,0,0.032,0,0,0.032,0.125,0.371,0.537,0.305,0.06,0.113,0.031,0.023,0,0.082,0,0.115,0,0,0,0,0.018,0.007,0,0.039,0,0.043,0,0.034,0.009,0.125,0.005,0.107,0.315,0.685,0.776,0.592,0.141,0.045,0.012,0.043,0,0,0.015,0,0.091,0.011,0,0.036,0,0,0.012,0,0.018,0,0.101,0,0,0,0.016,0,0.306,0.672,0.78,0.522,0.103,0,0,0,0,0,0.01,0.004,0,0,0,0,0.065,0,0,0,0.088,0.038,0.007,0.014,0.002,0,0,0.096,0.192,0.362,0.497,0.24,0,0,0,0,0,0,0,0.037,0,0,0,0,0.016,0.017,0.052,0,0,0.035,0,0,0,0,0,0.006,0.234,0.513,0.55,0.286,0.076,0,0,0.013,0,0,0.026,0.071,0,0.008,0.05,0,0,0,0.012,0.024,0.039,0.019,0.07,0.011,0,0,0.056,0,0.266,0.707,0.903,0.467,0.057,0,0,0.019,0,0,0,0.05,0,0,0.013,0,0.027,0.03,0,0.042,0,0,0.045,0.083,0,0.031,0,0.074,0.352,0.607,0.787,0.507,0.239,0,0,0,0,0,0,0.059,0.037,0.038,0,0.045,0,0.056,0,0.006,0.073,0.078,0,0,0,0.183,0.172,0.11,0.07,0.328,0.393,0.236,0.054,0.094,0.101,0.194,0.038,0.025,0.044,0,0.002,0.069,0.031,0.053,0,0.026,0.021,0.044,0,0,0.011,0,0.178,0.496,0.644,0.453,0.163,0.43,0.556,0.303,0.28,0.648,0.546,0.373,0.034,0.008,0.018,0,0,0,0,0.025,0,0,0,0,0,0.022,0.008,0,0.236,0.66,1,0.688,0.341,0.643,0.914,0.538,0.358,0.793,0.726,0.554,0.151,0.006,0.033,0,0,0.001,0,0,0,0,0,0.034,0.007,0.053,0,0.023,0.273,0.594,0.605,0.463,0.33,0.505,0.682,0.486,0.394,0.586,0.654,0.521,0.152,0,0.017,0,0,0.104,0,0,0,0.009,0,0,0.028,0,0,0,0,0.168,0.366,0.242,0.013,0.233,0.243,0.215,0.198,0.225,0.277,0.088,0,0.006,0.025,0,0.036,0,0.037,0,0.041,0.095,0,0.039,0.051,0.025,0,0,0.029,0.076,0,0.035,0.125,0.025,0,0,0.046,0.101,0.006,0,0,0.036,0.011,0.088,0,0.057,0.034,0,0,0,0.071,0,0,0.041,0.056,0,0,0,0,0.07,0,0,0.031,0,0.022,0.034,0,0,0.04,0.008,0,0.109,0,0,0.008,0,0.021,0,0,0.143,0.052,0,0,0.023,0,0.069,0.051,0.029,0.048,0,0.016,0.008,0.05,0,0,0.009,0.003,0.016,0,0,0,0.135,0.004,0.028,0,0.083,0.092
2,0,0.042,0,0,0.023,0.004,0.4,0.601,0.671,0.497,0.486,0.647,0.67,0.294,0.524,0.702,0.532,0.197,0.027,0.112,0,0.045,0,0.029,0.046,0,0,0.055,0.006,0.005,0.042,0,0,0,0.471,0.787,0.912,0.515,0.471,0.878,0.65,0.433,0.606,0.896,0.554,0.213,0.001,0,0,0.094,0,0,0,0,0,0,0,0,0,0.018,0.105,0.067,0.211,0.514,0.457,0.338,0.322,0.641,0.491,0.182,0.447,0.467,0.456,0.118,0.058,0.099,0,0.061,0,0.032,0,0,0.009,0.017,0.008,0.037,0.046,0.347,0.428,0.268,0.087,0.111,0.091,0.026,0.022,0.186,0.109,0.013,0.1,0.244,0.034,0.179,0.384,0.544,0.326,0.033,0.122,0,0,0,0,0,0.014,0.066,0.251,0.631,0.81,0.598,0.25,0,0,0.007,0.02,0,0,0.005,0.012,0.025,0.025,0.398,0.774,0.862,0.376,0.028,0,0,0.045,0.07,0.008,0,0,0,0.213,0.631,0.885,0.534,0.204,0.009,0.02,0,0.031,0,0,0.001,0.053,0.131,0,0.288,0.602,0.578,0.467,0.117,0,0.064,0,0.04,0.014,0,0.035,0,0.092,0.339,0.662,0.269,0.042,0.047,0.004,0.033,0.04,0,0,0.055,0.028,0.049,0,0.32,0.394,0.405,0.202,0,0,0,0,0,0.072,0.049,0,0.026,0,0,0.12,0,0,0.006,0.037,0,0,0.075,0,0.069,0.059,0,0.107,0.359,0.622,0.507,0.254,0.013,0.013,0.001,0.137,0,0.012,0.038,0.042,0.015,0.02,0.022,0,0,0,0,0.016,0.009,0.091,0,0,0.037,0.033,0,0.095,0.44,0.782,0.791,0.462,0.079,0,0.001,0.019,0.036,0,0,0.068,0.044,0,0.01,0.008,0,0,0,0.067,0,0,0.006,0,0,0.074,0.014,0,0.343,0.658,0.626,0.397,0,0,0.052,0.018,0,0.021,0,0,0,0.004,0.035,0.043,0,0,0,0,0.042,0.023,0.015,0,0,0.326,0.431,0.283,0.047,0.224,0.351,0.068,0.018,0.046,0,0,0.06,0,0,0,0.013,0.013,0,0.038,0.014,0,0.078,0,0,0,0,0.038,0.193,0.558,0.772,0.489,0.094,0,0.038,0.024,0,0,0.03,0.113,0.017,0,0.016,0.069,0.061,0.012,0,0.113,0.048,0.009,0,0,0.024,0.024,0,0.039,0.242,0.61,1,0.537,0.166,0.063,0.012,0.031,0,0.037,0,0,0,0,0,0.003,0.034,0,0.021,0.007,0,0,0.002,0,0,0,0.014,0.045,0.075,0.507,0.583,0.357,0.061,0,0.007,0.029,0.011,0.001,0.018,0,0,0.075,0,0,0,0,0,0.025,0.062,0.029,0,0.016,0.007,0.275,0.442,0.501,0.089,0.109,0.15,0.091,0,0.034,0.007,0,0,0,0.007,0,0.043,0,0,0.061,0.051,0.108,0.021,0,0,0.026,0,0,0.133,0.563,0.803,0.679,0.309,0,0,0.024,0,0.084,0,0.111,0.018,0.043,0.03,0,0,0,0.064,0,0,0,0,0.039,0.016,0,0,0,0.147,0.425,0.795,0.613,0.28,0.031,0.013,0.006,0.078,0.059,0.029,0.064,0,0,0,0,0.024,0,0.029,0,0.054,0,0.075,0.084,0.004,0.021,0.118,0.144,0.186,0.247,0.446,0.422,0.044,0.103,0,0.001,0.017,0,0,0,0.038,0.027,0,0,0,0.024,0,0,0.018,0,0.109,0.054,0,0.227,0.48,0.553,0.27,0,0.098,0.055,0,0,0.003,0.002,0.019,0.008,0,0,0.046,0,0,0,0,0,0,0,0,0,0.002,0,0.009,0.455,0.753,0.89,0.484,0.156,0,0.056,0,0,0.021,0.014,0.061,0.05,0.046,0.075,0,0.05,0.08,0,0,0.002,0,0.031,0.056,0,0,0,0,0.285,0.569,0.618,0.407,0.083,0,0.02,0,0.019,0.068,0,0.033,0,0,0.05,0,0,0,0,0.035,0.046,0.059,0,0,0.1,0.268,0.348,0.206,0.064,0.224,0.327,0.155,0.162,0.255,0.297,0.055,0.215,0.326,0.236,0.003,0.235,0.265,0.138,0.085,0,0,0.051,0,0,0,0,0,0.243,0.615,0.732,0.433,0.27,0.622,0.657,0.345,0.513,0.688,0.53,0.325,0.56,0.695,0.486,0.245,0.571,0.727,0.427,0.1,0,0.015,0.049,0,0.123,0.043,0.005,0,0.4,0.651,0.951,0.54,0.37,0.706,0.843,0.493,0.448,0.898,0.719,0.358,0.618,1,0.651,0.454,0.787,0.826,0.4,0.035,0,0.06,0.085,0.019,0,0,0.044,0,0.184,0.475,0.526,0.389,0.281,0.503,0.463,0.289,0.328,0.55,0.507,0.143,0.473,0.607,0.488,0.258,0.539,0.648,0.312,0,0.029,0,0,0.006,0,0,0.01,0,0,0.164,0.153,0.066,0,0.27,0.109,0.053,0.078,0.177,0.137,0,0.087,0.303,0.027,0,0.244,0.136,0.098,0.015,0,0,0,0.008,0,0,0,0.035,0.017,0,0.033,0.012,0,0,0.04,0.022,0,0.014,0.015,0.012,0,0,0.062,0,0.065,0,0,0.052,0,0,0.028,0.107,0.026,0,0,0,0,0.008,0.082,0,0,0,0,0.012,0.023,0.02,0,0.013,0,0,0.018,0.044,0,0.039,0,0.052,0.007,0,0.032,0,0,0
3,0.092,0.024,0,0.194,0.395,0.386,0.124,0.25,0.32,0.199,0.151,0.28,0.298,0.162,0.334,0.381,0.164,0.25,0.369,0.321,0.057,0,0.038,0.096,0,0,0,0.02,0,0.033,0.124,0.489,0.7,0.544,0.325,0.696,0.629,0.497,0.454,0.714,0.554,0.356,0.627,0.71,0.438,0.563,0.739,0.488,0.215,0,0,0,0,0.031,0.03,0,0,0.01,0.108,0.595,0.944,0.765,0.384,0.774,0.838,0.503,0.509,0.923,0.605,0.426,0.732,0.766,0.4,0.477,0.871,0.643,0.264,0,0.083,0,0.043,0,0.088,0.013,0.017,0.003,0.154,0.338,0.618,0.422,0.212,0.471,0.528,0.278,0.371,0.556,0.454,0.254,0.528,0.566,0.384,0.452,0.532,0.388,0.25,0.009,0.004,0.081,0,0,0,0.028,0.002,0.031,0,0.034,0.14,0.078,0.036,0.093,0.085,0,0.023,0.202,0.185,0.214,0.488,0.492,0.259,0.127,0.122,0.123,0,0.056,0.053,0,0.029,0.001,0.067,0.05,0,0,0,0,0.006,0,0,0.05,0.099,0.067,0.048,0.03,0.06,0.393,0.759,0.907,0.433,0.127,0.033,0.03,0,0,0,0.014,0.006,0.053,0.071,0,0,0,0.074,0.039,0.049,0.033,0.055,0,0.01,0,0,0.065,0.044,0.309,0.565,0.721,0.404,0.084,0,0,0.066,0.009,0.037,0,0,0.076,0.048,0.044,0,0,0,0.032,0,0,0.03,0,0,0,0.317,0.293,0.309,0.107,0.354,0.29,0.093,0.013,0.003,0,0,0,0.002,0,0.044,0.081,0,0.115,0.031,0.009,0.047,0.018,0.056,0.134,0,0.014,0,0.197,0.539,0.799,0.68,0.233,0.114,0,0.005,0.094,0,0,0,0.043,0.005,0,0.005,0,0,0,0,0.026,0.009,0.021,0.041,0,0.014,0.082,0,0.222,0.55,0.866,0.604,0.319,0,0.09,0.04,0.014,0.028,0.125,0.085,0,0,0.036,0,0,0,0.029,0.017,0,0.027,0.016,0.026,0,0.016,0.103,0.017,0.091,0.331,0.519,0.457,0.135,0.281,0.197,0,0,0,0.094,0,0.073,0.016,0.011,0.051,0,0,0,0.027,0,0.108,0,0,0.008,0,0.056,0,0.066,0,0.12,0.046,0.398,0.57,0.582,0.399,0,0.033,0,0,0.068,0,0,0,0,0.143,0.025,0,0.04,0,0,0.139,0,0,0.003,0,0,0.017,0.034,0.079,0.41,0.779,0.917,0.414,0.109,0.023,0,0.018,0.039,0.02,0.033,0.007,0.001,0.001,0,0,0,0,0.027,0.047,0.087,0,0.11,0.116,0.016,0,0.074,0,0.399,0.634,0.72,0.382,0,0.036,0,0,0,0,0,0,0,0.024,0.018,0,0.014,0.068,0,0.017,0.001,0.077,0,0,0,0,0.03,0,0.154,0.183,0.268,0.178,0.425,0.457,0.267,0.068,0.01,0.011,0.02,0,0,0.028,0,0,0.029,0.127,0,0,0.041,0.077,0.165,0.048,0.014,0,0.023,0,0.054,0,0,0.154,0.545,0.856,0.576,0.219,0,0,0.006,0.041,0.049,0.002,0.002,0,0.027,0,0,0.05,0.036,0,0,0,0,0.035,0.042,0.008,0,0.011,0.13,0.249,0.602,0.803,0.648,0.217,0,0,0.052,0.011,0.049,0.031,0,0,0.005,0,0.138,0.364,0.214,0.106,0.039,0.046,0,0,0.002,0,0,0.001,0,0.061,0.313,0.52,0.366,0.113,0.054,0,0,0.015,0,0.009,0.068,0.003,0,0.035,0.339,0.719,0.492,0.216,0.078,0.052,0.036,0.009,0.042,0.023,0,0.101,0.035,0.143,0.471,0.725,0.53,0.199,0.03,0,0.011,0.114,0,0,0.076,0,0,0.206,0.533,0.914,0.746,0.334,0.043,0,0,0,0.031,0,0,0.01,0,0.178,0.571,0.986,0.659,0.255,0.024,0,0,0.005,0.024,0.002,0.04,0,0.081,0.105,0.35,0.652,0.559,0.332,0.11,0.084,0,0,0.068,0.044,0.057,0.066,0.107,0.205,0.457,0.654,0.531,0.135,0,0,0.009,0.042,0,0,0.036,0,0.055,0.003,0.04,0.245,0.204,0.182,0.433,0.46,0.302,0.397,0.48,0.364,0.224,0.417,0.438,0.193,0.151,0.163,0.124,0.005,0,0.049,0.024,0,0,0.04,0,0,0.014,0.025,0,0,0.001,0.368,0.801,0.848,0.524,0.509,0.931,0.67,0.361,0.779,0.786,0.413,0.103,0,0.019,0.037,0,0.007,0,0,0,0.014,0.01,0,0,0,0.042,0.034,0,0.249,0.575,0.657,0.42,0.535,0.745,0.448,0.361,0.606,0.76,0.39,0.051,0,0.059,0.018,0,0,0.055,0,0.006,0,0,0.099,0,0,0,0,0,0.085,0.37,0.333,0.331,0.182,0.396,0.212,0.234,0.339,0.239,0.189,0.071,0.056,0,0.062,0,0,0,0,0,0.053,0.059,0,0.005,0,0,0.126,0.016,0.072,0.1,0,0,0,0,0.001,0,0,0,0.016,0.018,0,0,0.043,0,0,0,0.004,0.008,0.111,0.002,0,0,0,0.035,0,0,0.006,0,0,0.036,0.025,0,0.004,0,0.01,0,0.056,0,0,0,0,0,0,0,0.023,0,0,0,0.04,0,0,0,0.067,0,0.036,0,0.065,0,0,0,0,0.021,0,0,0,0,0,0.028,0,0,0,0,0,0.016,0.039,0
4,0.033,0.049,0.009,0,0,0.07,0.017,0,0.043,0,0,0.035,0.001,0.165,0.521,0.852,0.725,0.325,0.159,0.037,0,0,0.007,0,0,0,0,0,0,0.029,0,0.003,0,0.013,0.02,0.018,0.049,0,0,0.129,0,0.146,0.316,0.471,0.544,0.232,0.012,0.071,0,0.049,0.017,0,0,0.052,0.033,0.004,0,0.134,0,0,0.075,0,0,0,0,0,0.248,0.422,0.373,0.118,0.319,0.255,0.343,0.209,0.035,0.036,0,0,0,0.04,0.073,0,0.007,0,0,0.085,0.048,0,0.019,0.004,0.017,0.097,0,0.087,0.468,0.654,0.699,0.309,0.423,0.781,0.613,0.305,0,0,0.04,0,0,0,0,0.026,0,0,0.009,0,0,0.015,0,0,0,0.047,0,0.138,0.443,0.903,0.858,0.467,0.535,0.815,0.693,0.262,0,0,0,0.024,0.036,0,0,0.044,0.03,0,0.018,0,0.023,0,0,0,0.035,0.053,0.082,0.082,0.257,0.421,0.412,0.262,0.345,0.54,0.492,0.213,0.026,0,0,0,0.004,0.078,0,0,0,0,0.056,0,0.007,0.022,0.049,0,0.195,0.443,0.459,0.262,0,0.183,0.065,0.034,0.205,0.463,0.414,0.129,0,0.058,0.004,0,0,0,0.121,0.041,0.056,0,0.034,0,0.002,0.052,0,0,0.394,0.752,0.732,0.351,0.079,0,0,0.167,0.605,0.857,0.765,0.284,0.012,0.015,0.036,0,0,0.058,0,0.051,0.037,0.023,0,0,0,0.076,0.044,0.056,0.363,0.604,0.749,0.399,0.102,0.012,0,0.188,0.581,0.765,0.659,0.327,0.059,0.015,0,0,0,0.047,0,0.019,0,0.027,0,0,0.008,0.109,0.193,0.132,0.151,0.388,0.397,0.22,0.057,0.029,0,0,0.268,0.38,0.379,0.143,0,0.03,0,0.024,0.064,0,0.014,0.018,0,0,0.022,0.055,0.243,0.48,0.502,0.314,0.103,0.048,0.073,0,0.029,0.009,0.022,0.091,0.319,0.499,0.496,0.207,0,0,0,0,0.024,0,0.027,0.009,0,0,0.02,0.053,0.286,0.786,0.974,0.591,0.283,0.043,0.057,0.071,0.038,0,0,0.19,0.445,0.875,0.697,0.297,0,0.105,0,0,0.025,0,0,0.007,0.059,0.03,0.054,0,0.264,0.601,0.648,0.483,0.198,0.074,0,0,0.027,0,0,0.068,0.445,0.695,0.694,0.279,0.025,0.037,0.037,0,0,0,0.031,0,0,0.102,0,0.026,0.025,0.289,0.461,0.272,0,0.194,0.202,0.105,0.028,0.206,0.193,0.036,0.148,0.344,0.264,0.08,0.177,0.213,0.234,0,0.012,0.02,0,0.004,0,0.048,0.021,0.009,0.193,0.448,0.635,0.46,0.11,0.557,0.576,0.335,0.251,0.607,0.596,0.319,0.472,0.544,0.604,0.29,0.526,0.652,0.432,0.117,0,0.017,0,0.052,0,0.034,0.044,0.056,0.331,0.67,0.943,0.492,0.302,0.724,0.95,0.42,0.54,0.816,0.831,0.378,0.498,0.925,0.694,0.362,0.607,1,0.661,0.276,0,0.01,0,0.049,0,0.014,0.008,0.053,0.193,0.442,0.666,0.366,0.255,0.609,0.592,0.422,0.411,0.551,0.608,0.256,0.422,0.573,0.536,0.263,0.447,0.655,0.585,0.222,0,0.035,0,0,0.068,0,0,0,0,0.161,0.21,0.189,0.056,0.235,0.197,0.16,0.065,0.196,0.236,0.036,0.182,0.36,0.253,0.105,0.167,0.271,0.148,0.034,0,0,0.052,0,0.028,0.06,0,0.071,0.002,0.112,0,0,0.082,0.049,0.04,0,0,0,0,0.127,0.468,0.753,0.563,0.31,0,0.018,0,0,0,0.01,0.058,0.087,0.024,0,0,0,0.041,0.023,0,0.053,0.072,0.035,0,0,0.063,0.024,0.036,0.125,0.509,0.895,0.794,0.252,0.069,0,0.06,0,0,0.032,0.079,0,0,0,0.062,0.056,0,0.022,0.016,0.051,0.011,0,0,0,0.061,0,0.074,0.085,0.396,0.602,0.481,0.151,0.073,0,0,0.075,0,0,0.011,0.029,0.002,0,0,0,0.01,0.008,0,0.036,0,0.041,0,0,0.025,0,0.047,0.057,0.22,0.513,0.315,0.148,0,0.051,0,0,0.072,0.071,0.1,0.089,0.024,0.024,0.003,0.053,0.009,0,0.064,0.011,0,0.046,0,0,0.002,0,0.043,0.105,0.499,0.698,0.639,0.257,0,0.09,0,0,0,0,0,0.024,0.063,0,0,0.031,0,0,0.015,0,0.032,0.04,0.102,0,0,0,0.046,0.095,0.507,0.903,0.65,0.322,0,0.061,0.018,0.053,0,0.011,0,0.002,0,0.124,0.025,0,0,0.014,0.009,0.099,0,0.033,0,0.038,0,0,0.055,0.024,0.395,0.57,0.366,0.126,0,0,0,0,0,0,0,0,0.085,0.082,0.106,0,0,0.031,0,0.017,0,0.009,0,0,0.064,0,0.013,0.021,0,0.103,0,0,0.045,0,0.012,0,0,0,0.042,0.027,0,0,0.034,0.019,0,0,0,0,0.065,0,0,0,0.087,0,0,0.011,0,0.013,0,0.006,0.024,0.112,0,0,0.078,0,0,0,0,0.037,0,0,0,0,0.063,0,0,0.078,0,0.026,0,0,0,0,0,0.092,0.099,0.036,0,0.036,0,0,0,0,0.014,0,0.149,0
5,0.037,0.124,0.456,0.531,0.53,0.184,0.44,0.599,0.459,0.186,0.353,0.683,0.514,0.21,0.375,0.621,0.554,0.215,0.421,0.631,0.434,0.251,0,0,0,0,0.021,0,0.008,0.009,0.137,0.294,0.203,0.008,0.097,0.27,0.225,0.025,0.184,0.272,0.181,0,0.16,0.225,0.255,0,0.149,0.223,0.125,0,0,0,0,0.053,0.016,0,0,0.089,0.451,0.667,0.551,0.278,0,0.045,0,0,0,0.003,0.034,0,0.001,0.005,0.05,0.082,0,0,0,0,0.066,0.094,0.063,0,0,0,0,0.219,0.519,0.818,0.67,0.353,0.036,0,0.068,0,0.071,0,0.007,0.025,0.073,0,0.01,0.011,0,0.001,0,0,0.029,0.009,0,0.024,0.059,0.072,0,0,0.45,0.564,0.538,0.228,0.037,0,0.033,0,0.044,0,0,0,0,0,0,0.026,0,0.024,0.076,0,0,0.021,0.053,0,0,0.001,0,0.059,0.075,0.284,0.316,0.014,0.182,0.205,0.22,0,0.104,0.216,0.269,0.024,0.201,0.28,0.283,0,0.019,0.02,0,0,0.007,0.015,0.13,0.052,0.044,0.025,0,0.073,0.457,0.613,0.557,0.296,0.425,0.624,0.554,0.246,0.486,0.63,0.522,0.189,0.412,0.653,0.575,0.248,0,0,0,0.017,0,0.057,0.055,0,0,0.005,0,0.272,0.557,0.958,0.733,0.321,0.582,0.886,0.76,0.319,0.638,0.874,0.708,0.396,0.596,0.982,0.724,0.295,0,0.034,0,0.084,0.102,0.025,0,0,0,0.005,0,0.096,0.386,0.596,0.553,0.221,0.452,0.573,0.513,0.105,0.434,0.57,0.541,0.229,0.385,0.604,0.511,0.254,0.002,0,0.069,0,0,0.122,0,0.112,0,0,0.05,0,0.13,0.28,0.127,0.067,0.122,0.212,0.242,0,0.034,0.191,0.132,0,0.196,0.277,0.26,0.097,0.188,0.331,0.111,0,0.053,0,0,0,0,0.007,0.052,0,0.082,0,0,0,0,0,0.029,0,0.034,0.064,0.011,0,0,0.009,0,0.143,0.31,0.614,0.533,0.238,0,0,0.01,0.017,0,0,0,0,0.013,0,0,0,0,0.007,0.013,0.066,0,0,0,0.046,0.061,0.068,0.053,0.226,0.573,1,0.703,0.327,0.106,0,0,0,0.05,0.007,0,0,0.028,0.061,0.001,0,0.036,0,0,0.009,0.027,0.013,0.052,0.057,0,0,0,0.098,0.357,0.681,0.471,0.13,0,0,0.013,0.049,0,0,0.01,0.03,0,0,0,0,0.07,0,0.036,0.027,0.007,0.025,0,0.109,0,0,0,0,0.14,0.324,0.206,0.085,0.029,0,0,0,0,0.074,0.03,0,0,0,0,0.09,0,0.103,0,0.008,0,0.013,0.033,0,0,0.014,0.024,0.158,0.45,0.755,0.54,0.196,0.011,0,0,0.043,0.074,0,0.028,0.019,0,0.037,0,0,0,0.021,0.032,0,0,0.063,0,0.005,0.073,0,0,0.198,0.585,0.918,0.703,0.278,0.04,0,0,0.002,0,0,0,0.037,0,0,0,0,0,0,0,0.049,0.002,0.045,0,0,0.02,0.032,0,0.142,0.459,0.572,0.52,0.161,0.023,0.063,0.026,0.04,0.048,0,0,0.002,0.141,0.191,0.25,0.073,0.127,0,0,0.012,0.053,0,0.128,0.002,0,0.007,0,0.057,0.209,0.397,0.191,0.04,0.1,0,0,0,0.04,0.057,0.011,0.082,0.431,0.663,0.525,0.3,0.106,0.013,0.087,0,0,0.035,0.074,0.018,0.011,0.074,0.002,0.209,0.403,0.763,0.535,0.207,0,0,0.014,0,0,0,0.004,0.258,0.528,0.88,0.805,0.337,0,0,0,0.018,0,0,0.032,0,0,0,0,0.216,0.56,0.969,0.752,0.314,0.001,0.031,0,0,0,0,0,0.049,0.346,0.563,0.515,0.221,0.063,0.02,0.013,0,0,0,0,0.004,0,0,0,0.127,0.403,0.624,0.487,0.244,0,0.001,0,0,0.025,0,0,0,0.182,0.243,0.149,0.117,0.167,0.295,0.231,0.123,0.177,0.331,0.222,0.022,0.185,0.254,0.243,0.025,0,0.207,0.124,0,0,0.008,0,0.008,0,0.025,0.041,0.024,0.029,0.029,0.013,0.169,0.473,0.599,0.551,0.353,0.411,0.698,0.486,0.237,0.51,0.734,0.486,0.159,0.035,0,0,0,0.025,0.032,0,0.006,0.006,0.125,0,0,0.088,0.024,0.064,0.258,0.52,0.94,0.553,0.219,0.643,0.856,0.742,0.351,0.669,0.937,0.728,0.275,0.061,0.024,0,0,0.012,0.015,0,0,0.046,0.06,0.058,0,0.039,0,0.046,0.19,0.341,0.595,0.535,0.227,0.481,0.573,0.456,0.168,0.449,0.599,0.415,0.151,0.027,0,0,0.044,0.026,0,0,0,0.019,0.037,0,0.094,0,0.033,0.001,0.096,0.019,0.225,0.16,0.04,0.105,0.235,0.12,0.028,0.106,0.139,0.061,0,0,0.085,0.025,0.034,0.036,0,0,0,0.056,0.001,0,0.064,0.071,0.005,0,0.068,0,0,0,0.091,0.021,0,0,0.053,0,0,0,0,0.036,0,0.082,0,0,0,0.047,0.011,0,0.014,0.043,0.039,0,0,0.025,0.118,0,0,0,0,0.022,0,0,0.055,0.01,0,0,0.034,0.083,0.06,0,0.007,0.04,0.094,0.109,0.023,0,0
6,0,0.01,0,0,0.04,0.085,0,0.068,0.026,0.044,0.3,0.603,0.708,0.383,0.327,0.772,0.617,0.292,0.063,0.114,0,0,0,0,0,0,0.036,0,0,0.02,0,0,0.051,0.026,0,0.002,0,0,0.273,0.758,0.917,0.566,0.516,0.864,0.78,0.307,0.043,0.066,0,0.004,0.037,0.023,0,0,0,0,0,0,0.023,0.038,0.022,0,0.018,0,0.106,0.015,0.267,0.539,0.58,0.429,0.404,0.608,0.514,0.273,0.028,0,0,0,0,0.026,0,0.063,0.028,0.015,0.003,0,0.017,0,0,0,0.134,0.21,0.332,0.295,0.029,0.229,0.239,0.153,0.074,0.255,0.221,0.034,0.043,0.062,0.044,0.028,0,0.076,0.059,0,0.011,0.036,0,0,0.003,0,0,0,0.178,0.585,0.849,0.519,0.173,0.037,0.043,0,0.003,0,0.044,0.039,0,0.057,0.006,0,0.073,0,0.042,0,0.033,0.044,0,0.024,0,0,0,0.102,0.186,0.579,0.805,0.618,0.253,0,0.043,0.094,0.035,0.021,0,0,0,0,0.003,0,0.029,0.027,0.032,0,0.011,0,0,0.049,0,0,0.239,0.105,0.045,0.37,0.422,0.428,0.094,0.007,0,0,0,0,0,0,0,0.035,0,0,0.074,0.044,0,0,0.003,0,0,0,0,0.283,0.581,0.493,0.281,0,0.036,0.022,0.087,0,0,0.034,0,0.063,0,0.034,0.07,0,0,0,0,0,0,0,0,0.027,0.055,0.038,0.044,0.443,0.772,0.741,0.425,0,0,0,0.011,0.047,0,0,0.012,0.008,0.051,0.008,0.033,0,0,0.068,0,0,0.04,0,0,0,0.023,0.027,0.02,0.386,0.7,0.683,0.29,0.011,0.066,0,0.048,0,0.022,0.036,0,0,0,0,0.126,0,0,0,0.063,0.094,0.031,0,0.02,0.063,0.059,0.006,0.009,0.214,0.335,0.255,0.136,0.225,0.301,0.275,0.074,0.337,0.349,0.202,0.181,0.349,0.294,0.045,0.023,0,0.019,0,0,0,0,0.028,0.016,0.035,0.064,0,0.085,0.359,0.697,0.593,0.378,0.521,0.607,0.577,0.23,0.585,0.755,0.445,0.449,0.591,0.617,0.334,0.053,0,0.009,0.019,0.033,0,0,0,0.033,0.053,0,0,0.044,0.416,0.883,0.743,0.414,0.552,0.916,0.619,0.424,0.739,0.817,0.612,0.455,0.854,0.7,0.355,0,0,0,0.045,0,0.011,0,0.021,0.035,0,0,0,0,0.338,0.54,0.447,0.345,0.365,0.566,0.467,0.211,0.473,0.419,0.396,0.362,0.518,0.395,0.126,0.039,0.168,0.024,0.039,0,0,0.008,0,0.03,0,0.086,0,0.024,0.183,0.399,0.45,0.178,0.134,0.187,0.161,0,0.166,0.224,0.063,0.005,0.164,0.214,0.182,0.348,0.476,0.324,0.032,0,0,0.073,0,0,0,0.002,0.005,0.067,0.434,0.777,0.765,0.396,0,0.019,0.045,0.016,0.099,0,0,0,0,0,0.185,0.597,0.899,0.503,0.311,0,0.009,0.02,0,0,0.104,0.036,0.015,0.008,0.385,0.773,0.686,0.4,0.093,0.009,0.022,0.013,0.011,0.009,0,0,0,0,0.271,0.568,0.781,0.468,0.326,0.039,0.019,0.035,0,0.086,0,0,0.021,0.012,0.207,0.494,0.314,0.147,0.049,0.084,0.056,0,0.049,0.037,0,0,0.006,0.064,0.01,0.233,0.392,0.296,0.021,0,0.001,0,0,0,0.04,0.021,0,0.019,0.417,0.558,0.529,0.307,0.05,0.056,0,0.02,0.01,0,0.113,0,0,0,0.23,0.585,0.595,0.486,0.112,0,0,0,0.069,0,0,0.063,0.031,0.009,0.456,0.818,0.849,0.335,0.077,0.009,0.008,0,0,0,0,0,0,0.079,0.236,0.614,0.962,0.64,0.22,0.032,0.002,0,0.082,0,0.047,0,0.014,0.009,0.299,0.618,0.564,0.319,0,0.114,0.037,0.035,0,0,0.029,0,0.035,0,0.224,0.494,0.645,0.43,0.11,0.05,0.001,0.028,0,0,0.046,0,0,0.044,0.043,0.243,0.272,0.099,0.237,0.458,0.336,0.117,0.38,0.355,0.219,0.215,0.374,0.276,0.035,0.132,0.261,0.223,0.07,0,0.092,0.039,0.037,0.02,0,0,0.039,0.044,0.046,0,0,0.207,0.623,0.798,0.609,0.317,0.636,0.645,0.412,0.481,0.781,0.616,0.35,0,0,0,0,0,0.019,0,0,0,0,0.019,0.014,0,0.035,0.073,0,0.284,0.556,0.869,0.607,0.306,0.701,0.781,0.412,0.484,0.788,0.735,0.369,0,0.035,0,0.061,0.057,0.069,0,0,0.054,0,0.054,0,0,0.026,0,0,0.121,0.314,0.529,0.298,0.07,0.361,0.479,0.266,0.295,0.47,0.421,0.153,0,0.023,0.026,0,0.016,0.031,0,0,0,0,0.04,0,0,0,0,0,0.088,0,0.192,0.081,0,0.061,0.13,0,0,0.097,0.16,0.01,0,0.024,0.003,0.02,0.051,0,0.002,0.03,0,0,0.069,0.025,0.022,0.004,0,0,0.009,0.02,0.013,0,0,0.031,0.035,0,0,0.075,0,0.066,0.021,0.04,0.08,0,0.01,0,0,0,0,0.042,0,0.007,0.044,0,0,0.096,0,0,0,0.042,0,0.024,0.024,0.036,0,0.021,0,0.021,0.111,0.02,0.001,0,0,0,0.03,0.015,0.004,0.087
7,0,0.002,0.247,0.645,0.646,0.418,0.354,0.557,0.642,0.285,0.445,0.599,0.512,0.351,0.425,0.621,0.398,0.219,0.584,0.657,0.414,0.027,0,0.005,0.079,0,0,0,0,0,0.352,0.778,0.85,0.505,0.439,0.714,0.743,0.353,0.527,0.983,0.728,0.346,0.544,0.982,0.675,0.325,0.699,0.939,0.613,0.167,0.007,0,0.035,0.06,0,0,0,0,0.272,0.546,0.682,0.374,0.379,0.599,0.533,0.35,0.476,0.658,0.53,0.271,0.434,0.641,0.498,0.189,0.597,0.622,0.411,0.131,0.009,0,0,0,0.003,0,0.007,0,0.062,0.243,0.272,0.139,0.117,0.248,0.208,0.053,0.11,0.267,0.25,0,0.208,0.264,0.245,0.018,0.232,0.372,0.156,0.026,0.055,0,0.036,0.006,0.048,0.073,0,0.019,0.048,0.094,0,0,0.059,0,0.101,0.065,0,0,0,0,0,0,0,0.188,0.532,0.707,0.423,0.164,0,0.04,0.004,0,0,0.051,0,0,0.03,0,0,0.021,0,0.021,0.06,0,0,0,0,0.07,0,0,0.022,0.362,0.715,0.832,0.598,0.166,0,0.013,0.001,0,0.046,0,0,0,0,0,0.059,0.011,0,0.009,0.039,0.029,0,0,0.037,0.024,0,0,0.033,0.216,0.511,0.509,0.344,0,0,0.051,0.09,0,0.015,0.074,0.064,0,0,0,0,0.01,0.031,0.042,0,0.032,0.128,0,0,0.117,0.274,0.428,0.279,0.192,0.115,0.11,0.1,0.008,0.015,0,0,0,0,0.043,0,0.059,0,0.038,0.02,0.023,0,0,0,0,0.031,0.062,0.014,0.248,0.562,0.828,0.645,0.271,0.04,0,0,0.13,0,0,0.032,0,0.017,0.002,0.034,0.011,0.03,0,0,0.099,0.062,0.002,0.027,0.04,0.041,0.016,0.044,0.251,0.55,0.801,0.616,0.27,0,0.07,0,0.041,0.031,0,0,0,0,0,0,0.006,0.027,0,0,0,0,0,0,0.009,0,0.15,0.025,0.115,0.344,0.565,0.414,0.199,0.016,0.019,0,0.047,0.015,0.015,0.072,0.046,0.054,0,0.021,0.079,0.113,0.023,0,0,0.08,0,0.026,0.017,0.303,0.482,0.348,0.201,0.027,0.084,0.047,0.033,0,0.082,0,0,0,0,0.007,0,0,0.028,0,0,0.047,0.002,0.043,0,0,0,0,0.186,0.419,0.734,0.742,0.351,0.042,0,0.105,0.084,0.155,0,0.06,0,0,0.026,0,0.037,0.072,0,0,0.029,0,0,0.005,0,0.07,0.022,0,0.121,0.49,0.735,0.615,0.363,0,0,0,0,0.047,0.074,0,0.052,0.099,0,0.024,0,0,0,0.019,0.02,0,0,0.03,0.048,0.098,0.163,0.153,0.019,0.201,0.346,0.39,0.135,0.004,0.022,0,0.02,0.073,0.01,0.043,0,0,0.031,0,0,0,0.021,0,0,0,0.066,0,0,0.239,0.533,0.508,0.325,0.052,0,0.027,0.065,0.052,0.056,0.042,0.031,0,0,0.01,0,0.028,0,0.057,0.007,0,0.044,0.021,0,0,0,0.057,0.037,0.351,0.828,0.844,0.328,0.007,0.049,0,0,0,0,0,0.004,0.115,0,0.039,0.054,0.031,0.03,0.004,0,0,0,0.029,0,0,0.022,0.047,0.003,0.36,0.576,0.664,0.391,0,0.003,0.064,0,0,0.08,0,0,0.017,0.028,0,0.036,0.001,0,0.062,0,0,0,0,0,0.068,0,0.046,0.005,0.228,0.18,0.369,0.056,0,0,0.042,0.094,0,0,0,0.068,0,0.079,0,0.009,0.103,0,0,0,0,0,0,0.022,0,0.033,0,0,0.419,0.643,0.621,0.269,0.012,0.02,0.066,0.025,0,0,0.045,0.011,0.033,0.03,0.03,0,0.001,0,0,0,0,0,0,0,0.008,0.048,0.051,0.143,0.346,0.926,0.764,0.461,0.128,0.052,0,0.027,0,0,0,0.038,0.013,0,0.047,0,0.074,0,0.024,0.091,0.012,0.039,0,0,0.044,0.053,0,0.065,0.339,0.641,0.543,0.237,0.07,0.024,0.032,0,0,0,0.014,0,0,0.077,0.024,0.052,0,0.107,0,0.051,0.062,0.007,0.011,0.03,0.052,0.061,0,0.006,0.214,0.309,0.35,0.172,0,0.053,0.079,0.004,0,0,0.003,0.039,0,0,0.016,0.09,0.022,0,0.056,0,0.065,0,0,0.047,0,0.06,0.078,0.096,0.373,0.65,0.688,0.346,0,0.045,0,0.017,0.045,0,0.039,0.052,0,0,0,0.048,0.004,0,0,0.018,0.032,0.045,0,0.004,0.024,0,0,0.094,0.512,0.774,0.749,0.475,0.064,0.028,0,0,0.082,0,0,0,0,0,0.008,0,0,0.002,0,0,0.062,0,0,0.037,0.029,0.057,0.008,0,0.417,0.451,0.628,0.219,0.128,0.019,0,0,0.001,0,0,0,0,0,0,0,0.018,0,0.025,0.064,0.014,0,0.032,0,0.007,0,0.017,0.055,0.038,0.184,0.109,0.027,0.008,0,0,0,0,0,0,0,0,0,0.107,0.005,0.007,0,0,0.006,0.002,0,0.071,0,0.032,0,0.121,0,0,0.005,0.069,0.044,0.001,0.166,0,0,0.013,0.062,0.001,0,0,0,0,0,0,0,0.014,0.038,0.002,0
8,0.069,0,0.092,0,0.138,0.466,0.642,0.662,0.342,0.392,0.656,0.644,0.236,0.418,0.582,0.522,0.326,0,0,0,0,0,0,0,0,0,0.035,0.047,0.023,0.102,0.268,0.2,0,0.157,0.265,0.28,0.084,0.198,0.282,0.231,0,0.055,0.252,0.215,0,0.122,0.242,0.205,0,0,0.018,0.01,0.005,0,0,0,0.057,0.341,0.595,0.53,0.339,0.075,0.022,0.008,0.073,0.053,0.028,0.017,0,0.039,0.063,0.048,0.09,0.343,0.611,0.585,0.276,0.004,0.005,0.04,0,0.025,0,0,0.215,0.533,0.949,0.777,0.403,0.098,0,0,0.054,0.031,0,0,0.082,0,0.054,0.049,0.168,0.566,0.875,0.731,0.404,0,0.019,0.048,0,0,0,0.005,0.078,0.335,0.654,0.563,0.278,0,0,0,0.012,0.074,0,0.071,0,0,0.043,0,0.045,0.399,0.54,0.573,0.28,0,0.004,0.069,0,0,0.007,0.054,0.03,0.104,0.262,0.183,0.1,0.11,0.049,0.043,0,0.003,0,0,0,0,0.052,0,0.043,0.237,0.26,0.198,0.026,0,0.07,0.045,0.057,0.024,0,0.017,0.083,0.327,0.606,0.501,0.26,0,0.051,0.038,0,0.005,0,0.041,0,0.009,0.013,0,0.013,0.496,0.574,0.501,0.196,0,0,0.096,0,0.074,0,0,0.152,0.483,0.899,0.665,0.452,0.001,0,0,0.076,0,0,0,0.024,0,0.005,0.004,0.21,0.437,0.928,0.703,0.341,0.003,0,0,0,0,0.028,0.049,0,0.433,0.664,0.55,0.28,0,0,0,0.025,0,0,0,0,0,0.073,0,0.152,0.385,0.647,0.593,0.27,0.018,0.044,0.039,0.039,0,0.008,0.06,0.039,0.156,0.244,0.203,0.047,0.074,0.221,0.19,0.054,0.128,0.269,0.2,0.076,0.081,0.267,0.162,0.026,0.22,0.217,0.241,0.088,0,0.008,0,0.105,0,0,0.036,0.004,0,0,0.055,0,0.395,0.625,0.498,0.202,0.386,0.626,0.512,0.238,0.473,0.586,0.429,0.18,0.02,0.014,0.039,0.04,0.04,0.028,0.037,0.02,0,0.033,0,0,0.02,0,0,0.07,0.519,0.939,0.734,0.318,0.537,0.97,0.779,0.47,0.514,0.859,0.712,0.364,0,0.066,0.009,0,0.022,0.078,0,0,0.078,0,0,0,0,0.012,0,0,0.326,0.591,0.531,0.188,0.356,0.68,0.635,0.309,0.336,0.615,0.583,0.246,0.035,0.055,0.009,0.042,0.014,0.054,0.038,0,0,0.057,0.115,0.071,0,0.23,0.196,0.046,0.161,0.338,0.336,0.042,0.153,0.278,0.241,0.042,0.18,0.215,0.2,0.031,0.044,0.263,0.129,0.074,0.026,0,0,0.027,0.081,0,0.019,0.126,0.43,0.54,0.513,0.327,0.019,0.053,0,0,0.037,0,0,0,0.008,0.04,0.003,0.089,0.427,0.562,0.402,0.185,0.06,0.034,0.029,0.046,0.037,0,0,0.192,0.547,0.932,0.741,0.332,0.049,0.008,0,0.089,0,0,0,0.019,0.038,0,0.034,0.223,0.594,0.943,0.707,0.344,0.018,0,0.003,0,0,0,0,0.149,0.48,0.566,0.569,0.326,0,0.078,0,0,0,0,0,0.046,0.041,0,0,0,0.443,0.602,0.55,0.25,0,0.034,0,0.069,0.062,0,0,0.017,0.047,0.234,0.169,0.046,0.017,0.037,0.01,0.025,0.054,0.009,0.018,0.097,0.039,0,0,0.058,0.133,0.2,0.233,0,0.036,0,0,0.1,0.117,0,0,0.134,0.404,0.558,0.639,0.264,0.012,0.046,0,0.05,0.037,0,0.048,0,0,0,0,0.195,0.378,0.574,0.47,0.314,0,0,0,0,0,0,0,0.151,0.535,0.81,0.754,0.411,0,0,0.049,0.016,0,0,0,0.017,0.002,0.014,0,0.126,0.532,0.943,0.67,0.396,0.023,0.093,0.001,0,0,0.008,0,0.043,0.367,0.62,0.542,0.315,0,0.04,0,0.022,0.04,0,0,0,0.057,0.133,0,0.154,0.413,0.621,0.497,0.237,0,0,0,0.022,0,0.071,0,0.024,0.207,0.282,0.334,0.025,0.115,0.277,0.207,0.021,0.042,0.165,0.222,0.003,0.182,0.172,0.137,0.015,0.125,0.214,0.175,0.044,0.026,0,0,0.01,0.029,0,0,0,0,0.081,0,0.091,0.379,0.596,0.558,0.291,0.405,0.619,0.576,0.272,0.383,0.61,0.533,0.282,0.032,0,0,0,0,0,0,0.05,0,0,0.01,0,0,0.086,0.065,0.08,0.517,0.885,0.789,0.398,0.632,0.862,0.798,0.348,0.585,0.982,0.731,0.365,0,0,0,0,0.01,0,0.048,0,0.014,0,0.007,0.131,0,0,0.014,0.138,0.378,0.555,0.627,0.298,0.418,0.557,0.561,0.224,0.406,0.546,0.47,0.225,0,0.097,0.017,0,0,0,0,0.021,0,0,0,0.093,0,0.108,0.05,0,0.059,0.253,0.16,0,0.028,0.298,0.103,0,0.173,0.241,0.254,0.001,0.063,0,0,0.036,0.091,0.05,0.056,0,0,0.086,0.077,0.008,0,0.008,0,0,0,0.029,0.077,0.011,0,0.02,0,0,0.014,0.018,0.038,0.071,0.009,0,0,0,0,0.057,0,0,0,0.052,0.035,0.046,0.008,0,0.001,0.004,0,0.003,0,0,0,0.063,0,0,0,0.028,0.036,0,0.004,0,0,0,0,0,0,0.027,0,0.033,0
9,0,0,0.093,0,0,0,0.128,0.275,0.241,0.185,0.255,0.309,0.294,0.151,0.354,0.295,0.072,0.088,0.127,0,0,0,0,0,0,0,0,0,0.08,0.03,0,0.004,0,0.077,0.32,0.657,0.595,0.278,0.462,0.667,0.617,0.284,0.701,0.67,0.433,0.079,0,0.007,0,0,0,0,0.076,0,0.034,0.007,0,0.049,0.092,0.076,0,0.122,0.34,0.791,0.772,0.261,0.618,0.93,0.64,0.372,0.808,0.812,0.486,0.055,0.039,0,0,0,0,0.081,0.038,0,0.014,0.057,0.02,0,0.044,0.054,0.163,0.041,0.205,0.519,0.646,0.279,0.457,0.557,0.431,0.258,0.507,0.533,0.38,0.027,0.105,0.138,0.05,0,0.012,0,0.067,0.047,0.046,0,0.06,0.026,0.127,0.342,0.422,0.3,0.101,0.239,0.173,0.063,0.109,0.225,0.068,0,0.166,0.185,0.051,0.29,0.517,0.473,0.162,0,0.038,0,0.005,0.045,0,0.083,0.038,0,0.252,0.628,0.832,0.565,0.217,0,0.075,0.072,0.047,0,0.004,0.073,0.029,0,0.206,0.536,0.827,0.718,0.319,0.039,0,0.033,0.073,0.016,0.074,0.068,0,0.029,0.273,0.627,0.63,0.45,0.143,0.051,0.096,0,0,0,0.016,0,0.039,0.01,0.146,0.505,0.721,0.65,0.293,0,0.15,0,0,0.053,0,0,0.049,0.006,0.114,0.344,0.415,0.342,0.028,0.003,0.077,0,0.059,0,0.102,0.076,0,0.044,0.012,0.371,0.495,0.356,0.158,0,0,0,0.008,0,0,0.03,0.089,0,0.193,0.479,0.687,0.481,0.162,0.057,0.003,0.052,0,0,0,0,0.015,0,0.112,0.421,0.668,0.583,0.237,0,0,0.033,0,0,0.055,0.014,0,0,0.304,0.573,0.912,0.582,0.23,0.042,0,0,0.022,0,0,0.023,0,0.044,0.152,0.527,0.926,0.705,0.373,0.013,0.08,0.073,0,0.024,0,0.012,0.052,0.024,0.293,0.535,0.593,0.337,0,0.048,0,0,0.078,0.036,0,0.099,0.002,0.084,0.07,0.446,0.632,0.479,0.11,0,0.003,0.078,0.016,0.034,0,0,0,0,0.034,0.16,0.165,0.158,0.224,0.427,0.407,0.27,0.307,0.425,0.303,0.154,0.38,0.48,0.302,0.242,0.448,0.294,0.094,0.052,0.032,0.009,0,0,0.007,0.016,0,0.028,0.074,0.055,0.11,0.041,0.443,0.698,0.709,0.417,0.581,0.768,0.608,0.373,0.63,0.738,0.469,0.567,0.719,0.748,0.338,0,0.058,0,0,0,0.047,0,0,0.014,0.013,0.012,0.003,0.109,0.344,0.767,0.855,0.263,0.621,0.899,0.506,0.407,0.702,0.812,0.45,0.532,0.809,0.547,0.336,0.076,0,0,0,0.055,0.034,0,0.067,0,0,0.019,0.001,0.095,0.148,0.431,0.433,0.153,0.434,0.474,0.474,0.11,0.416,0.484,0.27,0.3,0.558,0.384,0.209,0,0,0.062,0,0.008,0,0,0,0.051,0.006,0,0.081,0.027,0.004,0.058,0.077,0.013,0.051,0.155,0.065,0,0.051,0.061,0.075,0.379,0.542,0.488,0.201,0.018,0.064,0,0,0.043,0.08,0,0.004,0.008,0.069,0,0.06,0,0,0.03,0,0,0.044,0.019,0,0,0.021,0,0.121,0.502,0.88,0.686,0.307,0.066,0,0,0,0,0,0,0,0.029,0,0.05,0.047,0,0.02,0,0,0.008,0.038,0.053,0,0.025,0.086,0.038,0.087,0.411,0.603,0.482,0.316,0.134,0.021,0.041,0,0,0.011,0.016,0.025,0,0,0.037,0.057,0,0,0,0,0.033,0,0,0,0.148,0.314,0.325,0.216,0.254,0.312,0.251,0.097,0,0,0.001,0.051,0.03,0.086,0.014,0.109,0,0.028,0,0.009,0,0,0,0,0.015,0.088,0,0.044,0.317,0.572,0.71,0.423,0.219,0,0.039,0,0.061,0,0,0,0.091,0,0.008,0,0.016,0.075,0.005,0.002,0,0,0.002,0.033,0.027,0,0.04,0.078,0.381,0.773,0.8,0.467,0.103,0.038,0.024,0,0.017,0.074,0.046,0,0.028,0.007,0.019,0,0.047,0,0.134,0.001,0.055,0,0.15,0.027,0.058,0.088,0.214,0.063,0.204,0.509,0.472,0.413,0.003,0.11,0,0.038,0.116,0,0,0.133,0.011,0,0.083,0,0.007,0.007,0,0,0,0.269,0.514,0.603,0.185,0.399,0.514,0.506,0.13,0.146,0.091,0.002,0.025,0,0.035,0,0,0,0,0,0,0,0,0.089,0,0.04,0,0,0.024,0.437,0.77,0.746,0.46,0.554,0.849,0.629,0.232,0,0,0,0,0,0.053,0,0.082,0.057,0,0.034,0,0,0.046,0.01,0,0,0,0.006,0.065,0.443,0.664,0.627,0.37,0.572,0.737,0.575,0.179,0,0,0.045,0,0,0.102,0,0.032,0,0.021,0,0,0.037,0,0.049,0,0.042,0.081,0,0,0.178,0.354,0.297,0.123,0.269,0.382,0.281,0.018,0,0.002,0,0.012,0.021,0,0,0,0,0.08,0.085,0,0.014,0,0,0.03,0.04,0.062,0,0,0.002,0.06,0,0,0,0.003,0,0.036,0.003,0,0,0,0,0,0.016,0,0,0.014,0.084,0.05,0.103,0.034,0,0,0,0,0.054,0.025,0.007,0.031,0,0,0,0,0,0,0,0.011,0,0.106,0.011,0.021,0,0,0.027,0.116,0.005,0,0.025,0.028
0,0.024,0.033,0,0,0,0.042,0.22,0.534,0.812,0.683,0.255,0.657,0.862,0.618,0.22,0.627,0.873,0.592,0.145,0,0.015,0.008,0.064,0.1,0,0.131,0.044,0,0.091,0.043,0.043,0.018,0.01,0.009,0.033,0.349,0.497,0.355,0.185,0.424,0.592,0.268,0.141,0.439,0.587,0.417,0.109,0,0.065,0.028,0.054,0,0,0.026,0.048,0,0.026,0,0,0.263,0.357,0.362,0.144,0,0.241,0.054,0.042,0.059,0.042,0.039,0,0.064,0.191,0.063,0.153,0.315,0.369,0.238,0,0.053,0,0.015,0.02,0,0.067,0.012,0.19,0.494,0.699,0.631,0.346,0,0.028,0.03,0,0,0,0,0.013,0,0,0,0.294,0.635,0.734,0.455,0.102,0.055,0,0,0,0.064,0,0,0.218,0.54,0.859,0.674,0.363,0.03,0,0.046,0.055,0,0.038,0,0.003,0,0.026,0,0.293,0.703,0.809,0.581,0.174,0.093,0.083,0,0,0,0.004,0.033,0.114,0.283,0.482,0.357,0.072,0.025,0.003,0.044,0,0,0,0.043,0.01,0.04,0.061,0,0.139,0.445,0.509,0.233,0,0.023,0.023,0,0.008,0,0.009,0,0,0.267,0.415,0.346,0.163,0,0,0.022,0.013,0.021,0,0,0.157,0.389,0.452,0.293,0.091,0.358,0.439,0.32,0.032,0,0,0,0,0,0.072,0.102,0.2,0.551,0.756,0.628,0.295,0.042,0.014,0,0.098,0.006,0.049,0.027,0.393,0.586,0.828,0.491,0.323,0.649,0.896,0.508,0.172,0.019,0,0.068,0.023,0.036,0,0,0.248,0.641,0.888,0.595,0.297,0,0.058,0,0.032,0,0,0.024,0.333,0.674,0.724,0.525,0.292,0.632,0.814,0.513,0.247,0,0,0.102,0,0.044,0,0.061,0,0.345,0.348,0.337,0.124,0,0,0.021,0.02,0.113,0.218,0.021,0.086,0.362,0.381,0.294,0.121,0.328,0.385,0.321,0.062,0.044,0.088,0,0.019,0,0,0.084,0.126,0.318,0.531,0.41,0.114,0,0.069,0.027,0.139,0.391,0.554,0.423,0.084,0.006,0.035,0,0.151,0.317,0.389,0.412,0.05,0.021,0,0,0.044,0,0,0.02,0.253,0.476,0.699,0.645,0.291,0,0,0,0.238,0.584,0.837,0.572,0.228,0,0.006,0,0.336,0.662,0.712,0.453,0.241,0,0.01,0.071,0.003,0.048,0,0,0.215,0.43,0.765,0.615,0.206,0,0.01,0,0.335,0.624,0.808,0.523,0.299,0.015,0,0.045,0.334,0.601,0.759,0.531,0.214,0.042,0.012,0,0,0,0.006,0.13,0.033,0.213,0.519,0.335,0.036,0.079,0.119,0.107,0.091,0.339,0.421,0.309,0.008,0.05,0.019,0,0.196,0.372,0.469,0.215,0,0,0.014,0,0.015,0,0.167,0,0.049,0.356,0.558,0.255,0.114,0.33,0.506,0.446,0.198,0.053,0,0.062,0.03,0.02,0,0.052,0.239,0.392,0.489,0.268,0.032,0.035,0,0.129,0.069,0.06,0,0.073,0.179,0.537,0.864,0.609,0.282,0.657,0.899,0.616,0.321,0,0.01,0.006,0.019,0.061,0,0,0.322,0.698,0.937,0.541,0.199,0.068,0.069,0,0,0.014,0.002,0,0.172,0.48,0.792,0.56,0.261,0.511,0.727,0.557,0.204,0.022,0,0,0,0.01,0,0.051,0.282,0.659,0.769,0.507,0.171,0,0,0.035,0,0,0.035,0.049,0.022,0.199,0.439,0.265,0.141,0.293,0.44,0.309,0.036,0.015,0.007,0.052,0,0.091,0,0,0,0.348,0.398,0.171,0.023,0,0,0,0.004,0,0.035,0,0.126,0.392,0.481,0.461,0.049,0,0,0,0.054,0.066,0,0,0,0.012,0,0,0.171,0.539,0.521,0.324,0.15,0,0.041,0,0,0,0.008,0.015,0.27,0.557,0.923,0.733,0.361,0.072,0.058,0.026,0.009,0.031,0.065,0.058,0.042,0.054,0.008,0.01,0.373,0.745,0.822,0.509,0.216,0,0.043,0,0,0.029,0.049,0,0.11,0.498,0.753,0.497,0.242,0,0.039,0,0,0.01,0,0.107,0,0.049,0,0.012,0.31,0.658,0.721,0.376,0.203,0,0.018,0,0,0.021,0.071,0.073,0,0.222,0.342,0.261,0.017,0.133,0.14,0.161,0.088,0.08,0.177,0.083,0,0.112,0.189,0.163,0.036,0.325,0.328,0.225,0.048,0.034,0,0.046,0,0.005,0.01,0.09,0,0.03,0,0,0.153,0.34,0.596,0.448,0.277,0.464,0.467,0.393,0.172,0.513,0.607,0.421,0.077,0,0,0.03,0,0.009,0,0,0,0,0,0,0.028,0,0,0.028,0.195,0.669,0.934,0.725,0.263,0.634,0.966,0.739,0.164,0.75,0.928,0.596,0.178,0,0,0,0,0,0.005,0.033,0.024,0,0.026,0.069,0,0,0,0,0.172,0.494,0.737,0.504,0.223,0.551,0.705,0.475,0.314,0.588,0.628,0.532,0.143,0,0.009,0,0.023,0.006,0,0,0,0,0.001,0,0,0.088,0.022,0.018,0.056,0.25,0.32,0.22,0,0.228,0.317,0.178,0,0.26,0.261,0.158,0.028,0.005,0,0.028,0.056,0.07,0,0.039,0,0,0.03,0.01,0,0.053,0.017,0.077,0,0,0,0,0.061,0.142,0,0,0,0,0,0,0,0.033,0.048,0,0.079,0.067,0.11,0.054,0,0,0.038,0,0.059,0,0,0,0,0,0.001,0.066,0.026,0.027,0.035,0,0,0,0.011,0.029,0,0,0,0,0,0.087,0.014,0,0.031,0.062
1,0,0,0,0,0,0.034,0.096,0.031,0.076,0,0.37,0.703,0.898,0.614,0.167,0,0,0,0.01,0,0,0.017,0,0.088,0.037,0.012,0.032,0,0,0.011,0,0.037,0.006,0,0.025,0.004,0,0,0.298,0.533,0.735,0.574,0.19,0,0,0,0,0.08,0,0,0.073,0.074,0.025,0,0,0.086,0.017,0.015,0,0,0.104,0.084,0,0.142,0.194,0.241,0.125,0.286,0.411,0.293,0,0.041,0.036,0,0.061,0,0,0.053,0.025,0.074,0,0,0,0,0.037,0.037,0,0.028,0,0.018,0.144,0.607,0.634,0.49,0.221,0.52,0.667,0.44,0.137,0.087,0.029,0.054,0,0.059,0,0.052,0.035,0.009,0,0,0.069,0,0.029,0.061,0,0.039,0.004,0,0.21,0.706,1,0.648,0.353,0.749,0.933,0.639,0.208,0.028,0,0.084,0.014,0.038,0.069,0.028,0,0.018,0,0,0.046,0.089,0.031,0.027,0,0,0.061,0.046,0.175,0.415,0.662,0.545,0.312,0.607,0.621,0.512,0.107,0.018,0,0.079,0,0,0.033,0,0.109,0.019,0,0,0,0,0,0,0,0.042,0,0,0.071,0.237,0.262,0.357,0.093,0.305,0.379,0.11,0,0,0,0.05,0,0,0.032,0,0.038,0,0.007,0.012,0.07,0,0.059,0,0,0.06,0,0.018,0,0,0,0.043,0.279,0.504,0.707,0.413,0.134,0.102,0,0.026,0,0,0.04,0.093,0,0.063,0,0.072,0.003,0.047,0,0,0.031,0,0.034,0,0,0,0,0,0.412,0.602,0.959,0.532,0.207,0.002,0.046,0.05,0.027,0.041,0.02,0.018,0.086,0.061,0,0,0,0.017,0,0.083,0.008,0,0.037,0.01,0.073,0.037,0.064,0.029,0.276,0.591,0.539,0.442,0.099,0.054,0.053,0.024,0.088,0,0.038,0,0,0.002,0.014,0,0.026,0,0,0,0.062,0.013,0,0.003,0.044,0,0.115,0,0.2,0.296,0.396,0.341,0.03,0,0.075,0.017,0.014,0.002,0.019,0,0.013,0.1,0.011,0.055,0.069,0,0,0,0.105,0.057,0,0.058,0.035,0.074,0.064,0.019,0.298,0.601,0.732,0.347,0.149,0,0.055,0,0.091,0.017,0.059,0,0,0.008,0.123,0,0,0,0.107,0.07,0,0.011,0,0.02,0.004,0.075,0,0,0.361,0.622,0.828,0.562,0.156,0.079,0.093,0.024,0.076,0.058,0,0.057,0,0.017,0,0.069,0.019,0.003,0.04,0,0.058,0.002,0.023,0,0.051,0,0.028,0.061,0.166,0.413,0.505,0.319,0.038,0.029,0.035,0.036,0,0,0,0.032,0,0,0.018,0,0.019,0.062,0,0.003,0.017,0.042,0,0,0,0,0.003,0.033,0.16,0.362,0.44,0.356,0.098,0,0.036,0,0.014,0,0,0.002,0.072,0,0,0,0,0,0,0.068,0.055,0.023,0.006,0,0.018,0,0.052,0.024,0.333,0.656,0.832,0.542,0.102,0.05,0,0,0.102,0,0.09,0,0,0,0.021,0.069,0.034,0,0,0.018,0,0,0.044,0.013,0,0.019,0,0.049,0.27,0.598,0.879,0.567,0.29,0.037,0,0,0.069,0,0.083,0,0.07,0.047,0,0,0,0.066,0,0.042,0.07,0,0.116,0.073,0.067,0.011,0.019,0.085,0.139,0.401,0.366,0.258,0.032,0,0,0.031,0,0,0,0.069,0,0.021,0,0.022,0,0,0,0.055,0.006,0.083,0,0,0.083,0.081,0.042,0,0.144,0.536,0.603,0.378,0.041,0,0,0,0,0.056,0,0,0.075,0,0.047,0.031,0,0.027,0.006,0.07,0,0.01,0.017,0,0,0.006,0,0,0.346,0.767,0.906,0.637,0.298,0.004,0,0.078,0,0,0,0,0.009,0,0.079,0,0.049,0.017,0.035,0,0,0,0.049,0.052,0,0.039,0,0,0.206,0.525,0.764,0.503,0.29,0.032,0,0,0,0.057,0.053,0,0,0.01,0.017,0,0.027,0,0.04,0,0,0.02,0,0.015,0.003,0.123,0.236,0.162,0,0.36,0.338,0.283,0.014,0.214,0.141,0.165,0.028,0.012,0.009,0.039,0.01,0.086,0,0,0,0.006,0,0,0,0.016,0,0.034,0.219,0.569,0.619,0.444,0.296,0.604,0.564,0.406,0.344,0.489,0.585,0.356,0.02,0.001,0.016,0,0,0,0,0,0,0.057,0.075,0,0,0.034,0.042,0,0.166,0.686,0.917,0.619,0.323,0.681,1,0.572,0.394,0.764,0.797,0.441,0.123,0.016,0,0,0,0.021,0.082,0.061,0,0,0,0.04,0,0,0.07,0,0.168,0.477,0.601,0.594,0.206,0.51,0.609,0.463,0.301,0.534,0.571,0.391,0.045,0,0,0,0.049,0.061,0.069,0,0,0.025,0,0,0.073,0.003,0,0.079,0,0.135,0.34,0.23,0.012,0.248,0.2,0.19,0.096,0.32,0.321,0.106,0.002,0,0,0.025,0,0.023,0.026,0.021,0,0,0,0.094,0.009,0.074,0.054,0.028,0,0,0,0.011,0.061,0.087,0.006,0.002,0.077,0,0,0.057,0,0.055,0.025,0.022,0.006,0,0.037,0,0,0.027,0.031,0.052,0.067,0.009,0.047,0.016,0,0,0.102,0.004,0,0,0,0.019,0.006,0,0.084,0,0.007,0.05,0.048,0,0.014,0.002,0,0,0.058,0
2,0.008,0,0.023,0,0,0,0.077,0.033,0.184,0.214,0.266,0.117,0.227,0.377,0.208,0.279,0.375,0.258,0.103,0.059,0.054,0.094,0,0,0,0.008,0.043,0.048,0.059,0,0,0,0.008,0,0,0.059,0.429,0.66,0.664,0.389,0.569,0.712,0.455,0.469,0.644,0.676,0.389,0.047,0.005,0,0.009,0,0,0.055,0.043,0.075,0,0.014,0.074,0,0,0.05,0.026,0.158,0.436,0.855,0.823,0.468,0.638,0.975,0.584,0.556,0.89,0.721,0.393,0.003,0,0.015,0,0,0.098,0.101,0.026,0.03,0,0.084,0,0,0,0.057,0.125,0.078,0.391,0.484,0.488,0.282,0.389,0.496,0.4,0.303,0.612,0.469,0.189,0.131,0.179,0.161,0,0,0.091,0,0,0,0,0.014,0,0.026,0.166,0.442,0.599,0.423,0.159,0.148,0.128,0,0.162,0.157,0.086,0,0.168,0.129,0.196,0.468,0.555,0.392,0.006,0.045,0,0,0,0,0.057,0.062,0.021,0.087,0.252,0.668,0.917,0.553,0.288,0.015,0.058,0,0.021,0.073,0,0,0,0,0.352,0.744,0.86,0.535,0.272,0,0,0.129,0.074,0,0,0,0,0,0.142,0.466,0.619,0.517,0.289,0.025,0,0.033,0.04,0.038,0,0.075,0.019,0,0.221,0.52,0.739,0.457,0.175,0,0.119,0.012,0,0,0.042,0.033,0,0,0,0.323,0.341,0.245,0.055,0.021,0.021,0.041,0,0.068,0.004,0,0,0,0.107,0.358,0.35,0.234,0.106,0.015,0,0.046,0,0.025,0.006,0.007,0,0,0,0,0,0,0,0,0,0,0.024,0.016,0.039,0.002,0,0,0.262,0.615,0.7,0.452,0.163,0.022,0,0,0,0,0.022,0.036,0.068,0.067,0.038,0,0,0.063,0,0,0,0.006,0,0.008,0,0.088,0,0.053,0.35,0.626,0.867,0.588,0.175,0,0,0.014,0,0.012,0.082,0.068,0,0,0.021,0,0,0,0.003,0,0.008,0.071,0.037,0,0.017,0.099,0.213,0.327,0.148,0.415,0.506,0.309,0.032,0,0,0.016,0,0,0,0,0.055,0.045,0,0.049,0,0,0.033,0,0.058,0,0.012,0,0.046,0.368,0.659,0.531,0.31,0.157,0.045,0.029,0,0,0.072,0.016,0,0.038,0.021,0.055,0,0,0,0,0,0,0.022,0,0.052,0,0,0.115,0.148,0.556,0.803,0.742,0.439,0.095,0,0,0,0,0,0.111,0,0.014,0,0,0.013,0.051,0,0,0,0,0.071,0.02,0.028,0.058,0.093,0.088,0.038,0.38,0.631,0.601,0.254,0.027,0,0.034,0.011,0.043,0,0.042,0.038,0,0,0,0,0,0,0,0,0,0.027,0.055,0.02,0.256,0.341,0.478,0.309,0.106,0.194,0.243,0.055,0.025,0.087,0.011,0.062,0.003,0.005,0,0.075,0.076,0.017,0.014,0.022,0.038,0.055,0.009,0,0.039,0.028,0.039,0.036,0.366,0.602,0.854,0.568,0.115,0,0.047,0,0.136,0,0.079,0,0,0.031,0,0,0.041,0,0.032,0,0.003,0.06,0,0.024,0,0,0.045,0.108,0.283,0.598,0.658,0.563,0.192,0.053,0,0.018,0,0.063,0,0.012,0.044,0.064,0,0,0,0.038,0.045,0.026,0,0,0,0.049,0,0.098,0.249,0.238,0.148,0.329,0.439,0.267,0.011,0,0.019,0,0,0.03,0.056,0.158,0.011,0,0,0,0,0,0,0,0.001,0.004,0.013,0.015,0.06,0.336,0.64,0.541,0.314,0,0.035,0.071,0.049,0,0,0,0,0,0.006,0,0.07,0,0,0,0.058,0.043,0,0.035,0,0,0.019,0,0.034,0.498,0.853,0.83,0.445,0.082,0,0,0,0.059,0,0,0.021,0.043,0,0.12,0,0.034,0,0,0,0.026,0.026,0.042,0.031,0.01,0.058,0.173,0.041,0.428,0.582,0.46,0.319,0.002,0.148,0.104,0,0.138,0.023,0.044,0.033,0.092,0.087,0.028,0.051,0.01,0,0.083,0,0,0.047,0,0,0.077,0.388,0.508,0.418,0.284,0.429,0.473,0.198,0.299,0.56,0.328,0.305,0.517,0.39,0.334,0.462,0.572,0.374,0,0,0,0,0,0,0.009,0,0,0,0.174,0.684,0.867,0.64,0.447,0.8,0.741,0.436,0.679,0.917,0.648,0.395,0.849,0.653,0.461,0.692,0.806,0.445,0.216,0,0.013,0,0.121,0.02,0.039,0,0,0,0.157,0.562,0.766,0.57,0.355,0.75,0.622,0.369,0.511,0.75,0.492,0.414,0.701,0.722,0.338,0.653,0.803,0.514,0.141,0,0.042,0.012,0.006,0.101,0.061,0,0,0,0.046,0.159,0.48,0.308,0.131,0.311,0.329,0.105,0.25,0.378,0.26,0.348,0.344,0.282,0.154,0.313,0.403,0.171,0,0,0.034,0.089,0,0,0.06,0,0.05,0.004,0,0,0.004,0,0,0.057,0,0,0.039,0.082,0,0.004,0,0,0,0.072,0.006,0.038,0.016,0.056,0.035,0,0,0.091,0,0,0.048,0,0,0,0.054,0,0.027,0,0.118,0,0,0.019,0.076,0,0,0.102,0,0,0,0.092,0,0.037,0,0.044,0.035,0,0,0.018,0.005,0,0.004,0,0,0,0.071,0.045,0.042,0,0,0,0,0,0,0,0.003,0.005,0,0.079,0,0.095,0,0.025,0.112,0.046
3,0,0,0.071,0.438,0.508,0.574,0.298,0.568,0.485,0.492,0.443,0.567,0.519,0.259,0.569,0.552,0.449,0.385,0.548,0.547,0.25,0.009,0,0,0,0,0,0,0,0,0.229,0.619,0.935,0.773,0.343,0.749,0.972,0.532,0.465,0.965,0.742,0.297,0.711,0.954,0.582,0.496,0.899,0.762,0.224,0,0,0,0.07,0,0,0,0,0.068,0.065,0.368,0.669,0.535,0.224,0.536,0.632,0.485,0.423,0.676,0.525,0.277,0.588,0.629,0.44,0.438,0.646,0.623,0.334,0.003,0.046,0.013,0,0.086,0,0,0.031,0,0,0.174,0.157,0.205,0.081,0.224,0.206,0.127,0.226,0.283,0.248,0.081,0.389,0.427,0.257,0.166,0.215,0.183,0.071,0,0.072,0.037,0.017,0.049,0,0,0,0,0,0.042,0.096,0,0.01,0,0.043,0.051,0.032,0,0.029,0.326,0.571,0.717,0.55,0.21,0,0,0,0.116,0,0,0.036,0,0,0.002,0,0,0,0.027,0,0,0.041,0,0.038,0.04,0.03,0.045,0,0.35,0.752,0.798,0.524,0.158,0.036,0.039,0.027,0,0.096,0.072,0.016,0.009,0.037,0.036,0.046,0,0.05,0,0,0,0,0,0,0,0.061,0.251,0.18,0.105,0.373,0.501,0.194,0.058,0.087,0,0.026,0,0.091,0.065,0,0.017,0.095,0.02,0.025,0.034,0.005,0.044,0.075,0.011,0,0.027,0.008,0.078,0.349,0.623,0.484,0.248,0.011,0.172,0.083,0,0,0.099,0,0,0,0.04,0,0.029,0,0,0,0.001,0,0.045,0,0.022,0,0.053,0.017,0.202,0.507,0.868,0.769,0.418,0,0.052,0.064,0,0,0,0,0,0.04,0,0.1,0,0.058,0.086,0,0.015,0,0,0,0.035,0.038,0.043,0.045,0.104,0.431,0.709,0.517,0.284,0,0.076,0,0,0.038,0,0,0,0,0.018,0.026,0,0.033,0.025,0,0.065,0,0,0,0.029,0.089,0.036,0.043,0.01,0.138,0.217,0.206,0.198,0.322,0.375,0.291,0,0.052,0.076,0.073,0,0.005,0,0.005,0.045,0.01,0.006,0,0,0,0,0.02,0,0.002,0.047,0.002,0.041,0.086,0.035,0,0.327,0.639,0.808,0.456,0.166,0.022,0.026,0.044,0.064,0,0.001,0.015,0,0,0.019,0.009,0.058,0,0,0,0,0,0,0.048,0.019,0.057,0.019,0.111,0.344,0.645,0.821,0.531,0.197,0,0.041,0.085,0,0,0,0,0,0,0.015,0,0.004,0,0,0.059,0,0,0.008,0,0.031,0.002,0.032,0,0.113,0.338,0.411,0.309,0.043,0.362,0.22,0,0,0,0,0,0,0.005,0.102,0,0.062,0.025,0.052,0.032,0,0.008,0,0,0.048,0.051,0.003,0,0.033,0.017,0.04,0.021,0.468,0.604,0.486,0.269,0.009,0.055,0.044,0,0.003,0.034,0.018,0,0.009,0,0,0,0,0.096,0.014,0,0.008,0.093,0.001,0,0.041,0,0,0.189,0.505,0.72,0.755,0.269,0,0.127,0.036,0.005,0.015,0,0.044,0,0.034,0,0.005,0.052,0.038,0,0.037,0,0.046,0,0,0,0.052,0,0.004,0.092,0.451,0.652,0.488,0.256,0.071,0,0.012,0.034,0.051,0,0,0.064,0.036,0.018,0.285,0.395,0.384,0.098,0,0,0,0,0,0,0,0,0.09,0,0.197,0.458,0.252,0.099,0,0.052,0,0,0.058,0,0.053,0.018,0.038,0.18,0.484,0.798,0.68,0.325,0.008,0,0,0.03,0.018,0,0,0,0,0.166,0.538,0.793,0.66,0.384,0,0,0.083,0.007,0.027,0.056,0.043,0.01,0.002,0.089,0.555,0.852,0.7,0.385,0.011,0,0,0,0,0.057,0,0.029,0.011,0.117,0.566,0.709,0.659,0.312,0,0.041,0,0,0.06,0.046,0.022,0.107,0,0.005,0.228,0.431,0.38,0.064,0.273,0.25,0.007,0.063,0.221,0.171,0.035,0.191,0.301,0.166,0.284,0.46,0.447,0.124,0,0,0,0.002,0.02,0,0,0,0,0,0,0,0.019,0.154,0.583,0.666,0.37,0.457,0.599,0.567,0.327,0.477,0.582,0.432,0.045,0.081,0.075,0.016,0.021,0.01,0,0.016,0.086,0,0.031,0,0,0,0.018,0.014,0.011,0.365,0.692,0.898,0.467,0.546,0.964,0.725,0.447,0.749,0.989,0.572,0.15,0,0.062,0,0.012,0,0,0,0,0,0.068,0,0.021,0.024,0.057,0,0.094,0.29,0.56,0.594,0.54,0.364,0.523,0.488,0.291,0.622,0.676,0.422,0.177,0.03,0.036,0.061,0.071,0,0.183,0,0.073,0,0,0.119,0.07,0,0,0,0.065,0,0.267,0.322,0.142,0.163,0.327,0.186,0.049,0.187,0.261,0.143,0,0.038,0,0,0.069,0.042,0.077,0,0.088,0.013,0,0.034,0.007,0.004,0.003,0.008,0.02,0,0,0,0,0.045,0,0,0,0,0,0.078,0,0.029,0.083,0,0,0.041,0,0.037,0.015,0.005,0,0,0,0.063,0,0,0.076,0.017,0,0.058,0.048,0,0,0.006,0,0,0,0.157,0.026,0.054,0,0.027,0.026,0.094,0.034,0.004,0.072,0,0.028,0.036,0,0.024,0,0,0.03,0,0,0.006,0,0,0,0.019,0.044,0,0.032,0,0.019,0,0,0,0.087,0,0.018,0.036,0,0.048,0.071
4,0.015,0.034,0,0,0.005,0.024,0,0,0.017,0,0,0.108,0,0.06,0.404,0.694,0.652,0.27,0,0,0.051,0.091,0,0,0,0,0,0.051,0,0,0,0.101,0,0,0.047,0,0.055,0,0.003,0.017,0.069,0.163,0.625,0.84,0.784,0.35,0.069,0,0.011,0,0.091,0.042,0.03,0,0.069,0.004,0,0.095,0,0,0.039,0,0,0,0,0,0,0.022,0.119,0,0.407,0.597,0.517,0.277,0,0.03,0,0,0.028,0.056,0.054,0.151,0,0,0.053,0.049,0.022,0.089,0.065,0,0,0,0.039,0,0.167,0.45,0.516,0.345,0.196,0.414,0.415,0.224,0.063,0.062,0,0,0.051,0,0.127,0.013,0.001,0.054,0.013,0.022,0,0.018,0.01,0,0.101,0,0,0,0.314,0.738,0.839,0.588,0.513,0.789,0.776,0.385,0.05,0,0,0.034,0,0.014,0,0,0.006,0,0.019,0.03,0.02,0.073,0,0,0,0.004,0,0.051,0.293,0.597,0.762,0.481,0.521,0.766,0.631,0.428,0,0,0.025,0.03,0.092,0.009,0,0.045,0,0,0.124,0.039,0,0,0.036,0.001,0,0.17,0.241,0.224,0.144,0.409,0.449,0.263,0.223,0.404,0.357,0.141,0.119,0.061,0,0.039,0,0,0.004,0,0.037,0.042,0.037,0,0,0,0.053,0.004,0.116,0.33,0.631,0.43,0.198,0.025,0.109,0.049,0.252,0.568,0.532,0.206,0.078,0.099,0.031,0,0,0.021,0,0.044,0.029,0,0.005,0,0.014,0.006,0.05,0,0.197,0.607,0.926,0.697,0.37,0.008,0.018,0.145,0.472,0.909,0.784,0.496,0,0.036,0.038,0.034,0,0,0,0,0,0.094,0.107,0.023,0.032,0.096,0,0,0.089,0.392,0.674,0.473,0.279,0,0,0.044,0.417,0.651,0.563,0.374,0,0.031,0,0.028,0,0.044,0,0,0,0,0.019,0.072,0.071,0.17,0.331,0.336,0.213,0.102,0.315,0.259,0.04,0.054,0.093,0.093,0.136,0.386,0.215,0.122,0,0.004,0.056,0.002,0,0,0,0,0.024,0.054,0,0.009,0,0.294,0.618,0.756,0.353,0,0,0.018,0.006,0,0,0.039,0.409,0.673,0.617,0.311,0,0,0,0,0,0.006,0,0,0,0.054,0,0,0.115,0.398,0.804,0.746,0.514,0.085,0.044,0,0,0,0.032,0.106,0.421,0.897,0.72,0.475,0.015,0.022,0,0,0.063,0,0,0,0,0.057,0.079,0,0,0.28,0.53,0.432,0.261,0.047,0.089,0.111,0,0.117,0.162,0.025,0.258,0.555,0.357,0.233,0.108,0.236,0,0.033,0.033,0.032,0,0,0,0,0.074,0.003,0.039,0.276,0.478,0.573,0.226,0.397,0.541,0.467,0.2,0.386,0.479,0.327,0.322,0.493,0.381,0.133,0.332,0.503,0.422,0.126,0.009,0.044,0,0,0.043,0.032,0.032,0.052,0.115,0.437,0.805,0.788,0.499,0.553,0.854,0.658,0.265,0.698,0.868,0.606,0.497,0.819,0.757,0.467,0.667,0.848,0.601,0.257,0,0.059,0,0.05,0.053,0,0.012,0.006,0,0.389,0.674,0.73,0.443,0.568,0.783,0.656,0.328,0.688,0.798,0.423,0.382,0.696,0.665,0.395,0.601,0.748,0.577,0.286,0.037,0,0,0,0.083,0,0,0.055,0,0.095,0.387,0.377,0.101,0.278,0.381,0.302,0.125,0.38,0.301,0.312,0.145,0.399,0.325,0.161,0.315,0.453,0.244,0.047,0,0.027,0,0.015,0.045,0,0.056,0.063,0.025,0,0,0.015,0.003,0,0.008,0,0.028,0.027,0.003,0.131,0.376,0.629,0.595,0.423,0.027,0.025,0.069,0.018,0,0.002,0,0.012,0.044,0,0.032,0.067,0.01,0,0.019,0,0.002,0,0.053,0.109,0,0.007,0.031,0.083,0.459,0.922,0.805,0.349,0.074,0.051,0.023,0.044,0.017,0,0.034,0,0,0,0,0.043,0,0.029,0.016,0,0,0,0,0.012,0,0,0.021,0.01,0.345,0.615,0.515,0.366,0,0.091,0,0,0.004,0.047,0.017,0.04,0,0,0,0,0.019,0,0,0.004,0,0.009,0,0.045,0.037,0,0,0.058,0.29,0.259,0.399,0.063,0.024,0,0,0.076,0,0.022,0.03,0.023,0,0.012,0,0,0,0,0,0,0,0.023,0,0.04,0.034,0.049,0,0.141,0.363,0.655,0.617,0.351,0.067,0.055,0.003,0.168,0,0,0,0.02,0,0,0,0,0.027,0,0.02,0,0,0,0.005,0.041,0.013,0,0,0.141,0.453,0.794,0.792,0.353,0,0.002,0,0,0.048,0.01,0.076,0,0.032,0,0.037,0,0.029,0.138,0,0.017,0,0.071,0.043,0.061,0,0.018,0,0.014,0.245,0.433,0.336,0.135,0.06,0,0,0.126,0.039,0,0,0.068,0,0,0.018,0,0.004,0,0.053,0.075,0,0.028,0.111,0.102,0,0,0,0.043,0,0.146,0.124,0.01,0,0.022,0,0,0.039,0,0,0,0.121,0,0.021,0,0,0,0.018,0,0.029,0.038,0.049,0,0,0.022,0,0,0.036,0.035,0.008,0.033,0.006,0,0,0.001,0,0,0,0.004,0.008,0,0.042,0.017,0,0.013,0,0,0,0.083,0.086,0.028,0.033,0.026,0,0.078,0,0,0,0,0,0,0.062,0.111,0.06,0.051,0.018,0.14,0,0.02
5,0,0,0,0.252,0.604,0.697,0.428,0.259,0.633,0.659,0.319,0.385,0.634,0.664,0.322,0.35,0.686,0.565,0.219,0.479,0.617,0.493,0.196,0,0,0,0.012,0.034,0.002,0.017,0,0.381,0.744,0.855,0.628,0.293,0.868,0.899,0.498,0.566,0.837,0.65,0.373,0.516,0.93,0.745,0.264,0.609,0.921,0.598,0.24,0,0,0,0,0.055,0,0,0,0.205,0.498,0.638,0.368,0.361,0.548,0.604,0.293,0.307,0.605,0.476,0.293,0.508,0.623,0.549,0.23,0.513,0.6,0.446,0.067,0.06,0.045,0.021,0.095,0.019,0.082,0,0,0.057,0.313,0.244,0.152,0.098,0.178,0.301,0.014,0.072,0.253,0.161,0.034,0.199,0.208,0.174,0,0.143,0.232,0.201,0.028,0,0.032,0,0,0.069,0.035,0.06,0.048,0.305,0.621,0.717,0.476,0.16,0.023,0,0,0,0.04,0,0.025,0,0.099,0.023,0.083,0,0,0,0,0,0,0.019,0,0.033,0,0,0.038,0.344,0.696,0.833,0.579,0.189,0,0.039,0.023,0.064,0,0.009,0,0,0.01,0,0.078,0.001,0.037,0.049,0,0,0,0.075,0.006,0,0,0.012,0.02,0.213,0.476,0.533,0.365,0,0.104,0.116,0.004,0,0.054,0.043,0,0.091,0.021,0.057,0,0.026,0,0,0.006,0,0.038,0.005,0.05,0,0.018,0,0,0.127,0.375,0.433,0.275,0.275,0.473,0.434,0.236,0.275,0.522,0.386,0.159,0.412,0.483,0.374,0.205,0.005,0,0,0.037,0.033,0.001,0.003,0,0,0,0.077,0.04,0.257,0.766,0.814,0.498,0.353,0.705,0.714,0.447,0.442,0.738,0.638,0.414,0.586,0.748,0.651,0.279,0.002,0,0.019,0,0,0,0.013,0,0,0.022,0,0,0.266,0.713,0.813,0.532,0.391,0.709,0.736,0.482,0.512,0.81,0.725,0.45,0.636,0.753,0.614,0.245,0.02,0,0.032,0,0,0.003,0.064,0.042,0,0,0,0,0.108,0.42,0.384,0.236,0.171,0.373,0.417,0.183,0.27,0.385,0.404,0.18,0.314,0.428,0.279,0.091,0.064,0.195,0.03,0,0.087,0,0,0,0.001,0,0,0,0.018,0.057,0.122,0.006,0.074,0.037,0.078,0,0.021,0.096,0.019,0,0.027,0.069,0,0.097,0.444,0.443,0.346,0.024,0.017,0.017,0,0.003,0,0.046,0,0.052,0,0.019,0,0.034,0.049,0,0.035,0.03,0,0,0.096,0.063,0,0,0,0.251,0.59,0.857,0.622,0.288,0.024,0.006,0,0.041,0,0,0,0.012,0.049,0,0,0,0,0.059,0,0,0.069,0.053,0.024,0.016,0,0.018,0.015,0.311,0.595,0.742,0.542,0.216,0,0.017,0,0.08,0,0,0,0.008,0.029,0.011,0.058,0.057,0,0.012,0,0.019,0,0.062,0,0,0,0.015,0.012,0.001,0.259,0.272,0.355,0.016,0,0,0.031,0.007,0.018,0,0,0.032,0,0.03,0.112,0.063,0,0.006,0,0.033,0.009,0,0,0.06,0.051,0,0.021,0.194,0.539,0.612,0.394,0.136,0,0.032,0,0.005,0.068,0,0.014,0,0,0,0.091,0.028,0.145,0,0,0.035,0,0.005,0,0.013,0.012,0,0,0.336,0.628,0.901,0.6,0.232,0.014,0,0.065,0.015,0,0,0.03,0,0,0.03,0.004,0,0,0.011,0.005,0,0.002,0,0.035,0.027,0.007,0.004,0.068,0.259,0.578,0.676,0.492,0.213,0,0.105,0,0.023,0,0,0,0,0.095,0.217,0.256,0.166,0.049,0,0.031,0,0.01,0.045,0,0,0.05,0.05,0.049,0.059,0.225,0.361,0.202,0,0.039,0,0,0,0,0.006,0,0,0.262,0.639,0.7,0.443,0.1,0.044,0.029,0.045,0.021,0,0.02,0,0,0.043,0.017,0.16,0.537,0.646,0.508,0.159,0,0.003,0.05,0,0.009,0.03,0,0,0.372,0.664,0.866,0.561,0.234,0.004,0,0.01,0,0.041,0.069,0.002,0.005,0,0.053,0.322,0.681,0.979,0.567,0.22,0,0.038,0,0.012,0.002,0.018,0.013,0,0.246,0.559,0.631,0.318,0.06,0,0.073,0.029,0.068,0.091,0.019,0.07,0.022,0,0.029,0.164,0.381,0.481,0.423,0.09,0,0,0,0,0,0.043,0.058,0.031,0,0.214,0.209,0.06,0.178,0.348,0.332,0.135,0.195,0.316,0.359,0.133,0.285,0.338,0.392,0.119,0.127,0.182,0.047,0.026,0.009,0.099,0,0,0.005,0,0,0,0.022,0,0.042,0,0.374,0.693,0.684,0.443,0.441,0.659,0.802,0.308,0.504,0.767,0.6,0.205,0.014,0,0.033,0.003,0,0,0.002,0,0,0.055,0,0,0,0.04,0,0.064,0.428,0.733,0.792,0.439,0.476,0.852,0.701,0.398,0.49,0.956,0.639,0.217,0,0,0,0.054,0,0.033,0.046,0.13,0,0.015,0.002,0.028,0,0,0.04,0.112,0.26,0.475,0.421,0.269,0.296,0.534,0.545,0.175,0.357,0.512,0.329,0.141,0,0.034,0.078,0.03,0,0,0,0.073,0,0,0.073,0,0.073,0.009,0.07,0,0,0.117,0.058,0,0.009,0.092,0.217,0,0,0.118,0.113,0.004,0,0.058,0.049,0.034,0.025,0,0,0.084,0.078,0,0,0.077,0,0,0,0.034,0.032,0,0,0,0.045,0.03,0.027,0.009,0,0,0.009,0,0.044,0.104,0,0,0.035,0,0,0.078,0
6,0.081,0.011,0.054,0,0.025,0,0.092,0.05,0.027,0,0.218,0.597,0.785,0.637,0.392,0.689,0.726,0.51,0.132,0.089,0.062,0.016,0.036,0,0,0.085,0.028,0.072,0,0.067,0,0.006,0.02,0,0.028,0.021,0.08,0,0.135,0.619,0.826,0.581,0.33,0.731,0.77,0.512,0.009,0,0.099,0.03,0,0.007,0,0,0,0,0,0,0,0,0.018,0,0.002,0.071,0.24,0.183,0,0.307,0.301,0.347,0.119,0.319,0.363,0.184,0.032,0,0.02,0,0.041,0.022,0,0,0.18,0.009,0,0,0,0.062,0,0,0,0.422,0.619,0.463,0.329,0.025,0.12,0.082,0.028,0.098,0.086,0.006,0,0.159,0.019,0.086,0,0.002,0.108,0,0.004,0,0,0.04,0,0,0.064,0.068,0.083,0.412,0.786,0.847,0.396,0.086,0,0,0.006,0,0,0.017,0.067,0,0,0.013,0,0,0.042,0,0.041,0.034,0,0.006,0,0,0.041,0,0.033,0.276,0.561,0.543,0.403,0.094,0.034,0.033,0.092,0.078,0,0,0,0,0,0.06,0.076,0.118,0,0.035,0.07,0.101,0,0,0,0,0.411,0.366,0.318,0.004,0.239,0.253,0.114,0.006,0,0.124,0.065,0,0.073,0,0,0,0.011,0,0.047,0,0.053,0.004,0,0,0,0,0,0.291,0.505,0.833,0.564,0.172,0,0.032,0.039,0,0,0.059,0.026,0,0.056,0,0,0.014,0.029,0,0.045,0.024,0.135,0.062,0.062,0.015,0,0.025,0,0.242,0.649,0.849,0.615,0.161,0.022,0.022,0.005,0,0,0,0.014,0,0.026,0,0,0.038,0.012,0,0.033,0,0.013,0,0.015,0,0,0,0,0.098,0.399,0.4,0.355,0.064,0.078,0.185,0.102,0.08,0.103,0.053,0.005,0.065,0.131,0.005,0.081,0,0,0.011,0,0.02,0.011,0.068,0,0,0.059,0.08,0,0.175,0.472,0.537,0.386,0.367,0.481,0.456,0.248,0.358,0.625,0.469,0.188,0.435,0.444,0.36,0.002,0.123,0,0.002,0,0,0,0,0,0.065,0.041,0,0,0.286,0.753,0.793,0.641,0.444,0.842,0.752,0.385,0.559,0.795,0.614,0.41,0.67,0.854,0.475,0.112,0.021,0.076,0.039,0.003,0.055,0.016,0.033,0.013,0,0,0.011,0.006,0.196,0.49,0.802,0.468,0.339,0.656,0.627,0.384,0.419,0.679,0.494,0.312,0.596,0.681,0.414,0.004,0.117,0.001,0.056,0,0,0.073,0,0.078,0,0.029,0,0.081,0.051,0.206,0.378,0.23,0.191,0.233,0.321,0.08,0.162,0.423,0.227,0.152,0.351,0.29,0.222,0.233,0.292,0.271,0.065,0,0,0,0,0.019,0,0.034,0.037,0,0.263,0.566,0.708,0.512,0.239,0,0.022,0.086,0.033,0,0.023,0.064,0.097,0.014,0.064,0.449,0.62,0.557,0.343,0.08,0.1,0.034,0,0.054,0.008,0.107,0.074,0.075,0.27,0.586,0.978,0.687,0.252,0,0.027,0.05,0,0.04,0,0,0.007,0.035,0.214,0.574,0.831,0.718,0.486,0,0.019,0,0.094,0,0,0,0.006,0,0.101,0.487,0.423,0.422,0.219,0.036,0,0,0,0.019,0,0.054,0,0,0.107,0.358,0.517,0.378,0.215,0,0.03,0.045,0.015,0.008,0.013,0.043,0,0,0.077,0.382,0.523,0.358,0.046,0.067,0,0.028,0.047,0,0.095,0.007,0.002,0,0.075,0.341,0.471,0.435,0.219,0,0.019,0,0.037,0,0,0,0.063,0,0.36,0.562,0.91,0.528,0.156,0.004,0,0,0.048,0,0.062,0.037,0.016,0,0.069,0.533,0.788,0.682,0.324,0,0,0.009,0,0,0,0.012,0.033,0,0.285,0.586,0.83,0.431,0.243,0.081,0,0,0,0,0.037,0.018,0.109,0,0.179,0.473,0.86,0.689,0.396,0.059,0,0.057,0,0,0,0,0.04,0.031,0,0.385,0.33,0.339,0.048,0.252,0.296,0.026,0.159,0.234,0.112,0.041,0.224,0.287,0.133,0.258,0.341,0.392,0.167,0,0,0,0.099,0,0,0.036,0.002,0,0.014,0,0,0,0.401,0.7,0.623,0.39,0.532,0.611,0.603,0.292,0.572,0.611,0.448,0.138,0.05,0,0,0,0.062,0,0.019,0.026,0.012,0.04,0.024,0.005,0,0.074,0.067,0.039,0.426,0.814,0.792,0.483,0.645,0.977,0.587,0.304,0.75,0.808,0.516,0.195,0.076,0.006,0,0,0.058,0,0,0.03,0,0.029,0,0.014,0.025,0.051,0,0,0.345,0.598,0.635,0.352,0.459,0.628,0.399,0.257,0.513,0.628,0.399,0,0,0,0,0,0,0,0.059,0,0,0.043,0.019,0.019,0.016,0,0.055,0,0.095,0.257,0.215,0.088,0.207,0.252,0.181,0.025,0.226,0.23,0.11,0,0,0,0.051,0,0,0,0.005,0.031,0.044,0.019,0,0,0.076,0,0,0,0.008,0,0.025,0.058,0.037,0,0,0.006,0.008,0.047,0,0.002,0.057,0.037,0,0.109,0.042,0,0.043,0.002,0.05,0.015,0,0,0.037,0.042,0.053,0.003,0,0.013,0,0.033,0.066,0,0.034,0,0.018,0,0,0.05,0,0,0,0.031,0.075,0,0,0.062,0,0.017,0.018,0.056,0,0,0.016,0.003,0,0,0,0.01,0.1,0,0.025,0.046,0.076,0.085,0,0.022,0,0.002,0,0.019,0,0.043,0.088,0,0
7,0,0.06,0.273,0.5,0.259,0.087,0.334,0.335,0.211,0.162,0.414,0.374,0.078,0.281,0.369,0.211,0.146,0.4,0.456,0.202,0.028,0,0.026,0,0.056,0.051,0,0,0,0.202,0.51,0.756,0.658,0.341,0.689,0.641,0.487,0.469,0.696,0.618,0.309,0.55,0.754,0.5,0.329,0.763,0.732,0.432,0.05,0.069,0,0,0,0.069,0,0.015,0.026,0.217,0.592,0.903,0.718,0.315,0.626,0.937,0.591,0.459,0.831,0.687,0.298,0.642,0.868,0.602,0.42,0.692,0.84,0.451,0.102,0.082,0.053,0,0,0.022,0.077,0,0.011,0.01,0.362,0.477,0.497,0.236,0.418,0.524,0.362,0.32,0.548,0.431,0.194,0.399,0.514,0.423,0.227,0.437,0.542,0.27,0.018,0,0,0,0,0.055,0,0,0,0,0.03,0.167,0.112,0.005,0.137,0.159,0.03,0,0.146,0.135,0,0.104,0.297,0.137,0.186,0.503,0.504,0.295,0.087,0.06,0.039,0.079,0,0.05,0,0.012,0,0.069,0.007,0.103,0.046,0,0,0.067,0,0.036,0.053,0.057,0.017,0.056,0,0,0.395,0.706,0.821,0.398,0.06,0,0,0,0.056,0.001,0,0.009,0.002,0.007,0,0.013,0.02,0.062,0.114,0,0.029,0.086,0.007,0,0,0,0.031,0.009,0.325,0.682,0.692,0.479,0,0,0.023,0.112,0,0,0.067,0.021,0.022,0.021,0,0.017,0.042,0.028,0,0,0.007,0.017,0.044,0,0,0.051,0.29,0.2,0.072,0.357,0.374,0.261,0,0.035,0.089,0.034,0.035,0.065,0,0.058,0.047,0,0.047,0,0,0.002,0,0,0,0,0,0,0.15,0.415,0.622,0.555,0.166,0.002,0,0.026,0.005,0.118,0.026,0,0.024,0,0.06,0,0,0.049,0,0,0.018,0,0,0,0.056,0,0,0,0.222,0.632,0.945,0.631,0.274,0,0,0,0,0,0,0.014,0.01,0.041,0,0,0.094,0.016,0.026,0.042,0,0,0,0,0,0,0.09,0.019,0.159,0.413,0.64,0.434,0.159,0.059,0,0,0,0.051,0.004,0.048,0.063,0.003,0.071,0,0,0,0.058,0,0.012,0.014,0,0.025,0,0.223,0.401,0.356,0.265,0.183,0.201,0.199,0,0.029,0,0.016,0,0.045,0,0.104,0,0,0.058,0,0.049,0,0,0.035,0,0,0,0,0.15,0.483,0.762,0.715,0.381,0.006,0,0.116,0.01,0,0.125,0.036,0,0.01,0.009,0,0.041,0.029,0,0.047,0,0,0.015,0.059,0.111,0.015,0,0,0.106,0.386,0.781,0.684,0.43,0.098,0.06,0.025,0,0,0,0,0,0,0,0,0,0,0,0.029,0.001,0.013,0.029,0,0,0,0.184,0.183,0.116,0.188,0.358,0.299,0.136,0.046,0,0.058,0,0,0,0.13,0,0.038,0,0.023,0,0,0.023,0,0,0.031,0.009,0,0.063,0.144,0.405,0.582,0.334,0.076,0.047,0.019,0,0.054,0.07,0.081,0.076,0,0,0.002,0.033,0.005,0.045,0.078,0.073,0,0,0,0,0,0.02,0,0.033,0.398,0.732,1,0.558,0.215,0.015,0.048,0.027,0,0.077,0.011,0.021,0,0.033,0.008,0,0,0.059,0,0,0.087,0,0,0.029,0,0.053,0,0,0.266,0.483,0.627,0.52,0.153,0.033,0,0.09,0.031,0,0,0,0.025,0,0,0.001,0.013,0.039,0.001,0.039,0,0,0.095,0,0,0,0.018,0.071,0.023,0.253,0.338,0.12,0,0.044,0,0,0,0.019,0,0,0,0.008,0,0.052,0.031,0.115,0,0,0.069,0.004,0,0.102,0,0,0.008,0,0.348,0.578,0.623,0.52,0.13,0.086,0,0.039,0.006,0.052,0.084,0.012,0.014,0.031,0,0,0.05,0.071,0,0.085,0,0,0.051,0.013,0,0.011,0.037,0.002,0.39,0.72,0.876,0.52,0.127,0,0,0,0,0.033,0.031,0.022,0,0,0.075,0.089,0.03,0.027,0,0.013,0.055,0.023,0,0,0,0.01,0,0.061,0.232,0.461,0.577,0.369,0.067,0.015,0.083,0.094,0.024,0,0.02,0,0.004,0.074,0.023,0.048,0,0.016,0,0,0.011,0.007,0.082,0.021,0.098,0.002,0.002,0.058,0.194,0.377,0.424,0.214,0.005,0,0.042,0.03,0.024,0,0.037,0.004,0,0,0.047,0,0,0.007,0.005,0.047,0.026,0,0,0,0.039,0.036,0,0.088,0.37,0.637,0.74,0.519,0.213,0.04,0.012,0,0,0.018,0.033,0,0.085,0.027,0,0,0.005,0,0.016,0.051,0.08,0.039,0.042,0,0,0.022,0.091,0.002,0.352,0.603,0.758,0.529,0.112,0,0,0,0,0.033,0.045,0,0.036,0.015,0,0,0.016,0.06,0.091,0,0,0,0,0,0.088,0,0.065,0.005,0.077,0.34,0.45,0.192,0,0.066,0.022,0,0,0.118,0,0,0.01,0.008,0.019,0.016,0.058,0,0.045,0.023,0.051,0.047,0.086,0,0,0.046,0,0,0.005,0,0,0,0.016,0.009,0.051,0,0.048,0,0,0.008,0,0,0,0,0.059,0.008,0.015,0.087,0,0.006,0.012,0,0,0.079,0.013,0.055,0.077,0.028,0,0.043,0,0,0,0,0,0.087,0,0,0,0,0.021,0,0.077,0.082,0,0.035,0.051,0,0
8,0,0.042,0,0,0,0,0.291,0.362,0.378,0.061,0.352,0.358,0.256,0.232,0.373,0.371,0.128,0.034,0,0.051,0,0,0,0.059,0,0.027,0,0.044,0,0.064,0.008,0,0.031,0.13,0.441,0.753,0.637,0.32,0.604,0.809,0.428,0.411,0.762,0.66,0.301,0,0,0,0,0,0,0.033,0,0,0.079,0,0,0.027,0,0,0,0.23,0.56,0.911,0.673,0.289,0.655,0.872,0.579,0.478,0.826,0.792,0.35,0,0,0,0,0.091,0,0.005,0.06,0.023,0.101,0.015,0.021,0,0,0.107,0.137,0.106,0.49,0.471,0.466,0.15,0.385,0.485,0.401,0.306,0.497,0.39,0.283,0.118,0.125,0.055,0.063,0.041,0,0.063,0,0.075,0,0,0.103,0.058,0.208,0.477,0.52,0.382,0.089,0.082,0.075,0.042,0.04,0.251,0,0.051,0.157,0.172,0.119,0.418,0.538,0.367,0.135,0,0.019,0.06,0,0,0,0,0.065,0.078,0.376,0.668,0.887,0.497,0.129,0,0.036,0,0,0,0.054,0,0.007,0.032,0.275,0.667,0.877,0.526,0.274,0.017,0.035,0,0.085,0,0.071,0,0.016,0,0.287,0.569,0.645,0.414,0.067,0,0.023,0,0.056,0,0,0.039,0,0,0.264,0.518,0.787,0.554,0.19,0.004,0,0,0,0.001,0,0,0.08,0,0.021,0.321,0.373,0.127,0.001,0,0,0.008,0.013,0,0,0,0,0.013,0.08,0.274,0.387,0.308,0,0,0.055,0,0,0,0.035,0,0,0,0.342,0.548,0.698,0.451,0.006,0,0.052,0.003,0,0,0.051,0,0.021,0,0.205,0.502,0.673,0.457,0.163,0.033,0.019,0,0,0.043,0.034,0,0,0.059,0.3,0.7,0.905,0.471,0.155,0,0,0.021,0,0,0,0,0.035,0,0.349,0.583,0.92,0.61,0.252,0.039,0.034,0,0.078,0,0.066,0.004,0.088,0.052,0.247,0.544,0.421,0.384,0.041,0.104,0.044,0.106,0,0.05,0.027,0.059,0.018,0.126,0.165,0.518,0.573,0.374,0.192,0,0.018,0.048,0,0,0.045,0,0,0,0.056,0.137,0.137,0,0.408,0.389,0.439,0.233,0.484,0.473,0.305,0.339,0.427,0.498,0.145,0.194,0.156,0.157,0,0,0,0,0,0,0,0,0,0,0,0,0,0.182,0.513,0.832,0.652,0.239,0.735,0.878,0.452,0.48,0.806,0.755,0.33,0,0.082,0.054,0,0,0,0,0.017,0.048,0.039,0.03,0,0.081,0,0,0,0.154,0.541,0.788,0.696,0.296,0.646,0.708,0.463,0.433,0.706,0.679,0.363,0,0.013,0.005,0,0,0.07,0,0.042,0,0,0.03,0,0.016,0.02,0.267,0.191,0.156,0.291,0.372,0.36,0.186,0.283,0.418,0.241,0.283,0.3,0.459,0.168,0.203,0.368,0.169,0,0.004,0.066,0.06,0,0.042,0,0.041,0,0.042,0.196,0.649,0.652,0.368,0.077,0.032,0.005,0,0.061,0,0,0.051,0,0.057,0.286,0.555,0.599,0.512,0.096,0.114,0,0,0,0,0.036,0.033,0,0.004,0.36,0.787,0.832,0.515,0.088,0,0,0.012,0.111,0,0.07,0.001,0,0.069,0.282,0.673,0.978,0.573,0.16,0.031,0.014,0,0,0.023,0,0.075,0.023,0.026,0.298,0.62,0.696,0.366,0.138,0.052,0.052,0.018,0,0.04,0,0,0,0,0.188,0.462,0.722,0.32,0.169,0.015,0,0,0,0.025,0,0.004,0,0.05,0.187,0.427,0.346,0.331,0.067,0.03,0,0,0,0.009,0,0,0,0,0.053,0.282,0.385,0.305,0.107,0,0,0.031,0.014,0.038,0.012,0,0,0.057,0.329,0.765,0.77,0.573,0.139,0.039,0.039,0,0,0.026,0.049,0,0,0.041,0.211,0.587,0.828,0.547,0.313,0.029,0,0,0.011,0,0.085,0,0,0,0.374,0.716,0.706,0.529,0.114,0,0,0.037,0,0.074,0.015,0.061,0.004,0.008,0.24,0.668,0.767,0.594,0.197,0.047,0,0.045,0.053,0.067,0.126,0.023,0.058,0.066,0.189,0.346,0.425,0.276,0.174,0.225,0.22,0.009,0.101,0.159,0.124,0.106,0.234,0.16,0.049,0.333,0.455,0.262,0.109,0,0,0,0,0.018,0,0.075,0,0,0,0.053,0.2,0.09,0.464,0.629,0.509,0.217,0.441,0.528,0.41,0.272,0.535,0.551,0.28,0,0.02,0.042,0,0.024,0,0.012,0,0.003,0.053,0.092,0,0,0.012,0.034,0.008,0.162,0.538,0.922,0.75,0.46,0.706,0.922,0.563,0.547,0.772,0.815,0.377,0.06,0.02,0,0.094,0,0,0,0,0.004,0,0,0.064,0.085,0,0.045,0.008,0.047,0.363,0.58,0.471,0.272,0.571,0.695,0.368,0.415,0.605,0.618,0.37,0.043,0.057,0.02,0,0,0.01,0.008,0,0.031,0.03,0.051,0,0,0,0,0.025,0.036,0.149,0.335,0.242,0.008,0.211,0.357,0.13,0.2,0.378,0.212,0.098,0,0,0,0,0,0.018,0,0,0.025,0,0.032,0.073,0.039,0.075,0,0.05,0.044,0,0,0,0.032,0,0,0.057,0.063,0,0.03,0,0,0,0,0,0,0,0,0,0.029,0,0,0.102,0.051,0,0.032,0,0,0,0,0.114,0.002,0,0,0,0,0.041,0.001,0,0.009,0.081,0,0.02,0.03,0.103,0.008,0.051,0,0,0
9,0.001,0,0.032,0,0,0.08,0.218,0.365,0.412,0.292,0.232,0.458,0.317,0.118,0.302,0.358,0.27,0,0.021,0,0.008,0.045,0.034,0,0,0,0.016,0,0,0.089,0,0,0.062,0.047,0.346,0.673,0.783,0.395,0.495,0.694,0.57,0.286,0.616,0.766,0.587,0.305,0.009,0,0.007,0,0,0,0.026,0.023,0.035,0,0,0.039,0,0.041,0.107,0.121,0.391,0.722,0.834,0.517,0.472,0.863,0.709,0.406,0.639,0.915,0.563,0.283,0.043,0.041,0,0.02,0.001,0.042,0,0,0.035,0,0.025,0.02,0.076,0.133,0.163,0.132,0.186,0.428,0.433,0.34,0.284,0.438,0.368,0.324,0.292,0.508,0.399,0.029,0.096,0.116,0.042,0,0.038,0.054,0.059,0,0.132,0.084,0.021,0,0.194,0.308,0.551,0.47,0.107,0.058,0.083,0,0,0.141,0.101,0,0.052,0.105,0.025,0.153,0.401,0.471,0.324,0.005,0,0.038,0.007,0,0.103,0.001,0.026,0,0.209,0.566,0.939,0.633,0.235,0.041,0.007,0,0,0.075,0,0.071,0.073,0.114,0.126,0.508,0.751,0.843,0.481,0.001,0,0,0.017,0,0,0.004,0.032,0,0.287,0.524,0.789,0.465,0.16,0,0.001,0.013,0,0,0.021,0.107,0,0.018,0.021,0.322,0.704,0.728,0.422,0,0,0.002,0.061,0.05,0,0,0,0,0.043,0.343,0.317,0.184,0.043,0,0,0,0,0,0,0,0,0,0,0.117,0.305,0.286,0.114,0.044,0.155,0.087,0.049,0,0.038,0.008,0.055,0,0.22,0.552,0.65,0.458,0.101,0.041,0,0.049,0,0.06,0,0,0,0,0.046,0.414,0.654,0.631,0.347,0.05,0,0.044,0.006,0.019,0.071,0,0.023,0.013,0.246,0.586,0.934,0.688,0.34,0.159,0.012,0.003,0.035,0,0.018,0.029,0.023,0.022,0.043,0.399,0.813,0.842,0.466,0.127,0.038,0,0,0,0.032,0.018,0.075,0.031,0.19,0.371,0.537,0.603,0.088,0.037,0.079,0,0,0.15,0.037,0.016,0,0.03,0.059,0.212,0.614,0.482,0.282,0.039,0.005,0.049,0.098,0,0.018,0,0,0,0,0.163,0.232,0.134,0.123,0.425,0.45,0.257,0.296,0.499,0.416,0.137,0.378,0.426,0.331,0.237,0.455,0.474,0.28,0,0.085,0,0.034,0,0,0.026,0,0.001,0.013,0,0,0,0.375,0.737,0.837,0.448,0.521,0.816,0.714,0.283,0.633,0.724,0.547,0.35,0.756,0.765,0.375,0.086,0,0.014,0.07,0.021,0,0.122,0.024,0.009,0.085,0.079,0,0.085,0.408,0.707,0.696,0.419,0.509,0.791,0.611,0.294,0.695,0.826,0.53,0.418,0.631,0.742,0.413,0.067,0.053,0,0,0.054,0,0,0,0.021,0,0,0.066,0,0.129,0.407,0.454,0.304,0.306,0.46,0.364,0.094,0.386,0.472,0.302,0.326,0.479,0.478,0.281,0,0,0.001,0.013,0.048,0.038,0.004,0.024,0.027,0.096,0.01,0.009,0.081,0.023,0.028,0.125,0.008,0,0.018,0.084,0,0.093,0.068,0,0.309,0.521,0.522,0.239,0,0,0.081,0,0.006,0,0,0,0,0,0.084,0.099,0.047,0,0,0,0.062,0.051,0.051,0,0,0.062,0,0.089,0.465,0.884,0.776,0.421,0.101,0.045,0.047,0.017,0.016,0,0,0,0.01,0,0,0.002,0.047,0.024,0,0,0.024,0.044,0.033,0.009,0.04,0.033,0.001,0.027,0.326,0.652,0.561,0.385,0.001,0.066,0.067,0.043,0,0.088,0,0,0.016,0,0,0,0.004,0.068,0.067,0,0,0.05,0,0,0.056,0.288,0.476,0.309,0.183,0.322,0.258,0.161,0,0.012,0.011,0,0.027,0,0,0.031,0.101,0,0.01,0,0.027,0.032,0,0,0,0.059,0.125,0.121,0.184,0.642,0.646,0.465,0.13,0.005,0,0.043,0.018,0,0.04,0,0,0,0,0.007,0.036,0,0.007,0,0.025,0.006,0,0,0.025,0.01,0,0.039,0.327,0.646,0.879,0.609,0.175,0.029,0,0,0.014,0.02,0,0,0.069,0.04,0.043,0,0,0,0.019,0.07,0,0,0.102,0.08,0.018,0,0.131,0.01,0.199,0.43,0.49,0.391,0.138,0,0.049,0,0.099,0,0.08,0,0,0.026,0,0,0.041,0.042,0,0.033,0.062,0.108,0.447,0.48,0.256,0.225,0.512,0.436,0.13,0.129,0.112,0.038,0.03,0,0.097,0.127,0,0,0,0.067,0.025,0.027,0,0,0,0.044,0,0.024,0,0.485,0.761,0.786,0.557,0.521,0.777,0.705,0.375,0,0,0.053,0.008,0.019,0.029,0.025,0.033,0,0,0.055,0.039,0,0,0,0.018,0.012,0,0.07,0,0.436,0.575,0.666,0.518,0.546,0.742,0.666,0.354,0,0,0.014,0,0.032,0.024,0,0.042,0,0.051,0,0,0.031,0,0,0.066,0.02,0,0,0,0.137,0.323,0.366,0.122,0.245,0.392,0.323,0.125,0.102,0.066,0,0.158,0.007,0,0.085,0.025,0.031,0.05,0,0.001,0,0,0.005,0,0,0,0,0.054,0.076,0,0,0.026,0.038,0.122,0.002,0,0,0.09,0,0,0.087,0,0,0,0,0,0,0.002,0,0,0,0.066,0,0.056,0.015,0.011,0,0.052,0,0.092,0.017,0,0.067,0.058,0.148,0.034,0.059,0,0,0,0.009,0,0,0,0.003,0,0.018,0.072
0,0.055,0,0,0.032,0,0.277,0.537,0.714,0.565,0.328,0.582,0.723,0.449,0.337,0.527,0.678,0.417,0.154,0.087,0,0.008,0,0.014,0.033,0,0.06,0,0.039,0.033,0.001,0.055,0.115,0.07,0.081,0.395,0.354,0.229,0.085,0.319,0.337,0.213,0.069,0.314,0.335,0.23,0.027,0.153,0.203,0.011,0,0.109,0.039,0.009,0.15,0.012,0.034,0,0.113,0.471,0.63,0.399,0.042,0,0.065,0,0,0.037,0.007,0.041,0.03,0.009,0.092,0,0.095,0.453,0.5,0.348,0.165,0.016,0,0.068,0,0.058,0.099,0,0.29,0.714,0.842,0.537,0.165,0,0,0,0,0.047,0,0,0.053,0.059,0,0.017,0.257,0.734,0.911,0.581,0.227,0.037,0,0,0.051,0.086,0.006,0.073,0.253,0.521,0.697,0.41,0.135,0,0.063,0.008,0.012,0.07,0.065,0.018,0,0,0.08,0,0.258,0.585,0.783,0.445,0.13,0.036,0,0.03,0,0.057,0,0.06,0.068,0.227,0.269,0.308,0,0,0,0.029,0,0,0,0,0,0.172,0.132,0.037,0.092,0.277,0.358,0.252,0.006,0.016,0.003,0,0,0,0,0.026,0.266,0.334,0.52,0.449,0.126,0,0,0.051,0,0,0.049,0.02,0.239,0.389,0.528,0.326,0.111,0.478,0.623,0.314,0.131,0,0.05,0.026,0.072,0,0.078,0,0.273,0.588,0.948,0.558,0.285,0,0,0.064,0,0,0,0.087,0.302,0.735,0.885,0.478,0.389,0.73,0.943,0.627,0.282,0.011,0.025,0.042,0.041,0,0.038,0,0.251,0.62,0.687,0.399,0.164,0,0.05,0,0,0.062,0.043,0,0.25,0.498,0.65,0.493,0.125,0.613,0.715,0.563,0.193,0.046,0,0,0.094,0.007,0.072,0.015,0,0.223,0.29,0.201,0,0.035,0.018,0.073,0,0.115,0.12,0.116,0,0.361,0.303,0.222,0.031,0.257,0.286,0.235,0,0,0,0.087,0,0.06,0.032,0,0.169,0.397,0.571,0.455,0.059,0.009,0.002,0,0.182,0.417,0.567,0.374,0.101,0,0.001,0,0.154,0.531,0.494,0.501,0.043,0.045,0,0.037,0.079,0.034,0.028,0,0.204,0.73,0.958,0.594,0.282,0,0,0,0.429,0.713,0.884,0.642,0.183,0,0,0,0.364,0.645,0.948,0.563,0.194,0,0,0,0.031,0,0.081,0.087,0.347,0.548,0.611,0.494,0.159,0.04,0,0.04,0.281,0.622,0.8,0.487,0.186,0,0,0.081,0.302,0.598,0.665,0.491,0.094,0.068,0.007,0.046,0.056,0.064,0.056,0,0.109,0.252,0.337,0.091,0.075,0.184,0.197,0.156,0.067,0.225,0.338,0.283,0,0.038,0.041,0.012,0.027,0.241,0.248,0.203,0.022,0.076,0.045,0,0,0.027,0,0.038,0.204,0.488,0.485,0.405,0.269,0.503,0.627,0.387,0.076,0,0.038,0,0.078,0,0,0.085,0.166,0.35,0.483,0.407,0.167,0.019,0,0,0,0,0,0.025,0.356,0.678,0.899,0.452,0.31,0.694,0.832,0.587,0.15,0,0.024,0.024,0,0.064,0,0.041,0.272,0.796,0.918,0.562,0.132,0,0.011,0.02,0,0,0.046,0.044,0.259,0.558,0.635,0.445,0.215,0.593,0.696,0.428,0.107,0,0,0.01,0,0,0,0.052,0.293,0.573,0.589,0.509,0.083,0.038,0,0.032,0.041,0.093,0.026,0,0.08,0.261,0.286,0.172,0.102,0.171,0.309,0.239,0,0,0,0.008,0.055,0,0.025,0.03,0,0.255,0.35,0.227,0,0,0,0.04,0.064,0.017,0,0,0.085,0.542,0.623,0.383,0.069,0,0,0.036,0.026,0.107,0,0.036,0,0,0.007,0,0.199,0.445,0.6,0.463,0.059,0,0,0.004,0.007,0,0.037,0.069,0.344,0.664,0.923,0.562,0.283,0.037,0,0.028,0,0,0,0,0.043,0.081,0,0.011,0.326,0.678,0.941,0.628,0.129,0,0,0,0,0.021,0.054,0.035,0.211,0.474,0.803,0.489,0.145,0.032,0,0.02,0,0.02,0,0.008,0,0,0.011,0,0.31,0.559,0.649,0.474,0.112,0.011,0.02,0.049,0.032,0.087,0,0,0,0.254,0.294,0.265,0.098,0.251,0.221,0.123,0.038,0.254,0.272,0.122,0,0.201,0.22,0.045,0.076,0.279,0.364,0.241,0.075,0,0,0.093,0.01,0.027,0,0.041,0.021,0,0.033,0.059,0.167,0.415,0.556,0.424,0.257,0.532,0.552,0.401,0.177,0.482,0.526,0.436,0.104,0,0,0.009,0.032,0.099,0.052,0,0.048,0,0,0.003,0,0.009,0.014,0.028,0.225,0.656,0.942,0.548,0.338,0.67,0.926,0.535,0.289,0.681,0.837,0.581,0.177,0,0,0.067,0.033,0,0,0,0.017,0,0,0.043,0,0,0.033,0,0.269,0.436,0.653,0.476,0.256,0.528,0.647,0.454,0.245,0.494,0.697,0.462,0.078,0,0.048,0.127,0,0.008,0,0,0.036,0,0,0.034,0.006,0.171,0.069,0,0,0.237,0.324,0.155,0.018,0.178,0.264,0.171,0.028,0.256,0.297,0.224,0.024,0.056,0,0,0.116,0,0,0.113,0,0,0.087,0.097,0.071,0.06,0,0,0.034,0,0.008,0.027,0.038,0,0.03,0,0,0.025,0.084,0.019,0.019,0,0,0,0.051,0,0.114,0,0,0,0,0,0,0.009,0.054,0,0,0.004,0,0,0,0,0.032,0.039,0.007,0,0,0,0,0,0,0.081,0,0,0.025,0,0,0,0.015
1,0,0,0,0,0,0,0.035,0,0,0,0.002,0.058,0.232,0.278,0.185,0.038,0,0,0,0,0.05,0.026,0,0.106,0,0.025,0.004,0,0,0,0.006,0.078,0.05,0.02,0,0,0,0,0.008,0.167,0.543,0.634,0.572,0.266,0.019,0,0.049,0.017,0.033,0.044,0.012,0,0.003,0,0,0,0,0.021,0,0,0,0,0,0,0,0,0,0.22,0.685,0.934,0.578,0.223,0,0,0.015,0,0.02,0.033,0,0.028,0.04,0.024,0,0.026,0.001,0.091,0,0.034,0.068,0,0.102,0.002,0.04,0.126,0.127,0.134,0.419,0.494,0.364,0.178,0,0,0,0,0.019,0,0.098,0.104,0.032,0,0,0,0.083,0,0,0,0,0.052,0,0.026,0.18,0.453,0.483,0.399,0.249,0.427,0.378,0.051,0,0.038,0,0.019,0.005,0,0.047,0,0,0,0.04,0,0,0.021,0.028,0,0,0.012,0,0,0.324,0.751,0.761,0.58,0.578,0.927,0.648,0.335,0,0,0,0.086,0,0.128,0,0.091,0,0.059,0,0.004,0,0.035,0.003,0.04,0.103,0,0,0.008,0.29,0.558,0.752,0.445,0.533,0.752,0.676,0.261,0,0.111,0,0.032,0,0,0.001,0,0.019,0.041,0,0.009,0.021,0,0,0.133,0.04,0.005,0,0,0.132,0.328,0.375,0.222,0.214,0.366,0.243,0.061,0,0.057,0.022,0,0,0.012,0,0,0.068,0.011,0.071,0.032,0,0.032,0.062,0.017,0,0.049,0.02,0,0,0.011,0.055,0.266,0.553,0.757,0.589,0.25,0,0,0.076,0,0.023,0.039,0,0.02,0.003,0,0,0,0.085,0,0,0,0.013,0.056,0.046,0,0,0,0.037,0.161,0.605,0.908,0.792,0.375,0.019,0.004,0,0.068,0,0.072,0.019,0,0.042,0,0.004,0,0.012,0.03,0.005,0,0,0,0,0,0,0.003,0.024,0.117,0.376,0.553,0.442,0.153,0,0.073,0,0,0,0,0.046,0,0,0.03,0.01,0,0.021,0,0,0,0,0,0.02,0,0.032,0.056,0,0.024,0.487,0.544,0.398,0.144,0,0,0,0.021,0,0,0.017,0,0,0.017,0,0,0,0.069,0.043,0.037,0.004,0.038,0.004,0,0.085,0.009,0,0.289,0.556,0.953,0.763,0.315,0.064,0.042,0,0,0,0,0.071,0.028,0,0,0,0,0,0,0.007,0.025,0.03,0.061,0,0,0,0,0.029,0.21,0.512,0.784,0.506,0.258,0.029,0,0,0.027,0.021,0,0.079,0.153,0.009,0,0.029,0.068,0,0.022,0,0.082,0,0,0,0.009,0.062,0,0.034,0,0.271,0.459,0.271,0.031,0,0.065,0.006,0,0.114,0,0.01,0,0.059,0.041,0.025,0.022,0,0,0,0.003,0.073,0.003,0,0,0,0.039,0.053,0.27,0.497,0.706,0.627,0.205,0.009,0,0.028,0,0,0,0.164,0,0.091,0.087,0.002,0,0.009,0.006,0.023,0,0,0.062,0.02,0,0,0,0,0.277,0.555,0.919,0.624,0.219,0.021,0.039,0,0.052,0.041,0,0.026,0,0,0.052,0.03,0.002,0.004,0.006,0,0,0.065,0,0.048,0.002,0.019,0,0.024,0.048,0.393,0.51,0.443,0.27,0.019,0,0,0,0,0,0.016,0.061,0,0,0,0.009,0,0.071,0.126,0.061,0.059,0,0,0,0.029,0,0.104,0.108,0.395,0.646,0.488,0.217,0,0.01,0,0.065,0.032,0,0.013,0,0,0.041,0.02,0.042,0.06,0.018,0.07,0,0,0,0.069,0,0,0.035,0.091,0.212,0.571,0.905,0.683,0.354,0,0.002,0.094,0.007,0,0,0,0,0,0.029,0.007,0.032,0,0,0,0.027,0.04,0.06,0,0,0.044,0.075,0.091,0.183,0.492,0.687,0.527,0.198,0.04,0.051,0,0.035,0,0.006,0,0.1,0,0.027,0.039,0,0,0.078,0.101,0.009,0,0,0,0.102,0.157,0.357,0.404,0.244,0.175,0.501,0.309,0.187,0.323,0.327,0.211,0.033,0,0.014,0,0,0,0.112,0,0,0.026,0.089,0.07,0,0,0.014,0.026,0,0.253,0.703,0.774,0.39,0.511,0.789,0.69,0.364,0.727,0.748,0.435,0.131,0,0,0.049,0.011,0.05,0,0.069,0.095,0,0.062,0,0.019,0,0,0,0,0.461,0.686,0.829,0.404,0.547,0.83,0.669,0.295,0.819,0.762,0.437,0.027,0,0,0.019,0.006,0.053,0,0,0,0.089,0,0.063,0.03,0.002,0,0,0,0.182,0.444,0.477,0.205,0.277,0.534,0.359,0.164,0.399,0.469,0.349,0,0.014,0.002,0,0.06,0,0.028,0,0.066,0.017,0.005,0.038,0,0.015,0,0,0,0.007,0.098,0.164,0.132,0,0.08,0.014,0,0.05,0.1,0.049,0.054,0.032,0.071,0.067,0,0,0,0.05,0.002,0.079,0,0,0,0,0,0.018,0.022,0,0,0,0,0,0,0.032,0,0,0,0,0,0.001,0.103,0,0,0,0,0,0.038,0.061,0,0.109,0.05,0.062,0.055,0.017,0,0.063,0,0,0,0,0,0.041,0.045,0.01,0.032,0.04,0,0.068,0,0.015,0.018,0.005,0,0,0.057
2,0.026,0.002,0,0,0.076,0.017,0.294,0.756,0.839,0.555,0.332,0.778,0.895,0.485,0.338,0.765,0.901,0.525,0.171,0,0,0.004,0,0,0.069,0.031,0,0,0,0.03,0.005,0.004,0.037,0,0.226,0.475,0.48,0.334,0.219,0.507,0.499,0.358,0.255,0.535,0.542,0.445,0,0,0,0,0,0,0,0,0.026,0.007,0,0,0.157,0.323,0.357,0.181,0.092,0.211,0.141,0.08,0,0.159,0.164,0,0.067,0.081,0.084,0,0.078,0.334,0.429,0.215,0,0.044,0,0.038,0,0.01,0,0,0.329,0.666,0.69,0.445,0.041,0,0,0,0,0.019,0,0,0,0.025,0,0,0.349,0.633,0.688,0.455,0.131,0.05,0,0,0.05,0.008,0,0,0.329,0.681,0.819,0.526,0.212,0,0.056,0.059,0,0,0.025,0,0.02,0,0,0,0.391,0.677,0.845,0.449,0.234,0,0.095,0,0.02,0,0.05,0.1,0.223,0.449,0.56,0.289,0.016,0,0,0,0.034,0.086,0,0,0,0.029,0.037,0.034,0.2,0.542,0.364,0.364,0.068,0,0,0,0.031,0,0.017,0,0,0.13,0.1,0.066,0,0,0,0.037,0,0,0.019,0,0.028,0.059,0,0,0.084,0.393,0.385,0.183,0.034,0,0,0,0.008,0,0,0,0,0.007,0,0,0,0,0,0.042,0.127,0.038,0.031,0.019,0,0.019,0.013,0,0.281,0.61,0.707,0.44,0.093,0.042,0.103,0.025,0,0.054,0.027,0,0,0,0.033,0.055,0,0,0.052,0.015,0.065,0,0.044,0,0.059,0.042,0,0,0.287,0.695,0.962,0.478,0.163,0,0,0,0,0.014,0.04,0,0.116,0.081,0.004,0.042,0,0.049,0.097,0,0,0,0,0.02,0.058,0,0.085,0,0.243,0.406,0.535,0.257,0,0.016,0,0,0,0.079,0.042,0,0,0,0.128,0,0.07,0.036,0.047,0.041,0.098,0,0,0.082,0.175,0.373,0.359,0.131,0.035,0.081,0.156,0.073,0.103,0.035,0.013,0,0.022,0,0.101,0.019,0,0.013,0,0,0,0.105,0.035,0,0,0.044,0.111,0.011,0.215,0.59,0.733,0.48,0.066,0.086,0,0.036,0.023,0.019,0.039,0,0,0.068,0,0.003,0.091,0,0.034,0.03,0,0,0,0,0,0.012,0,0.047,0.341,0.651,0.75,0.494,0.136,0.06,0.03,0.051,0,0.025,0,0.073,0,0,0,0.013,0.047,0.028,0.085,0,0,0,0.02,0.11,0,0.081,0,0,0.232,0.469,0.531,0.266,0,0.088,0,0,0,0.027,0,0,0,0,0.009,0,0.054,0.04,0.031,0,0,0.042,0,0.092,0.079,0.397,0.345,0.175,0.053,0.168,0.154,0.082,0.034,0.033,0,0,0.029,0.075,0.024,0.029,0,0.03,0,0.009,0.012,0,0.089,0,0.005,0,0,0,0.313,0.62,0.755,0.474,0.047,0.009,0,0,0.032,0,0,0.007,0.058,0,0,0.059,0.017,0,0.05,0.049,0,0.01,0.016,0,0,0.025,0.016,0,0.325,0.742,0.8,0.601,0.181,0.015,0,0.026,0.012,0.01,0.01,0.033,0,0,0,0.041,0,0,0.016,0.007,0.081,0.012,0.066,0,0.017,0,0.044,0,0.235,0.521,0.508,0.311,0,0,0,0.025,0,0.023,0.03,0.057,0.003,0.019,0,0,0,0.009,0,0,0.057,0.005,0.014,0,0.093,0.275,0.36,0.262,0.048,0.17,0.038,0.006,0,0.027,0,0.058,0.03,0,0,0.035,0.094,0,0.028,0.029,0,0.01,0,0,0,0.019,0,0.019,0.252,0.637,0.64,0.484,0.066,0,0,0,0,0,0.024,0,0,0.081,0.051,0,0,0.002,0.014,0.105,0.058,0.016,0.053,0.068,0.036,0.012,0,0.044,0.37,0.688,0.896,0.464,0.198,0.028,0.067,0.139,0.016,0,0.017,0.006,0,0,0.009,0.037,0.003,0,0.122,0,0.014,0.03,0.027,0,0.031,0.054,0,0,0.197,0.465,0.606,0.406,0.097,0.033,0,0,0,0.021,0,0.081,0,0.023,0,0,0.029,0.05,0.086,0,0,0.007,0.06,0.048,0.135,0.394,0.409,0.24,0.061,0.339,0.31,0.242,0.06,0.347,0.367,0.162,0.049,0.308,0.417,0.182,0.061,0.422,0.217,0.249,0.047,0,0.085,0,0.075,0,0,0.079,0.366,0.641,0.712,0.56,0.366,0.658,0.789,0.451,0.241,0.643,0.739,0.461,0.356,0.612,0.703,0.472,0.266,0.638,0.735,0.474,0.216,0,0,0.018,0.002,0.02,0.006,0.029,0.339,0.749,0.842,0.508,0.417,0.653,0.812,0.539,0.388,0.698,0.834,0.491,0.386,0.746,0.823,0.468,0.342,0.671,0.873,0.499,0.064,0,0,0,0.036,0.043,0,0,0.202,0.461,0.539,0.305,0.409,0.435,0.525,0.387,0.29,0.442,0.505,0.277,0.169,0.482,0.501,0.28,0.237,0.528,0.549,0.283,0,0.005,0.032,0.014,0,0.022,0.092,0.049,0.053,0.09,0.152,0.015,0,0.157,0.103,0,0.058,0.103,0.19,0,0.049,0.088,0.108,0.029,0,0.053,0.106,0,0,0.033,0,0,0,0.032,0.099,0.029,0,0.008,0.023,0.001,0.003,0.026,0,0,0,0.016,0,0,0,0.047,0,0,0.015,0.006,0,0.026,0,0,0,0,0.103,0.029
3,0,0.015,0,0.07,0.477,0.842,0.695,0.222,0.526,0.846,0.5,0.325,0.549,0.721,0.577,0.299,0.683,0.875,0.542,0.408,0.663,0.766,0.465,0.158,0.029,0.031,0,0,0.034,0,0.024,0.178,0.492,0.781,0.661,0.358,0.545,0.812,0.537,0.33,0.598,0.784,0.523,0.245,0.558,0.912,0.592,0.427,0.633,0.847,0.401,0.045,0.037,0.018,0.024,0.039,0,0,0.006,0,0.187,0.445,0.386,0.139,0.354,0.485,0.345,0.111,0.406,0.453,0.372,0.056,0.391,0.391,0.28,0.181,0.412,0.429,0.213,0,0.108,0,0.042,0,0,0.004,0,0.131,0,0.076,0,0.035,0.048,0.075,0.019,0.021,0,0.066,0,0.164,0.516,0.501,0.189,0.106,0,0.034,0,0,0.002,0.003,0.041,0,0.057,0,0.032,0,0.029,0,0,0,0.034,0,0,0,0,0,0.03,0.319,0.688,0.891,0.566,0.186,0.064,0.022,0.019,0,0,0,0,0.015,0,0,0.074,0,0.04,0.028,0,0,0,0,0.02,0.032,0.024,0,0,0.284,0.702,0.849,0.622,0.12,0,0.01,0.035,0,0.002,0.01,0,0.018,0.039,0.042,0,0.038,0.015,0,0.034,0,0.004,0,0.015,0.007,0.177,0.193,0.143,0.051,0.394,0.437,0.296,0.063,0.038,0,0,0.014,0.001,0,0,0.013,0.077,0.018,0,0.03,0.034,0.031,0,0,0,0,0,0.139,0.437,0.477,0.438,0.182,0,0.038,0,0,0.016,0,0.111,0.02,0,0.037,0.043,0.013,0,0,0,0.006,0,0.088,0.058,0.071,0,0.014,0,0.241,0.668,1,0.674,0.231,0,0.02,0,0.03,0,0,0,0,0,0.012,0.054,0,0.027,0,0.087,0,0.027,0.029,0,0.038,0,0.011,0,0.18,0.553,0.666,0.581,0.18,0.041,0,0.018,0,0,0,0,0.032,0,0.008,0,0,0.051,0,0,0.021,0.065,0,0.027,0,0,0.011,0.001,0.047,0.236,0.3,0.224,0,0.086,0.228,0.175,0,0.01,0,0.028,0,0,0.022,0,0,0.044,0,0.029,0.03,0.043,0.019,0,0,0.01,0,0,0,0,0.037,0.067,0.306,0.462,0.569,0.48,0.151,0.01,0,0,0,0.123,0.046,0.026,0.073,0.041,0,0,0,0.002,0,0.01,0,0,0.002,0,0,0,0,0.014,0.375,0.878,1,0.55,0.271,0.11,0.05,0,0.033,0,0.042,0,0,0.013,0.092,0.012,0.028,0.049,0.006,0,0.042,0,0,0,0,0,0.047,0.03,0.271,0.548,0.704,0.34,0.166,0.039,0,0.031,0.066,0.022,0.035,0.029,0.068,0,0,0.017,0.009,0,0,0.044,0,0,0.045,0.048,0.025,0.093,0,0.043,0.087,0.198,0.302,0.153,0.026,0.235,0.285,0.199,0.062,0,0.054,0,0.03,0,0.021,0,0,0.027,0,0.002,0,0,0,0,0,0.19,0,0,0,0.025,0,0.018,0.261,0.645,0.599,0.456,0,0.094,0.001,0,0.063,0.009,0.105,0,0.056,0,0.011,0,0.021,0.068,0,0,0.022,0,0.05,0.002,0.053,0,0,0.054,0.309,0.723,0.868,0.503,0.125,0.032,0,0,0,0,0,0.054,0,0.078,0.022,0,0.122,0,0,0.07,0.023,0.013,0,0,0,0.054,0.001,0.05,0.279,0.442,0.51,0.41,0.021,0.027,0,0.01,0.009,0.009,0.034,0.076,0.055,0.191,0.296,0.258,0.101,0.07,0,0,0.076,0.008,0.063,0,0.059,0.04,0,0,0.072,0.273,0.333,0.163,0.099,0,0,0.011,0.046,0,0.084,0,0.121,0.472,0.67,0.636,0.28,0.032,0,0.018,0,0,0,0,0.029,0,0,0.016,0.381,0.697,0.76,0.536,0.111,0,0.095,0.045,0,0,0,0.085,0.194,0.465,0.83,0.625,0.379,0,0.093,0,0,0,0,0.029,0,0.006,0.006,0,0.413,0.713,0.88,0.59,0.126,0,0,0,0.06,0.007,0.019,0,0.067,0.297,0.518,0.45,0.158,0,0,0.026,0,0,0,0,0.036,0,0,0,0.251,0.418,0.533,0.372,0.106,0.051,0,0.002,0.073,0,0,0,0,0.102,0.064,0.181,0,0.308,0.333,0.349,0.132,0.339,0.514,0.284,0.132,0.207,0.379,0.292,0,0.141,0.222,0,0,0,0,0.015,0,0.118,0.027,0,0,0,0,0.041,0.197,0.482,0.849,0.607,0.275,0.528,0.77,0.545,0.249,0.585,0.749,0.498,0.116,0,0,0.091,0.025,0.046,0,0,0.025,0.062,0.017,0,0.133,0,0,0.026,0.237,0.563,0.89,0.67,0.388,0.688,0.798,0.606,0.29,0.641,0.871,0.59,0.216,0,0,0,0.031,0,0.028,0,0.038,0.031,0,0,0,0,0.003,0.001,0.06,0.402,0.52,0.521,0.121,0.427,0.457,0.303,0.132,0.396,0.502,0.409,0.052,0,0,0,0.02,0.015,0.031,0,0.013,0,0.011,0.035,0,0,0,0.123,0.001,0,0.138,0.16,0,0.036,0.212,0.106,0.08,0.122,0.134,0.013,0.013,0,0,0.034,0,0.028,0.02,0,0,0.023,0.034,0.084,0.039,0,0,0.112,0.041,0.071,0,0,0.03,0.003,0,0,0,0.043,0,0.041,0.007,0.024,0.045,0,0.059,0,0.028,0.051,0
4,0,0.006,0.048,0.002,0,0.015,0,0.069,0.002,0.001,0.045,0.027,0,0.013,0.444,0.81,0.835,0.528,0.213,0,0,0.062,0,0.093,0.046,0.063,0.083,0.064,0,0.065,0,0.031,0.002,0,0.059,0,0.013,0.005,0.046,0.024,0.011,0,0.249,0.584,0.65,0.396,0.042,0.111,0.079,0,0,0,0,0,0.055,0.04,0,0.064,0,0,0.051,0,0.039,0.067,0.022,0.071,0,0.268,0.281,0.208,0.076,0.279,0.285,0.115,0.04,0.008,0.044,0.101,0.026,0.023,0.101,0.015,0,0.006,0,0,0.041,0.035,0,0.024,0.014,0,0.051,0.019,0.202,0.48,0.703,0.555,0.401,0.557,0.679,0.48,0.047,0.049,0.131,0.085,0,0,0.011,0,0.008,0,0,0,0,0.009,0,0,0.064,0.063,0.04,0,0.321,0.688,0.919,0.536,0.374,0.759,0.784,0.503,0.116,0.041,0.041,0.022,0,0.04,0.006,0.04,0,0.078,0,0,0,0,0.077,0,0.116,0,0.035,0.003,0.213,0.475,0.59,0.398,0.268,0.493,0.534,0.367,0.068,0,0.039,0,0,0,0,0,0.079,0.089,0.019,0,0.077,0,0,0.102,0,0.165,0.433,0.274,0.033,0.143,0.21,0.148,0.228,0.391,0.37,0.31,0.036,0.032,0,0.077,0,0,0.048,0.05,0.034,0,0,0.007,0.013,0.057,0.034,0.077,0.159,0.422,0.786,0.663,0.29,0.026,0,0,0.378,0.746,0.752,0.453,0.084,0,0,0,0.014,0,0.002,0.021,0.059,0.035,0.075,0.003,0.055,0.027,0.028,0,0.12,0.512,0.778,0.709,0.387,0.009,0,0,0.374,0.699,0.768,0.38,0.067,0,0,0.026,0.006,0,0.05,0,0,0,0,0.017,0.023,0.01,0.175,0.119,0.082,0.257,0.467,0.431,0.109,0,0,0,0.242,0.449,0.507,0.247,0.066,0,0.069,0.026,0,0.04,0,0.065,0.044,0,0,0.091,0.005,0.26,0.572,0.526,0.254,0.021,0,0.122,0,0.01,0,0.052,0.299,0.536,0.411,0.324,0.077,0.067,0,0,0.018,0.019,0,0,0,0,0.011,0.02,0.111,0.458,0.882,0.738,0.439,0.025,0.034,0.049,0.035,0,0,0,0.375,0.7,0.83,0.522,0.038,0.005,0,0.048,0.006,0,0,0.08,0,0.001,0,0,0.074,0.35,0.712,0.721,0.421,0,0.068,0,0.056,0,0.042,0.018,0.284,0.605,0.785,0.444,0.056,0,0.081,0,0.012,0.043,0.094,0.043,0,0,0.043,0.1,0,0.173,0.35,0.374,0.238,0.135,0.174,0.205,0.029,0.253,0.276,0.135,0.12,0.259,0.358,0.069,0.036,0.25,0.175,0.024,0.049,0.004,0.093,0,0,0,0,0,0,0.381,0.565,0.528,0.342,0.453,0.627,0.564,0.229,0.571,0.633,0.41,0.319,0.644,0.492,0.377,0.42,0.65,0.558,0.252,0.02,0.016,0.042,0,0,0,0,0.013,0.158,0.48,0.882,0.766,0.33,0.607,0.868,0.669,0.314,0.595,0.896,0.638,0.403,0.869,0.851,0.505,0.507,0.879,0.74,0.434,0.072,0.117,0.077,0,0,0.073,0,0.028,0.001,0.322,0.531,0.612,0.405,0.44,0.57,0.621,0.311,0.648,0.615,0.488,0.269,0.464,0.573,0.389,0.399,0.582,0.492,0.287,0.012,0.01,0.003,0,0.069,0.053,0,0,0,0.036,0.222,0.309,0.038,0.119,0.2,0.084,0.032,0.165,0.149,0.183,0.136,0.421,0.284,0.17,0.163,0.287,0.189,0,0.017,0,0,0.015,0,0,0,0.031,0,0.092,0.047,0,0.109,0.041,0,0,0,0.022,0.049,0.003,0.35,0.588,0.735,0.396,0.117,0,0.076,0,0,0,0,0.04,0,0.018,0.083,0.045,0,0,0,0.016,0,0.082,0.019,0.023,0.05,0.025,0.076,0,0.379,0.81,0.882,0.41,0.033,0,0,0,0.014,0,0.004,0.034,0,0,0.01,0.024,0.026,0,0.01,0,0,0.063,0,0.006,0,0,0.055,0.048,0.275,0.399,0.46,0.233,0.032,0,0,0,0.005,0,0.041,0.014,0,0,0,0,0,0.021,0.017,0,0,0,0.033,0,0.056,0.014,0.034,0,0.209,0.335,0.467,0.324,0,0.028,0.036,0,0,0.039,0.04,0.047,0.05,0,0,0.034,0,0.03,0.022,0,0.003,0,0.063,0,0.008,0,0,0,0.345,0.799,0.839,0.392,0.054,0,0,0,0.094,0,0,0,0,0.05,0,0,0,0.001,0.019,0.004,0,0.045,0,0,0.04,0.069,0,0,0.402,0.694,0.775,0.421,0.043,0,0.004,0.033,0.045,0.032,0,0.009,0,0.004,0.001,0,0,0.028,0.118,0.003,0,0,0.013,0,0.089,0.005,0,0,0.141,0.411,0.449,0.236,0.11,0.012,0.02,0,0,0,0.02,0.068,0.013,0,0,0,0,0,0.018,0.066,0,0.025,0,0,0.004,0.054,0.027,0,0,0.02,0.049,0,0.059,0.034,0,0.058,0,0.058,0,0.044,0,0.06,0,0,0.044,0.086,0,0,0.071,0.009,0,0.012,0,0.018,0.062,0.018,0.062,0.022,0,0.091,0,0.067,0,0,0.036,0,0.074,0,0.04,0,0.088,0.077,0.079,0,0,0,0.021,0,0.01,0,0.034,0,0.005,0,0.102,0,0,0,0,0.068,0,0.037,0.02,0.026,0.096,0,0.023,0
5,0,0,0.091,0.003,0.291,0.601,0.8,0.474,0.513,0.801,0.614,0.363,0.623,0.789,0.531,0.457,0.681,0.745,0.486,0.541,0.772,0.539,0.204,0,0.032,0.111,0.011,0.038,0,0,0,0,0.403,0.712,0.845,0.546,0.476,0.789,0.737,0.345,0.593,0.791,0.511,0.411,0.723,0.79,0.366,0.553,0.839,0.61,0.24,0.016,0.059,0.038,0,0.083,0.104,0,0,0,0.133,0.485,0.509,0.313,0.365,0.451,0.377,0.105,0.395,0.49,0.422,0.294,0.493,0.391,0.29,0.519,0.448,0.367,0.113,0,0.05,0,0,0.002,0.017,0,0,0.041,0.206,0.48,0.493,0.442,0,0.155,0.15,0.006,0.145,0.263,0.13,0,0.035,0.165,0.037,0.026,0.108,0.057,0.005,0,0.007,0,0.019,0,0.058,0.001,0,0.038,0.45,0.676,0.874,0.471,0.184,0.003,0,0,0,0.035,0,0,0.04,0,0.008,0.008,0,0,0.001,0,0.027,0.008,0,0,0,0.005,0.02,0,0.325,0.657,0.725,0.385,0.071,0.009,0,0.089,0,0,0.019,0,0.16,0,0,0.017,0.006,0.043,0.034,0.002,0.074,0,0.05,0.007,0,0.029,0.004,0.088,0.117,0.351,0.27,0.163,0.195,0.311,0.198,0.068,0.181,0.208,0.161,0.151,0.263,0.244,0.123,0,0.055,0,0,0,0,0,0,0,0.063,0.024,0,0,0.281,0.659,0.678,0.478,0.462,0.715,0.631,0.303,0.594,0.725,0.392,0.386,0.63,0.684,0.335,0.045,0.028,0,0,0.149,0.014,0,0.079,0.041,0,0.014,0.006,0.03,0.391,0.715,0.807,0.528,0.562,0.842,0.786,0.357,0.674,1,0.592,0.498,0.779,0.798,0.505,0.091,0,0.063,0.067,0.015,0.06,0,0.07,0.107,0.021,0.047,0.037,0,0.22,0.45,0.569,0.363,0.402,0.593,0.425,0.348,0.428,0.57,0.377,0.277,0.51,0.559,0.299,0.053,0.105,0,0,0,0,0,0,0.012,0,0.107,0,0.126,0.052,0.236,0.107,0.093,0.029,0.337,0.168,0.044,0.192,0.204,0.128,0.036,0.177,0.217,0,0.446,0.468,0.375,0.013,0.016,0.016,0,0.104,0,0,0.013,0,0.058,0,0.062,0.059,0.05,0.062,0,0,0.004,0,0,0.043,0.042,0,0,0.21,0.641,0.832,0.558,0.341,0,0,0.075,0,0,0.083,0.048,0,0.038,0,0,0,0,0,0,0,0,0.011,0,0,0,0,0,0.269,0.476,0.815,0.589,0.229,0,0,0,0.026,0.055,0.049,0.086,0.016,0,0,0.021,0,0.014,0.043,0,0.026,0.041,0.111,0,0,0,0.052,0.005,0.079,0.269,0.431,0.34,0.113,0.016,0.073,0.099,0,0,0.072,0,0.055,0,0,0.014,0,0.038,0.097,0,0,0.081,0.044,0,0.035,0,0.05,0.011,0.163,0.383,0.603,0.588,0.138,0,0.016,0.003,0.037,0,0.009,0.029,0,0,0,0.043,0,0.012,0,0,0,0,0.046,0,0,0,0.003,0,0.124,0.516,0.902,0.693,0.389,0,0,0.057,0,0.036,0,0.021,0,0.003,0.047,0,0.018,0.003,0,0,0,0,0.1,0,0.077,0.031,0,0.041,0.137,0.442,0.631,0.466,0.268,0.105,0,0,0,0,0,0.043,0.062,0,0.107,0.335,0.411,0.222,0.089,0,0.036,0,0.011,0.006,0,0,0,0.08,0.023,0.255,0.366,0.331,0.071,0,0,0,0,0,0.041,0,0,0,0.267,0.667,0.761,0.444,0.152,0.07,0.076,0.04,0.024,0.02,0,0.035,0.103,0.01,0.185,0.476,0.806,0.685,0.269,0,0.044,0,0.014,0.012,0.127,0.041,0,0,0.387,0.66,0.791,0.485,0.178,0.034,0.068,0.002,0,0.04,0.05,0,0.032,0.013,0.23,0.521,0.892,0.698,0.326,0,0,0,0,0,0.058,0,0,0,0.19,0.481,0.514,0.277,0,0.159,0.077,0.031,0.108,0.134,0.08,0,0.151,0.138,0.048,0.353,0.448,0.406,0.073,0.008,0.01,0,0,0.037,0,0.036,0,0.039,0,0.12,0.051,0,0.316,0.521,0.476,0.177,0.389,0.51,0.36,0.234,0.473,0.435,0.272,0.064,0.132,0.09,0.023,0,0.018,0.015,0,0.027,0,0,0,0,0,0,0,0.161,0.511,0.851,0.676,0.311,0.749,0.867,0.575,0.354,0.811,0.866,0.456,0.093,0,0.095,0,0.082,0,0.015,0,0,0.009,0.02,0,0,0,0,0.041,0.188,0.449,0.694,0.64,0.312,0.541,0.672,0.514,0.403,0.772,0.588,0.487,0.036,0,0,0.029,0.009,0,0.019,0,0.099,0,0,0,0,0.059,0.069,0.008,0,0.233,0.389,0.359,0.129,0.329,0.338,0.342,0.233,0.298,0.393,0.147,0,0.033,0,0.02,0.073,0.04,0,0,0.033,0,0.003,0.033,0.053,0.04,0.074,0,0.168,0.026,0,0,0,0.046,0,0,0,0,0,0.033,0,0.019,0,0,0.037,0,0.019,0.05,0.06,0,0.034,0.015,0,0,0,0,0,0,0,0,0,0.01,0.041,0,0.02,0,0.002,0,0,0.016,0.01,0,0,0,0,0.092,0,0,0.038,0.09,0.078,0,0,0.099,0.024,0.014,0.031,0.079,0.05,0,0,0,0,0.05,0,0.053,0.011,0,0.028,0,0,0,0,0,0.056
6,0,0.001,0,0.006,0,0.019,0,0,0.017,0,0.064,0.286,0.611,0.637,0.514,0.327,0.686,0.745,0.486,0.129,0.078,0,0,0.035,0.014,0,0,0,0.008,0,0,0,0.017,0,0,0.065,0.051,0.217,0.166,0.072,0.3,0.348,0.231,0.104,0.378,0.427,0.227,0.048,0.017,0,0,0.009,0.018,0.056,0,0,0,0.029,0,0,0.037,0.064,0,0.116,0.458,0.607,0.483,0.26,0.014,0.046,0.001,0.026,0.038,0,0,0,0,0.042,0.053,0,0,0.005,0.069,0,0.004,0.05,0.059,0,0,0,0.005,0.209,0.59,0.981,0.687,0.292,0.015,0.009,0.036,0,0,0,0.113,0.022,0,0,0,0,0.085,0,0,0.048,0,0.027,0,0.035,0.03,0,0.023,0.103,0.409,0.696,0.512,0.189,0,0,0.028,0,0.029,0,0,0.007,0,0,0,0.003,0,0.095,0,0,0.015,0.005,0.047,0,0.258,0.322,0.286,0.071,0.211,0.209,0.221,0,0.003,0,0.026,0.016,0,0,0,0.022,0.056,0,0.038,0.014,0,0.024,0,0,0.02,0.004,0,0.114,0.465,0.664,0.631,0.367,0,0,0,0,0,0,0,0.017,0.074,0.01,0.025,0,0.002,0,0,0.017,0.081,0,0.009,0,0,0.005,0,0.084,0.57,0.914,0.743,0.365,0.085,0,0,0,0.023,0.003,0,0,0,0,0.105,0,0.011,0,0.044,0,0,0,0.05,0,0.078,0,0.089,0.022,0.36,0.544,0.478,0.24,0.017,0.014,0,0.05,0,0.119,0.008,0.011,0.011,0,0.05,0,0,0.043,0,0,0.054,0.007,0.029,0,0,0.079,0,0,0.186,0.333,0.399,0.167,0.27,0.37,0.328,0.13,0.247,0.415,0.259,0.163,0.319,0.421,0.264,0,0.062,0.021,0.041,0,0.023,0,0.01,0,0.032,0,0.044,0.087,0.437,0.69,0.636,0.373,0.514,0.673,0.601,0.303,0.661,0.632,0.515,0.355,0.604,0.669,0.493,0.205,0.084,0,0.027,0.033,0,0,0.053,0,0.099,0.031,0.037,0.041,0.416,0.943,0.709,0.318,0.559,0.812,0.662,0.294,0.618,0.858,0.601,0.364,0.663,0.766,0.422,0.028,0,0.014,0.07,0.111,0,0.062,0,0.112,0.048,0.06,0.001,0.016,0.271,0.489,0.474,0.18,0.339,0.558,0.344,0.12,0.363,0.506,0.346,0.171,0.427,0.459,0.32,0,0.101,0.031,0.067,0.002,0.006,0,0,0,0,0.014,0,0.034,0.38,0.39,0.42,0.191,0.056,0.187,0.049,0.008,0.062,0.031,0.061,0.034,0.103,0.195,0,0.232,0.489,0.43,0.221,0.012,0,0.04,0,0.017,0,0.01,0.009,0.189,0.577,0.707,0.699,0.437,0,0.034,0,0.054,0.076,0,0.082,0.044,0.004,0,0.018,0.444,0.733,0.82,0.407,0,0,0.034,0,0,0,0,0,0.192,0.534,0.797,0.616,0.308,0,0,0,0.016,0,0,0,0.007,0,0.044,0.08,0.479,0.775,0.713,0.352,0.017,0.007,0.102,0,0,0.024,0.002,0.114,0,0.3,0.358,0.378,0.141,0.072,0,0.067,0.069,0,0,0,0,0,0,0,0.227,0.512,0.388,0.192,0,0,0.034,0,0.039,0,0.025,0,0.033,0.336,0.54,0.536,0.246,0.085,0.033,0,0,0.042,0.016,0,0,0,0.045,0.079,0.261,0.522,0.522,0.204,0,0,0,0,0.015,0.048,0.054,0.005,0.108,0.512,0.893,0.746,0.413,0,0.031,0,0,0,0,0,0,0,0,0.074,0.516,0.777,0.717,0.419,0.076,0,0.09,0,0,0,0.078,0.067,0.037,0.383,0.594,0.589,0.306,0.025,0,0,0,0.012,0.044,0,0.045,0.016,0,0.015,0.368,0.585,0.573,0.378,0.035,0,0.009,0.016,0,0.058,0,0.108,0.025,0.203,0.335,0.223,0.183,0.16,0.238,0.204,0,0.243,0.33,0.133,0.074,0.211,0.173,0.177,0.153,0.366,0.334,0.082,0,0,0.003,0.001,0.008,0,0,0,0,0,0,0,0.216,0.447,0.645,0.346,0.391,0.464,0.598,0.468,0.355,0.568,0.623,0.328,0.008,0.032,0,0.088,0,0,0,0,0.053,0,0,0,0,0.08,0.034,0.111,0.254,0.508,0.928,0.719,0.354,0.646,1,0.699,0.293,0.799,0.89,0.441,0.104,0,0.08,0,0.01,0,0,0,0.014,0,0.029,0.116,0.031,0,0,0,0.168,0.413,0.623,0.409,0.237,0.435,0.646,0.507,0.262,0.531,0.526,0.413,0.015,0.051,0.02,0.042,0.026,0.02,0,0.02,0,0,0.008,0.005,0.029,0,0,0.004,0.103,0.114,0.223,0.238,0.017,0.181,0.178,0.101,0.022,0.182,0.315,0.173,0,0.034,0.01,0.048,0.008,0.023,0,0.054,0.099,0.134,0,0.023,0.025,0,0.042,0.108,0,0.071,0.007,0,0.066,0,0.045,0,0,0.113,0,0,0,0,0,0,0.042,0,0.044,0.072,0.056,0.025,0,0.06,0,0,0.05,0.002,0,0,0,0,0,0,0.016,0.015,0,0,0.026,0,0,0,0,0.009,0,0.081,0.005,0,0.068,0,0,0,0.102,0,0,0,0.024,0,0,0,0.07,0.047,0.092,0,0,0.033,0,0,0,0,0.033,0,0,0.063,0.031,0.058,0
7,0,0.389,0.745,0.919,0.475,0.329,0.787,0.853,0.455,0.414,0.793,0.935,0.452,0.409,0.822,0.87,0.406,0.395,0.847,0.817,0.442,0.117,0,0,0.041,0.047,0,0,0,0.35,0.563,0.647,0.325,0.417,0.549,0.717,0.419,0.327,0.607,0.577,0.318,0.307,0.569,0.607,0.32,0.389,0.698,0.526,0.374,0.056,0.038,0,0,0,0.076,0.081,0,0.119,0.279,0.255,0.169,0,0.348,0.246,0.102,0.071,0.277,0.343,0.075,0,0.128,0.165,0.09,0.073,0.283,0.186,0.06,0,0,0.04,0,0,0,0.032,0,0.001,0.039,0.034,0.021,0,0,0.029,0,0,0,0.033,0.046,0.011,0,0,0.034,0.331,0.523,0.566,0.283,0.038,0.103,0.046,0.071,0,0,0.004,0,0.005,0.011,0,0.076,0.09,0.018,0.051,0.015,0.038,0,0.006,0,0,0,0,0.065,0.498,0.716,0.795,0.406,0.11,0,0,0,0.019,0.056,0.064,0,0.008,0.093,0,0.079,0.002,0.01,0.02,0,0.073,0,0.036,0.005,0,0,0,0,0.333,0.52,0.596,0.325,0.067,0.004,0,0,0,0,0,0,0,0,0,0,0,0,0.019,0.019,0.015,0,0.042,0.038,0.069,0.213,0.246,0.052,0.05,0.281,0.21,0.111,0,0.105,0.044,0.05,0.013,0.078,0.021,0,0,0.056,0,0,0.045,0.047,0,0.011,0,0.006,0.046,0,0.301,0.576,0.669,0.372,0.065,0.088,0.034,0.071,0.013,0,0.063,0,0,0,0,0,0.004,0,0.011,0,0.062,0.066,0,0,0,0.09,0,0.142,0.401,0.823,0.781,0.353,0.168,0.034,0.051,0.052,0,0,0.029,0,0,0,0,0.1,0,0,0,0.013,0.014,0.064,0,0.074,0,0,0,0.069,0.29,0.727,0.571,0.35,0.002,0.025,0,0,0,0,0.061,0,0.01,0,0.065,0,0,0.022,0,0.058,0.11,0,0,0.055,0.078,0.222,0.179,0.095,0.052,0.196,0.33,0,0,0,0.069,0.008,0,0,0.056,0,0.029,0,0.006,0.075,0.029,0,0,0.013,0.061,0.006,0.005,0.078,0.277,0.533,0.606,0.387,0.056,0.004,0.073,0.033,0.025,0.019,0.05,0.072,0,0.011,0,0,0.125,0,0.044,0.056,0.055,0,0.052,0.028,0,0,0,0.098,0.392,0.716,0.844,0.502,0.105,0,0,0.119,0.036,0,0.059,0.078,0,0.032,0.049,0,0.008,0.049,0.047,0,0,0.016,0,0,0.028,0.069,0,0.094,0.236,0.639,0.528,0.305,0.014,0.116,0,0,0.007,0,0,0.014,0,0,0,0.025,0,0.132,0,0,0,0,0,0,0.025,0.176,0.355,0.148,0.049,0.156,0.246,0,0.029,0,0,0,0.063,0,0,0.008,0.045,0.006,0,0.022,0,0,0.025,0.099,0.03,0.078,0,0,0.316,0.505,0.616,0.36,0.066,0,0,0,0.016,0,0.042,0.004,0.053,0,0,0.09,0,0.042,0.06,0.033,0.039,0,0.063,0,0,0,0,0,0.369,0.732,0.897,0.457,0.125,0,0,0.039,0.076,0,0,0,0,0.034,0.046,0.087,0,0.009,0,0.107,0,0,0.07,0,0,0.006,0,0.001,0.302,0.491,0.516,0.331,0.032,0.002,0.085,0.011,0,0.05,0.059,0,0.035,0.033,0.087,0.016,0.014,0,0,0.06,0.065,0,0,0.044,0.05,0.085,0,0,0.097,0.176,0.352,0.049,0.064,0,0,0,0,0,0,0,0,0,0.015,0,0.061,0,0,0.057,0,0,0.032,0.025,0,0.036,0.013,0,0.27,0.619,0.625,0.306,0,0.012,0.043,0,0.021,0,0,0,0.072,0.111,0,0.01,0,0.025,0.028,0,0.067,0,0.023,0.024,0,0,0.004,0.029,0.453,0.706,0.857,0.474,0.093,0.011,0,0,0,0.087,0,0.023,0,0.041,0.023,0.026,0,0,0.075,0.013,0,0,0.074,0,0.004,0,0,0.004,0.231,0.655,0.603,0.261,0.132,0,0.028,0,0.029,0,0,0.049,0,0.023,0,0,0,0,0.005,0.083,0.042,0,0.073,0,0.043,0.051,0,0,0.048,0.26,0.378,0.17,0,0.027,0.034,0.015,0,0.068,0,0,0.016,0,0,0.12,0,0,0,0,0,0,0.073,0,0,0.061,0,0.053,0.316,0.583,0.643,0.398,0,0.035,0,0,0.103,0.06,0.016,0.032,0,0,0,0.083,0,0.021,0,0,0.011,0,0,0,0.092,0.058,0,0.053,0.392,0.797,0.908,0.413,0.05,0,0.026,0,0,0,0,0.032,0,0.198,0,0.014,0.089,0,0.008,0,0,0.009,0.037,0.026,0,0,0,0.008,0.253,0.521,0.521,0.343,0.024,0.008,0,0.015,0.012,0.019,0.012,0,0.02,0,0,0.07,0.122,0.044,0,0.026,0.066,0.019,0.005,0,0.086,0,0,0,0.02,0.122,0.201,0.028,0.093,0.068,0.001,0.018,0.095,0,0.103,0,0,0,0.006,0.002,0,0,0,0,0,0.017,0,0.034,0,0,0,0,0.036,0,0,0,0.023,0,0.074,0,0,0,0,0.042,0,0,0,0,0.033,0.095,0.081,0.006,0.083,0,0
8,0.085,0.022,0,0,0.011,0,0.08,0.469,0.832,0.687,0.391,0.707,1,0.716,0.448,0.741,0.785,0.455,0.152,0.063,0.039,0.042,0.035,0.056,0.038,0,0,0,0,0.023,0,0,0.056,0.08,0.038,0.45,0.579,0.513,0.216,0.452,0.716,0.415,0.249,0.497,0.555,0.376,0.024,0.155,0.03,0,0.048,0.026,0,0.013,0,0,0.005,0,0.012,0.092,0.293,0.368,0.286,0.097,0.197,0.229,0.014,0.126,0.219,0.133,0.06,0.219,0.222,0.119,0.285,0.462,0.267,0.039,0.099,0.031,0,0.022,0.001,0,0.014,0.014,0.023,0.273,0.668,0.794,0.431,0,0.048,0,0.04,0.036,0.036,0,0.045,0,0.07,0.187,0.572,0.799,0.601,0.236,0,0,0.021,0.044,0,0,0,0,0.025,0.354,0.665,0.815,0.443,0.157,0,0.017,0,0.018,0.092,0.055,0,0,0,0.134,0.497,0.83,0.594,0.28,0.038,0.026,0,0,0.002,0.056,0.075,0,0.057,0.206,0.445,0.449,0.39,0.041,0.017,0,0,0,0.043,0,0,0.051,0,0.007,0.268,0.554,0.46,0.148,0,0,0,0,0.018,0.018,0,0.043,0,0.237,0.551,0.546,0.264,0,0.003,0.03,0.031,0.037,0.009,0,0,0,0.036,0.13,0.386,0.635,0.516,0.179,0,0,0,0,0.012,0.021,0.021,0,0.047,0.434,0.64,0.789,0.557,0.133,0,0,0.007,0.027,0.054,0,0.017,0,0,0.16,0.519,0.868,0.678,0.304,0,0,0.137,0.024,0,0,0.054,0,0.029,0.259,0.614,0.746,0.342,0.12,0,0,0.093,0.058,0,0.079,0,0,0.023,0.196,0.54,0.699,0.561,0.338,0,0.012,0,0,0,0,0,0,0,0.106,0.21,0.296,0.218,0.081,0.33,0.274,0.045,0.279,0.342,0.215,0.1,0.293,0.265,0.142,0.175,0.326,0.197,0.085,0,0,0.027,0,0.131,0.044,0.069,0.072,0.053,0.01,0.015,0,0.076,0.428,0.594,0.555,0.337,0.499,0.754,0.501,0.353,0.637,0.709,0.412,0.097,0.046,0,0,0.009,0,0,0,0,0,0.071,0.083,0,0.034,0,0.046,0.062,0.427,0.952,0.692,0.372,0.755,0.921,0.582,0.413,0.8,0.899,0.486,0.1,0,0,0,0,0.062,0.06,0.051,0.043,0,0,0,0.031,0.029,0.086,0.113,0.031,0.346,0.52,0.453,0.22,0.476,0.573,0.404,0.315,0.481,0.619,0.367,0,0.032,0.042,0.011,0.067,0.027,0,0.006,0.025,0,0,0.038,0.003,0.262,0.4,0.519,0.301,0.019,0.119,0.124,0,0.079,0.185,0.107,0.028,0.176,0.183,0.013,0.231,0.482,0.467,0.154,0,0.014,0.027,0,0.005,0,0,0.009,0,0.413,0.668,0.744,0.48,0.128,0,0,0,0.015,0.062,0,0,0,0.004,0.227,0.563,0.854,0.637,0.28,0.018,0,0.073,0.033,0,0.012,0.018,0,0.063,0.411,0.639,0.887,0.402,0.17,0,0,0.004,0,0.03,0,0.01,0.077,0.035,0.108,0.568,0.852,0.619,0.303,0.006,0.008,0.067,0.017,0.024,0.057,0,0.004,0.049,0.207,0.271,0.334,0.256,0,0,0,0,0,0.058,0,0,0.023,0,0.037,0.104,0.436,0.366,0.141,0,0.028,0.063,0.002,0.067,0,0.085,0.069,0.019,0.202,0.481,0.772,0.331,0.144,0.04,0.048,0,0,0.021,0.065,0.008,0,0.013,0.169,0.351,0.588,0.462,0.202,0.07,0.007,0,0.046,0.005,0.012,0,0,0.035,0.361,0.91,0.839,0.576,0.174,0.031,0.025,0.041,0.003,0,0.035,0,0.008,0.082,0.255,0.564,0.887,0.676,0.32,0,0.011,0.032,0,0.035,0,0.047,0.077,0.047,0.239,0.602,0.63,0.374,0.134,0,0.064,0.159,0,0.007,0.042,0,0.089,0.032,0.058,0.472,0.659,0.519,0.24,0.05,0,0.036,0.074,0,0,0.051,0,0.028,0.015,0.308,0.25,0.077,0.227,0.304,0.426,0.049,0.349,0.422,0.298,0.178,0.27,0.326,0.241,0.133,0.233,0.162,0,0,0.01,0,0,0,0,0,0.044,0,0.084,0,0.04,0.08,0.412,0.75,0.576,0.324,0.557,0.814,0.602,0.368,0.633,0.632,0.5,0,0.084,0.081,0.094,0.036,0,0.03,0.116,0.052,0.136,0,0.081,0,0,0,0,0.139,0.49,0.787,0.678,0.414,0.701,0.879,0.534,0.488,0.62,0.834,0.374,0.103,0,0,0.065,0.07,0,0.04,0.035,0,0.091,0.09,0,0,0,0,0,0,0.25,0.502,0.43,0.117,0.388,0.449,0.378,0.194,0.498,0.483,0.243,0.016,0.029,0,0.057,0,0,0,0,0.025,0.012,0,0,0,0,0.001,0,0,0.095,0.156,0.133,0.034,0.034,0.141,0.091,0,0.155,0.066,0.017,0,0.024,0,0.044,0.027,0.066,0,0,0,0,0.06,0.04,0,0.026,0,0.02,0,0,0.018,0,0,0,0,0.009,0,0.028,0.039,0,0.016,0,0.011,0.024,0.011,0.006,0.016,0.078,0,0,0.093,0,0,0.02,0.013,0,0.07,0,0.032,0,0.037,0.011,0,0.042,0.004,0,0.014,0,0.029,0,0,0,0.046,0,0,0,0.016,0,0.021,0.055,0,0.007,0.086,0,0,0.023,0,0,0.06,0,0.015,0,0.024,0.068,0,0,0,0.003,0.011,0,0.005,0.15,0,0.074,0.043,0.031
9,0.011,0.088,0.048,0,0.062,0.237,0.619,0.992,0.621,0.493,0.695,0.845,0.585,0.434,0.856,0.728,0.369,0.064,0.037,0,0.023,0,0.013,0.035,0,0.019,0.042,0,0.053,0,0,0.015,0.038,0.135,0.371,0.529,0.362,0.236,0.523,0.575,0.424,0.344,0.529,0.461,0.249,0.001,0.055,0,0,0.036,0,0,0.034,0.005,0,0,0,0,0.245,0.42,0.352,0.147,0.176,0.273,0.098,0.073,0.124,0.163,0.05,0,0.197,0.192,0.065,0.28,0.528,0.398,0.129,0,0,0,0,0,0,0,0,0.186,0.536,0.869,0.729,0.323,0,0,0.038,0,0.07,0,0.012,0,0,0,0.142,0.588,0.858,0.682,0.276,0.041,0.129,0,0,0.051,0,0.038,0,0.141,0.426,0.77,0.627,0.359,0.004,0,0,0,0.136,0,0.064,0.035,0.078,0.083,0.248,0.517,0.816,0.617,0.282,0,0.047,0.002,0,0.041,0.087,0,0.025,0,0.236,0.482,0.348,0.136,0,0,0.047,0.053,0,0.023,0.036,0.015,0.012,0.06,0.049,0.327,0.37,0.279,0.153,0.01,0,0,0.004,0.01,0,0.008,0.101,0,0.353,0.555,0.484,0.239,0,0.051,0.002,0.029,0,0,0.043,0,0.024,0.027,0.117,0.418,0.564,0.303,0.095,0.01,0,0.045,0,0,0,0.023,0.04,0.149,0.461,0.881,0.701,0.366,0.044,0.077,0.039,0.019,0.065,0,0,0.001,0.021,0.056,0.164,0.63,0.948,0.649,0.154,0.034,0,0.047,0.031,0.005,0,0.052,0.03,0.091,0.465,0.694,0.605,0.282,0.037,0.003,0.021,0.068,0,0,0.05,0.037,0.044,0,0.199,0.552,0.596,0.56,0.319,0,0,0.03,0.056,0.02,0.016,0.016,0,0,0.168,0.287,0.321,0.072,0.158,0.297,0.23,0.026,0.215,0.355,0.13,0.172,0.264,0.321,0.098,0.216,0.345,0.166,0.044,0,0,0.026,0.108,0,0,0.048,0,0.026,0.034,0.032,0,0.217,0.539,0.744,0.46,0.266,0.586,0.586,0.375,0.404,0.645,0.582,0.238,0.541,0.614,0.563,0.227,0.029,0,0,0,0.013,0.059,0,0.101,0,0.074,0,0.011,0.259,0.677,0.899,0.657,0.458,0.719,0.947,0.541,0.532,0.815,0.81,0.367,0.554,1,0.686,0.288,0.037,0,0,0,0.041,0.022,0,0.056,0.064,0,0.004,0.001,0.188,0.502,0.569,0.427,0.374,0.547,0.581,0.317,0.321,0.574,0.488,0.272,0.422,0.615,0.43,0.212,0.064,0.015,0,0.026,0,0,0,0,0,0.066,0,0,0.04,0.068,0.095,0.163,0.022,0.191,0.242,0.073,0.046,0.228,0.205,0.066,0.319,0.426,0.282,0.098,0,0.009,0.003,0,0.035,0,0.079,0,0,0.015,0,0,0.067,0,0,0,0.051,0.028,0,0,0.061,0.141,0.041,0.18,0.47,0.725,0.502,0.2,0.04,0,0.032,0.004,0,0,0,0.138,0.002,0.033,0,0.038,0,0,0.046,0,0,0.007,0.033,0,0.054,0.025,0,0.144,0.576,0.832,0.597,0.362,0.03,0.046,0.04,0.017,0.025,0.12,0,0,0.057,0,0,0.007,0,0.114,0,0.066,0,0.033,0.053,0,0.034,0.187,0.141,0.063,0.309,0.401,0.395,0.14,0.027,0,0.027,0,0.031,0,0.032,0,0.016,0.034,0.078,0,0.016,0.008,0,0,0.018,0.002,0,0.012,0.329,0.546,0.491,0.226,0,0.193,0.078,0,0,0,0,0,0,0,0,0,0.026,0,0,0.015,0.036,0.015,0,0,0,0,0.006,0.073,0.578,0.856,0.823,0.462,0.056,0,0,0.047,0.012,0.038,0,0.003,0,0.015,0.043,0,0,0,0,0.002,0,0,0.031,0.024,0,0,0.007,0.058,0.395,0.682,0.638,0.286,0,0,0.005,0,0,0.004,0.018,0,0,0.102,0.101,0,0,0.072,0.011,0.059,0.092,0.142,0.269,0.191,0.046,0.245,0.288,0.119,0.202,0.334,0.272,0.134,0,0,0,0.065,0.032,0.006,0.036,0.027,0,0.094,0,0.074,0.1,0.024,0.015,0.035,0.155,0.521,0.601,0.501,0.259,0.541,0.632,0.412,0.098,0.048,0,0,0.022,0,0.043,0,0.042,0,0,0.027,0.014,0,0.013,0,0.076,0.057,0,0.082,0.264,0.633,1,0.557,0.413,0.843,0.989,0.555,0.141,0.08,0,0.026,0,0,0,0,0.02,0,0,0.076,0.075,0.018,0.021,0,0.022,0,0.024,0.081,0.187,0.557,0.553,0.434,0.268,0.519,0.576,0.382,0.079,0.121,0,0.046,0,0,0.065,0.032,0.033,0.035,0,0,0.076,0.056,0.013,0,0.025,0.047,0.018,0,0,0.118,0.335,0.145,0.048,0.269,0.216,0.12,0,0.01,0.028,0.007,0,0.084,0.047,0,0,0,0.054,0.1,0.002,0.043,0.012,0,0.007,0,0.084,0.063,0,0.006,0.004,0,0.027,0,0.009,0.004,0,0.033,0,0.068,0,0.034,0.029,0.006,0,0,0.004,0.102,0.016,0,0.02,0.006,0,0.077,0,0,0.045,0,0,0.069,0,0.046,0.045,0.042,0,0.041,0,0,0.007,0.073,0.11,0.059,0,0,0.031,0.023,0.055,0.119,0,0.046,0,0,0,0,0.031,0,0.059,0,0,0.055,0.01,0,0,0.016,0,0.013,0,0,0.005,0.062,0.034,0.041,0,0.014,0.02,0.035,0
0,0.009,0,0,0.005,0,0.305,0.533,0.81,0.65,0.379,0.595,0.923,0.51,0.282,0.835,0.858,0.435,0.142,0,0,0.022,0.021,0,0.016,0,0,0,0,0,0,0,0,0.086,0.133,0.355,0.54,0.494,0.237,0.473,0.571,0.396,0.376,0.653,0.588,0.314,0.129,0,0.016,0,0.021,0.021,0.094,0,0.006,0.044,0,0.025,0.018,0.134,0.328,0.41,0.151,0.167,0.224,0.2,0.025,0.191,0.187,0.108,0,0.195,0.306,0.103,0.225,0.376,0.334,0.066,0.082,0,0.031,0,0.048,0,0.084,0,0.074,0.402,0.644,0.69,0.334,0.035,0,0.014,0,0.016,0.027,0,0.085,0.034,0,0.061,0.441,0.721,0.647,0.398,0,0,0,0,0.092,0,0.003,0,0.162,0.411,0.808,0.67,0.457,0.083,0.007,0,0.04,0,0.032,0,0,0.021,0.009,0.175,0.553,0.789,0.623,0.309,0.087,0,0.021,0,0.036,0,0.016,0.053,0,0.319,0.443,0.423,0.207,0.009,0,0.051,0.071,0,0,0.063,0.023,0,0.109,0.013,0.276,0.488,0.471,0.291,0,0,0,0.096,0.027,0.011,0,0.019,0,0.194,0.411,0.423,0.255,0,0.018,0.012,0,0.011,0.026,0,0.193,0.42,0.489,0.318,0.23,0.498,0.403,0.219,0.024,0,0.097,0.014,0,0.011,0.006,0,0.11,0.486,0.776,0.79,0.403,0.041,0,0,0.078,0.037,0,0,0.386,0.747,0.775,0.522,0.478,0.716,0.7,0.324,0.018,0,0.032,0.014,0,0,0,0.01,0.027,0.473,0.652,0.656,0.377,0,0.005,0,0,0.095,0.075,0,0.339,0.689,0.766,0.466,0.513,0.784,0.78,0.423,0,0.062,0,0.017,0.052,0.075,0.001,0,0,0.197,0.404,0.301,0.166,0,0.12,0,0,0.139,0.142,0.097,0.099,0.459,0.432,0.27,0.238,0.494,0.398,0.147,0,0,0,0,0,0,0.124,0.022,0,0.349,0.507,0.58,0.353,0.034,0,0,0.17,0.451,0.603,0.469,0.129,0.026,0.022,0.076,0.342,0.515,0.506,0.316,0.019,0.097,0.04,0.018,0.026,0.055,0,0,0.113,0.434,0.802,0.755,0.489,0,0.07,0,0.254,0.659,0.974,0.637,0.208,0,0.018,0.141,0.557,0.847,0.795,0.447,0.075,0,0.002,0,0,0,0,0.046,0,0.348,0.573,0.639,0.431,0,0,0.01,0.161,0.572,0.728,0.547,0.052,0,0,0.074,0.361,0.73,0.613,0.292,0.119,0.01,0.077,0,0,0.045,0,0.068,0.059,0.169,0.197,0.316,0.112,0.101,0.372,0.238,0.098,0.242,0.413,0.241,0.068,0,0,0,0.197,0.267,0.324,0.092,0,0.023,0,0.033,0.047,0.015,0.017,0,0.021,0.335,0.722,0.571,0.388,0.423,0.603,0.557,0.177,0.087,0.067,0,0,0.026,0.04,0.077,0.424,0.648,0.551,0.327,0.019,0,0.066,0,0,0.039,0.029,0,0.083,0.435,0.794,0.929,0.419,0.588,0.801,0.698,0.35,0,0.042,0,0.134,0.162,0.006,0.135,0.497,0.826,0.83,0.395,0,0.013,0,0,0,0,0.009,0.032,0,0.347,0.647,0.582,0.413,0.383,0.567,0.488,0.227,0,0,0,0,0.001,0.058,0,0.277,0.529,0.586,0.268,0,0,0.005,0.022,0,0.047,0.056,0,0.007,0.2,0.356,0.381,0.176,0.162,0.279,0.183,0,0,0.042,0,0,0,0.008,0.065,0.293,0.406,0.447,0.134,0.07,0,0,0,0,0.02,0,0,0.091,0.372,0.757,0.755,0.393,0.078,0,0,0.03,0.033,0.07,0.054,0.012,0,0,0.11,0.377,0.759,0.669,0.41,0,0,0.021,0,0.004,0.021,0,0.014,0,0.528,0.8,0.688,0.379,0.071,0,0,0.054,0.101,0.034,0.052,0,0,0,0.093,0.405,0.846,0.841,0.46,0.053,0.071,0,0,0,0,0,0.043,0,0.301,0.453,0.502,0.303,0.011,0.082,0.083,0,0.068,0.154,0.131,0.004,0.063,0.156,0.062,0.194,0.57,0.502,0.247,0.063,0.002,0,0,0.002,0,0.009,0,0,0,0.072,0.064,0,0.198,0.374,0.43,0.083,0.312,0.519,0.361,0.113,0.449,0.517,0.292,0.098,0.082,0.042,0,0,0.086,0.039,0.023,0,0,0,0,0.041,0.038,0.118,0.011,0.119,0.586,0.81,0.618,0.34,0.675,0.902,0.622,0.436,0.686,0.816,0.485,0.149,0.051,0.002,0,0.008,0,0.002,0.051,0.018,0.037,0.02,0.014,0.014,0,0,0.066,0.16,0.533,0.708,0.628,0.234,0.599,0.769,0.514,0.312,0.633,0.714,0.48,0.105,0,0.1,0,0,0,0,0.04,0.085,0.021,0,0.037,0,0.067,0,0.065,0,0.263,0.461,0.385,0.134,0.288,0.456,0.332,0.165,0.449,0.371,0.189,0.009,0.033,0,0.042,0,0,0,0,0.131,0,0.011,0,0,0.002,0.078,0.037,0,0,0.003,0,0.049,0,0.068,0.073,0,0.068,0.002,0,0.025,0,0.061,0,0,0.008,0.092,0.022,0.016,0,0,0.08,0.044,0,0,0.032,0.018,0,0,0.01,0.024,0,0,0,0,0.055,0,0,0.023,0,0.008,0,0.045,0.076,0,0,0,0,0,0.004,0,0,0.054,0,0,0.023,0,0.04,0.023,0.042,0,0,0,0,0,0.045,0,0.048,0.054,0,0,0.048,0,0,0,0,0
1,0.113,0,0.078,0.063,0.039,0.033,0.067,0.022,0,0.182,0.403,0.845,0.639,0.328,0.066,0.05,0.023,0,0.039,0.044,0.059,0.031,0,0,0,0,0.033,0.046,0.046,0,0.095,0.131,0,0.039,0,0.088,0.096,0.164,0.58,0.82,0.664,0.403,0,0.019,0,0,0,0.095,0.056,0,0,0,0,0,0.051,0,0,0.082,0,0.034,0,0.06,0.009,0.178,0.248,0.114,0.344,0.447,0.392,0.167,0.012,0,0,0.004,0,0.031,0.054,0.002,0.018,0,0.039,0.019,0,0.048,0,0.016,0,0,0.007,0.013,0.256,0.578,0.584,0.25,0.474,0.541,0.477,0.216,0,0.017,0,0,0,0,0,0,0.049,0,0,0.102,0.011,0.066,0.001,0,0,0,0,0,0.378,0.796,0.922,0.549,0.524,0.825,0.701,0.395,0,0,0.021,0,0,0,0,0,0,0,0,0.037,0.054,0.026,0.023,0,0,0,0,0.049,0.327,0.591,0.553,0.424,0.402,0.607,0.497,0.298,0,0,0.037,0,0,0.03,0,0.027,0.011,0.019,0,0,0.026,0,0.016,0,0,0.002,0.065,0.02,0.016,0.26,0.28,0.105,0.239,0.448,0.371,0.091,0.021,0.03,0.06,0,0.014,0.006,0,0,0.015,0.011,0,0.018,0.106,0,0,0,0,0.067,0.028,0.084,0.047,0.097,0,0.169,0.573,0.777,0.6,0.349,0,0.035,0.015,0.04,0.042,0.014,0,0,0.079,0,0.118,0,0.008,0,0.081,0,0,0,0,0,0.122,0.011,0.038,0.214,0.484,0.763,0.665,0.314,0.039,0,0,0.036,0.101,0.025,0,0.023,0.075,0,0.123,0,0.098,0.006,0.095,0.049,0.045,0,0,0,0.028,0,0,0.062,0.26,0.445,0.414,0.215,0.018,0,0,0,0,0,0,0.013,0.032,0.015,0,0,0,0,0,0.058,0,0,0.047,0.047,0.043,0.026,0,0.003,0.403,0.521,0.517,0.183,0,0,0.021,0.013,0,0.01,0,0,0.096,0,0,0.065,0,0,0.005,0,0.051,0,0,0.027,0,0,0,0.211,0.499,0.926,0.742,0.433,0.027,0,0,0.005,0,0.047,0,0.003,0.123,0,0,0.063,0,0,0,0.039,0,0,0.049,0.059,0,0,0.095,0.106,0.467,0.706,0.636,0.296,0.012,0.034,0.023,0,0.026,0.017,0,0,0,0.021,0.002,0.031,0.031,0.119,0,0.032,0.076,0.02,0.013,0,0.003,0,0.021,0.02,0.249,0.445,0.301,0.086,0.065,0,0.016,0.067,0,0,0.054,0,0.059,0.045,0,0,0,0.028,0,0.014,0.071,0.035,0,0.056,0.061,0,0,0.136,0.481,0.713,0.642,0.302,0,0,0,0.023,0.041,0.111,0,0,0,0,0.01,0,0,0,0.06,0,0.05,0,0,0,0,0.013,0.03,0.16,0.524,0.801,0.739,0.383,0,0,0,0,0,0.019,0,0.033,0,0.057,0.023,0,0.02,0.041,0,0.066,0.027,0.016,0,0.028,0.042,0,0,0.034,0.363,0.495,0.504,0.158,0.032,0,0.002,0.037,0.02,0.028,0,0.03,0.102,0.018,0.002,0,0,0.08,0,0,0,0,0,0,0.003,0.037,0.015,0.118,0.356,0.579,0.444,0.283,0,0,0.053,0,0.056,0,0.025,0,0.089,0.029,0.001,0.046,0,0.016,0.016,0.046,0.111,0,0,0,0,0,0,0.145,0.583,0.894,0.706,0.387,0,0,0,0.02,0,0.105,0.023,0.047,0,0.001,0.007,0,0,0,0,0.083,0.034,0,0,0,0,0.018,0.058,0.124,0.406,0.637,0.52,0.247,0.022,0,0,0.005,0,0,0,0,0.039,0.021,0.063,0,0.067,0,0,0.016,0,0,0,0.014,0.15,0.336,0.356,0.196,0.375,0.393,0.308,0.183,0.33,0.409,0.239,0.109,0,0.023,0.002,0,0.021,0,0,0,0,0,0,0,0.042,0,0.022,0.01,0.299,0.682,0.709,0.464,0.429,0.814,0.653,0.359,0.636,0.699,0.533,0.133,0,0,0.015,0.009,0,0,0,0,0.12,0,0,0.051,0.009,0.008,0.079,0,0.336,0.605,0.785,0.52,0.539,0.848,0.654,0.353,0.679,0.802,0.514,0.108,0.015,0,0,0,0.02,0,0.028,0.028,0,0,0,0,0.035,0,0,0.044,0.163,0.258,0.464,0.365,0.226,0.384,0.365,0.117,0.386,0.498,0.329,0.022,0,0,0.018,0.025,0,0,0.003,0.009,0,0,0,0,0,0.055,0.03,0.003,0.02,0.061,0.115,0.106,0.052,0.095,0.114,0.064,0.165,0.207,0,0,0.061,0.037,0.076,0,0,0,0.066,0.086,0.101,0,0.025,0.029,0.029,0,0.001,0,0.002,0.06,0.026,0,0,0,0.002,0,0,0.005,0,0,0.049,0.005,0,0.022,0,0,0,0,0,0,0.002,0,0,0.045,0,0,0,0,0.04,0.075,0.158,0,0,0,0,0.01,0,0.102,0.039,0.033,0.053,0,0,0,0,0.081,0,0.069,0,0,0.096,0,0.078,0.008,0,0.031,0.005,0.055,0,0,0.002,0,0.011,0.038,0.078,0,0,0,0.043,0,0,0,0,0,0.003,0
2,0,0,0.016,0.081,0.016,0,0.309,0.536,0.617,0.196,0.557,0.601,0.469,0.259,0.551,0.664,0.419,0.034,0.015,0,0.023,0.057,0,0.026,0.002,0.038,0,0.038,0,0.005,0,0.002,0.076,0.076,0.381,0.835,0.87,0.428,0.529,0.995,0.67,0.285,0.687,0.937,0.516,0.216,0.01,0,0.004,0,0.059,0.045,0.083,0.048,0,0.045,0.098,0,0,0.069,0.033,0.05,0.319,0.552,0.531,0.33,0.381,0.605,0.532,0.271,0.535,0.619,0.359,0.137,0,0,0.027,0,0,0,0,0,0.017,0.005,0,0,0.066,0.354,0.396,0.361,0.071,0.229,0.216,0.093,0.07,0.249,0.16,0,0.206,0.197,0.17,0.181,0.278,0.354,0.15,0.084,0.122,0.03,0,0,0,0.008,0.053,0,0.297,0.53,0.804,0.563,0.082,0.017,0.055,0,0.018,0,0,0.1,0.05,0.05,0.069,0.371,0.678,0.661,0.382,0,0,0.07,0,0,0,0,0.046,0,0.274,0.657,0.919,0.652,0.153,0,0,0,0.082,0,0,0,0.078,0,0.195,0.526,0.85,0.776,0.357,0.032,0.035,0,0,0,0.008,0,0,0.006,0.054,0.415,0.422,0.3,0.094,0,0,0.053,0.023,0,0.059,0,0,0,0.046,0.315,0.502,0.388,0.109,0,0,0.024,0,0.041,0,0,0,0.031,0,0.094,0.127,0.018,0.067,0.016,0.002,0,0.024,0,0,0,0.041,0.069,0.083,0.233,0.383,0.428,0.315,0,0.053,0,0.067,0.013,0,0,0,0.016,0.039,0.026,0.038,0,0.031,0,0.039,0,0,0.007,0,0.041,0,0,0.112,0.451,0.904,0.71,0.348,0.021,0.032,0.031,0,0.001,0.078,0,0.047,0,0,0.066,0.071,0.043,0,0.026,0,0.021,0.078,0.045,0,0.051,0.03,0,0.121,0.465,0.623,0.636,0.359,0,0,0.003,0.003,0,0.046,0.095,0,0.005,0.013,0.081,0.014,0,0.086,0.008,0.017,0.021,0.016,0,0.014,0.008,0.272,0.283,0.211,0.203,0.441,0.37,0.17,0,0,0.028,0.064,0.019,0,0,0.054,0,0,0,0,0.097,0,0.004,0,0,0,0,0,0.273,0.481,0.695,0.426,0.039,0.017,0.018,0.007,0.01,0,0,0,0,0.009,0,0,0.01,0.015,0,0,0,0.031,0.007,0.069,0,0.001,0.012,0,0.361,0.74,0.849,0.467,0.225,0.006,0.015,0.023,0,0,0.037,0.026,0,0,0,0,0,0,0.086,0.03,0.008,0,0,0,0,0.01,0.001,0.022,0.241,0.517,0.613,0.312,0.076,0,0.065,0.015,0.028,0,0.028,0.058,0,0.039,0.054,0.01,0,0,0.124,0.053,0.1,0,0,0.034,0.09,0.279,0.429,0.317,0.101,0.161,0.234,0.12,0,0.004,0,0.026,0.018,0,0.083,0.024,0,0,0,0.033,0,0.057,0.104,0,0,0.004,0,0,0.15,0.544,0.78,0.693,0.275,0.081,0.047,0.08,0,0.006,0,0.032,0,0,0.02,0,0.049,0.055,0,0.008,0,0,0,0.007,0,0,0.003,0,0.191,0.506,0.749,0.647,0.262,0,0,0.04,0,0,0,0.033,0,0.025,0.115,0.003,0.048,0,0.04,0.036,0.027,0,0,0,0.033,0.037,0.214,0.151,0.181,0.318,0.494,0.35,0.129,0,0.075,0,0.006,0,0.099,0,0,0,0,0.06,0.099,0,0,0.109,0,0,0.026,0.005,0,0.258,0.598,0.512,0.287,0,0.047,0.019,0,0.023,0,0.015,0.014,0,0,0.092,0,0,0.006,0,0,0,0.065,0,0,0,0.034,0.051,0.1,0.448,0.832,0.809,0.415,0.132,0.066,0.017,0,0.079,0.002,0,0.042,0,0.041,0,0,0,0,0.027,0.007,0.036,0.051,0.013,0.053,0.035,0,0.016,0.021,0.443,0.668,0.592,0.377,0,0,0,0.005,0.024,0,0.018,0,0.062,0,0.043,0,0,0.001,0,0,0,0.036,0,0,0.075,0.24,0.257,0.246,0.193,0.328,0.382,0.16,0.239,0.405,0.215,0.121,0.35,0.395,0.239,0.183,0.314,0.316,0,0,0,0,0,0.085,0.032,0.046,0.017,0.027,0.18,0.558,0.683,0.526,0.393,0.646,0.602,0.345,0.587,0.739,0.617,0.252,0.594,0.73,0.453,0.42,0.712,0.647,0.332,0,0.079,0,0.015,0,0.011,0.031,0,0.02,0.335,0.548,0.996,0.499,0.443,0.751,0.807,0.475,0.589,0.858,0.706,0.397,0.775,0.835,0.557,0.496,0.824,0.749,0.414,0,0,0.003,0.039,0.058,0.042,0.01,0.043,0,0.264,0.451,0.542,0.488,0.249,0.444,0.447,0.325,0.386,0.561,0.33,0.19,0.395,0.533,0.349,0.346,0.561,0.568,0.211,0,0.005,0.106,0.033,0.005,0,0,0.012,0,0.091,0.098,0.196,0.058,0,0.167,0.208,0.035,0.047,0.129,0.045,0.02,0.064,0.215,0.074,0.112,0.099,0.182,0.025,0.045,0.04,0.024,0,0,0.019,0,0.002,0.023,0.019,0.034,0.088,0.016,0,0.124,0.037,0.025,0,0.051,0.005,0.058,0,0,0.01,0,0,0,0.084,0.058,0.058,0.053,0.032,0.037,0.045,0,0,0.016,0.034,0.057,0,0.063,0,0.011,0,0,0.007,0,0.086,0.001,0.039,0.006,0.024,0,0.05,0.03,0,0,0.05,0.066,0,0,0,0
3,0.108,0.291,0.516,0.632,0.656,0.181,0.507,0.715,0.455,0.295,0.594,0.691,0.551,0.276,0.604,0.8,0.422,0.224,0.619,0.703,0.441,0.17,0.019,0.034,0,0,0,0.046,0.049,0.013,0.146,0.343,0.189,0.04,0.189,0.34,0.257,0.019,0.227,0.384,0.146,0.103,0.29,0.349,0.187,0.074,0.28,0.281,0.096,0.093,0,0.029,0.053,0,0,0.011,0.114,0,0.048,0,0.04,0,0,0,0.012,0,0,0.062,0.115,0.254,0.533,0.62,0.388,0.088,0.029,0.054,0.03,0,0,0.014,0,0,0.072,0.014,0.021,0.068,0.017,0.009,0.039,0.118,0.04,0,0.042,0.05,0,0,0.025,0.336,0.717,0.95,0.578,0.107,0.073,0,0.006,0,0,0,0,0,0.027,0,0,0,0,0,0.006,0,0,0.092,0,0.006,0,0.012,0.03,0.183,0.514,0.742,0.475,0.255,0.071,0,0.026,0,0,0.054,0,0,0,0.018,0,0.049,0.107,0.044,0,0.071,0.059,0,0.01,0.075,0.285,0.283,0.085,0.108,0.172,0.435,0.199,0,0.085,0.029,0,0.017,0,0,0,0.011,0,0.038,0,0,0,0,0.069,0,0,0,0,0.235,0.485,0.704,0.528,0.079,0.052,0,0.066,0,0.004,0,0,0.038,0,0.029,0,0.07,0.046,0.024,0,0,0,0.002,0.086,0,0,0.003,0.002,0.345,0.631,1,0.555,0.222,0.055,0.004,0.035,0.072,0,0.009,0.078,0.048,0,0,0.021,0,0,0.087,0.046,0.096,0.036,0.02,0,0,0.021,0,0,0.115,0.4,0.585,0.495,0.119,0.104,0,0.068,0.001,0,0,0,0,0.001,0,0,0.045,0.001,0.024,0,0.018,0,0,0,0,0.002,0,0.024,0,0.217,0.252,0.204,0.004,0.243,0.331,0.124,0.119,0,0.053,0,0,0.004,0.028,0,0,0.027,0,0.033,0,0.042,0,0,0,0,0.024,0,0.007,0,0,0,0.301,0.577,0.704,0.576,0.037,0.055,0.083,0,0,0,0.044,0,0,0,0.065,0.004,0.003,0.019,0,0,0,0,0.049,0,0,0,0.008,0,0.332,0.615,0.869,0.546,0.192,0.144,0,0,0,0,0,0,0.028,0.082,0.045,0.006,0.044,0.073,0.066,0,0,0,0.02,0.04,0.014,0,0.031,0,0.23,0.494,0.529,0.344,0.194,0,0.106,0.03,0.068,0.042,0.034,0.079,0.003,0,0,0.006,0,0.042,0,0,0,0,0.091,0,0.006,0.016,0.06,0.062,0.019,0.141,0.25,0.274,0.097,0.353,0.363,0.161,0,0.053,0.07,0,0.012,0.001,0,0,0.051,0,0,0,0.056,0.003,0,0.076,0.063,0,0.002,0,0.022,0,0.006,0,0.333,0.53,0.812,0.495,0.05,0,0,0.01,0,0,0,0,0,0.008,0,0.022,0.011,0,0,0,0,0.01,0.037,0,0.022,0,0.003,0.027,0.277,0.692,0.782,0.457,0.202,0.042,0.028,0,0,0.021,0.048,0,0.005,0.003,0.031,0.013,0.019,0.002,0.001,0.089,0,0.046,0,0,0,0,0,0,0.203,0.369,0.476,0.32,0,0,0.011,0.04,0.057,0.041,0,0.081,0.035,0.219,0.459,0.318,0.147,0,0.051,0,0,0.057,0,0,0,0,0.108,0.012,0.172,0.342,0.494,0.224,0,0.108,0.065,0,0.022,0.015,0.006,0.054,0.074,0.395,0.756,0.645,0.307,0.058,0,0.004,0.01,0.066,0.001,0.072,0.081,0,0,0,0.344,0.652,0.736,0.483,0.165,0,0.031,0.065,0.059,0,0.058,0,0.209,0.51,0.736,0.7,0.41,0,0,0.088,0.004,0,0,0,0,0,0,0.049,0.312,0.631,0.76,0.436,0.172,0,0,0.062,0,0,0,0.023,0.003,0.323,0.409,0.387,0.094,0,0.153,0.034,0.048,0.072,0.156,0.076,0.095,0.032,0.172,0,0.203,0.425,0.543,0.23,0,0.107,0,0.07,0.011,0,0.08,0,0,0.005,0.179,0.028,0.175,0.282,0.505,0.33,0.179,0.309,0.539,0.392,0.108,0.424,0.462,0.318,0.047,0.062,0.107,0,0.05,0,0.026,0.012,0.117,0,0,0.028,0.029,0.117,0,0,0.134,0.601,0.957,0.64,0.257,0.644,0.797,0.576,0.34,0.646,0.857,0.577,0.166,0,0,0.021,0,0.004,0,0,0,0,0.043,0.098,0,0,0.007,0,0.244,0.473,0.73,0.688,0.185,0.668,0.79,0.596,0.236,0.674,0.78,0.509,0.233,0.081,0.02,0,0.001,0.026,0.043,0,0,0.013,0,0,0.047,0,0.025,0.076,0.04,0.279,0.419,0.364,0.095,0.303,0.386,0.31,0.065,0.371,0.467,0.327,0,0.025,0.059,0.056,0.052,0.039,0,0,0,0.017,0,0,0,0.033,0,0,0.008,0,0.08,0,0.049,0,0.121,0,0.019,0,0.066,0,0,0.057,0,0,0.099,0,0,0.051,0,0,0.111,0.004,0.012,0,0,0,0,0.012,0,0,0,0,0.048,0,0.077,0.065,0.011,0,0,0,0.045,0.03,0,0.025,0.028,0.04,0,0,0,0.029,0.128,0.104,0.009,0,0,0.046,0.044,0,0,0.025,0,0,0.006,0.015,0,0.071,0.053,0.01,0.04,0.033,0,0.066,0,0,0,0.05,0
4,0.004,0.017,0.017,0.004,0.117,0,0.047,0,0,0,0.065,0.014,0.111,0.459,0.726,0.633,0.415,0,0,0.048,0,0,0,0.021,0.027,0.041,0.032,0,0.017,0,0.078,0.032,0,0.116,0,0.021,0,0.079,0,0.021,0.151,0.485,0.887,0.746,0.421,0.02,0.015,0,0.032,0.036,0,0.018,0,0,0,0,0,0.062,0.042,0,0,0.097,0,0.045,0,0,0.048,0.129,0.029,0.28,0.525,0.462,0.193,0.1,0,0.017,0.067,0.087,0.063,0.149,0,0.049,0.084,0.026,0.076,0.011,0.001,0.066,0.036,0,0.066,0,0,0.189,0.465,0.501,0.247,0.254,0.463,0.448,0.116,0.071,0,0.068,0,0.008,0.024,0.013,0.069,0.027,0,0,0.047,0,0.044,0,0.007,0,0.008,0.049,0.006,0.336,0.755,0.796,0.403,0.506,0.773,0.742,0.388,0.077,0.013,0,0.011,0.036,0,0,0.018,0,0,0.049,0.054,0,0.048,0.065,0.007,0,0,0.032,0,0.309,0.7,0.741,0.388,0.409,0.77,0.664,0.297,0,0.008,0.013,0.048,0.052,0.002,0.003,0.079,0,0.021,0.036,0,0.031,0,0.016,0,0.085,0.081,0.24,0.173,0.147,0.373,0.399,0.216,0.267,0.399,0.392,0.145,0,0,0.036,0,0.061,0,0.032,0,0.014,0,0,0,0.07,0.053,0.035,0.056,0.146,0.418,0.514,0.397,0.11,0.052,0.01,0.021,0.343,0.579,0.581,0.203,0.039,0,0.031,0.013,0.117,0,0.069,0,0,0.018,0.046,0.011,0,0,0,0.045,0.317,0.635,0.938,0.771,0.169,0,0.065,0.046,0.48,0.799,0.756,0.384,0.024,0,0.029,0,0.086,0.023,0,0,0.036,0,0,0,0,0,0.012,0,0.249,0.633,0.699,0.505,0.138,0.108,0.001,0.064,0.444,0.656,0.528,0.393,0,0,0,0.039,0.063,0,0.017,0.014,0,0.064,0,0.07,0,0.116,0.273,0.21,0.036,0.215,0.33,0.16,0,0.013,0,0,0.16,0.28,0.262,0.16,0.135,0.042,0.029,0.034,0.051,0,0,0.019,0.064,0.01,0.007,0,0.12,0.448,0.596,0.501,0.175,0.034,0,0.089,0.047,0,0.022,0.104,0.351,0.643,0.624,0.23,0.044,0,0,0.011,0,0,0,0.094,0.038,0.067,0.045,0.049,0.252,0.529,0.926,0.731,0.264,0.046,0,0.014,0,0,0.027,0.081,0.449,0.931,0.797,0.43,0.068,0,0.011,0.011,0.051,0,0,0,0,0.056,0,0,0.187,0.533,0.557,0.505,0.231,0,0.077,0,0.012,0,0.011,0.069,0.279,0.548,0.466,0.264,0,0.042,0,0,0,0,0.011,0.002,0.001,0,0.033,0.013,0,0.3,0.38,0.274,0.03,0.315,0.401,0.328,0.173,0.284,0.342,0.145,0.115,0.4,0.335,0.152,0.271,0.391,0.207,0.07,0.029,0.085,0.034,0,0.105,0,0,0.106,0.205,0.492,0.747,0.545,0.341,0.602,0.805,0.588,0.326,0.776,0.759,0.461,0.478,0.683,0.581,0.398,0.507,0.685,0.651,0.251,0.019,0.056,0.032,0,0.032,0,0,0,0.167,0.574,0.964,0.679,0.26,0.699,0.875,0.566,0.316,0.745,0.819,0.437,0.469,0.896,0.841,0.411,0.501,0.86,0.595,0.238,0.021,0,0,0.111,0.041,0,0,0.017,0.091,0.477,0.515,0.464,0.121,0.415,0.544,0.364,0.256,0.432,0.561,0.267,0.304,0.463,0.441,0.274,0.312,0.48,0.339,0.17,0.027,0.076,0.068,0,0,0,0,0,0.05,0.03,0.251,0,0.021,0.117,0.193,0.031,0.05,0.124,0.157,0.022,0.291,0.501,0.476,0.11,0.032,0.118,0.084,0.073,0,0,0,0.034,0,0,0.012,0,0,0,0,0,0,0.057,0,0,0,0.005,0,0.114,0.419,0.859,0.703,0.293,0.081,0.045,0.034,0,0.025,0,0.003,0,0,0.019,0,0,0.04,0,0.101,0.068,0.01,0,0.005,0,0,0,0,0.133,0.487,0.702,0.709,0.434,0,0.029,0.008,0.071,0.044,0,0,0,0.009,0,0.006,0,0.006,0.023,0,0.037,0,0,0,0.026,0.065,0,0,0.008,0.153,0.474,0.398,0.224,0.051,0.092,0,0.058,0,0,0,0.085,0.017,0.006,0,0,0,0.066,0,0.001,0,0,0.043,0,0.039,0,0,0.01,0.285,0.6,0.465,0.236,0,0,0,0.035,0,0,0,0.059,0,0,0.022,0.014,0,0.015,0.061,0.015,0,0.037,0,0.032,0,0,0.047,0.13,0.535,0.844,0.784,0.394,0.005,0,0,0.019,0.018,0.026,0.051,0.047,0.035,0,0.03,0.014,0.012,0.073,0.042,0,0,0,0.059,0,0.046,0,0,0.005,0.404,0.822,0.626,0.317,0,0,0,0.041,0,0,0,0.018,0.031,0,0,0,0.088,0.075,0,0,0,0,0,0.028,0.022,0.052,0.107,0,0.125,0.134,0.299,0.044,0.012,0,0.064,0.109,0,0,0,0.056,0.044,0,0.029,0.033,0.007,0,0,0.025,0.002,0.015,0,0,0.069,0,0,0,0,0.044,0.094,0.005,0,0.069,0,0.04,0,0.013,0,0.012,0.028,0.037,0,0.069,0.005,0.064,0.069,0.033,0.043,0,0,0,0,0.065,0,0,0.019,0,0,0.032,0.015,0,0.034,0,0.008,0,0.013,0,0,0.077,0.003
5,0.028,0.034,0.378,0.724,0.78,0.37,0.503,0.768,0.673,0.411,0.494,0.793,0.646,0.304,0.649,0.979,0.607,0.386,0.582,0.747,0.578,0.276,0.101,0,0,0,0.019,0,0,0,0.537,0.753,0.648,0.453,0.587,0.742,0.706,0.38,0.471,0.782,0.653,0.327,0.568,0.631,0.585,0.227,0.697,0.825,0.488,0.198,0.105,0,0.079,0,0,0,0,0,0.177,0.381,0.438,0.217,0.197,0.296,0.394,0.229,0.265,0.305,0.395,0.045,0.337,0.457,0.368,0.116,0.303,0.394,0.263,0.057,0,0.079,0,0,0,0.024,0.018,0.02,0.284,0.529,0.543,0.384,0,0.036,0.072,0.049,0,0.016,0,0.044,0.002,0.067,0.044,0.049,0,0.126,0.061,0.066,0,0,0.002,0.015,0.134,0.044,0.014,0.039,0.459,0.705,0.771,0.541,0.032,0.03,0,0.057,0,0.01,0,0.022,0,0.003,0.035,0.038,0,0.05,0.03,0.022,0.038,0.009,0.041,0.004,0.003,0,0.005,0,0.355,0.633,0.656,0.36,0.063,0,0.003,0,0,0.041,0,0,0.072,0,0,0,0,0,0.023,0.048,0.039,0.006,0.037,0,0,0,0,0,0.213,0.342,0.313,0.235,0.018,0.159,0.204,0,0.048,0.318,0.13,0,0.137,0.274,0.079,0,0.027,0.048,0.071,0.011,0.026,0.023,0.031,0,0.04,0,0,0,0.351,0.678,0.554,0.273,0.306,0.609,0.629,0.188,0.302,0.635,0.514,0.225,0.391,0.607,0.447,0.121,0.095,0,0,0.043,0.05,0,0,0.066,0,0,0,0.099,0.458,0.801,0.87,0.414,0.523,0.797,0.715,0.378,0.564,0.843,0.809,0.394,0.558,0.975,0.669,0.222,0,0,0,0,0,0.073,0.07,0,0,0,0.06,0,0.423,0.559,0.56,0.316,0.364,0.674,0.604,0.375,0.434,0.692,0.572,0.309,0.471,0.605,0.464,0.239,0,0.018,0.106,0,0.046,0.004,0.033,0.023,0,0.022,0,0.004,0.06,0.335,0.257,0.062,0.128,0.332,0.268,0.066,0.149,0.261,0.219,0.006,0.288,0.27,0.246,0,0.189,0.232,0.111,0,0,0,0.075,0,0,0,0.088,0.071,0,0,0,0.006,0.019,0.004,0,0,0,0,0,0,0,0.022,0,0.274,0.484,0.595,0.545,0.183,0,0,0,0,0.095,0,0,0.063,0.018,0,0,0.094,0.029,0,0,0,0.017,0.017,0,0,0.022,0.04,0,0.352,0.707,0.887,0.64,0.221,0.081,0.043,0,0,0.101,0.028,0.028,0.043,0.07,0,0.023,0,0,0.027,0,0.111,0,0.02,0.064,0.013,0,0.011,0,0.198,0.529,0.556,0.408,0.077,0,0.097,0,0.056,0.012,0.011,0,0.016,0.062,0.046,0.086,0,0,0.014,0.098,0,0.016,0.041,0.003,0.064,0.003,0,0.03,0.028,0.237,0.37,0.179,0,0,0,0,0,0,0.095,0.065,0.015,0.104,0.064,0,0.047,0.024,0.033,0,0.1,0.006,0.093,0,0,0,0.007,0.033,0.282,0.446,0.721,0.475,0.198,0.049,0,0.026,0.011,0,0,0.026,0,0,0,0,0.038,0.002,0.081,0.009,0,0,0,0,0,0.017,0,0.06,0.3,0.629,0.941,0.607,0.2,0,0,0,0,0,0.069,0.062,0.062,0.042,0,0.06,0.023,0.032,0.042,0.046,0.093,0,0.047,0,0,0.005,0.051,0.092,0.241,0.436,0.579,0.346,0.178,0.067,0.013,0.009,0,0.061,0,0.085,0,0.116,0.328,0.418,0.171,0.02,0.016,0.06,0.019,0,0.031,0,0.018,0.079,0.029,0,0.041,0.388,0.382,0.259,0.002,0.036,0,0.023,0.016,0.009,0,0.041,0.036,0.392,0.658,0.744,0.343,0.076,0,0,0.029,0,0,0,0,0.054,0.018,0.011,0.308,0.544,0.809,0.492,0.244,0,0,0,0,0.05,0.085,0,0.075,0.47,0.746,0.654,0.521,0.03,0.007,0,0.027,0,0.082,0,0,0.079,0,0.022,0.275,0.692,0.777,0.599,0.136,0,0.102,0,0,0.031,0.023,0,0.078,0.27,0.468,0.457,0.297,0.02,0.001,0.072,0.007,0,0.118,0.012,0,0,0.076,0.076,0.286,0.333,0.468,0.357,0.029,0,0,0.04,0.002,0,0,0,0.024,0.047,0.231,0.104,0,0.303,0.407,0.404,0.216,0.255,0.466,0.327,0.176,0.341,0.428,0.283,0.066,0.061,0.112,0,0.015,0.01,0,0,0.08,0,0,0.052,0.005,0.001,0.003,0.052,0.029,0.513,0.861,0.733,0.383,0.476,0.806,0.633,0.313,0.603,0.92,0.581,0.367,0.024,0.034,0,0.014,0.032,0,0,0.015,0.047,0.045,0,0,0.03,0,0.038,0.144,0.487,0.76,0.695,0.333,0.498,0.82,0.55,0.321,0.535,0.834,0.577,0.22,0.036,0,0.025,0,0,0,0.011,0.038,0,0,0,0,0.027,0,0,0.076,0.193,0.423,0.396,0.143,0.25,0.301,0.35,0.181,0.331,0.361,0.337,0,0.03,0,0,0,0.049,0.089,0,0.031,0.034,0,0,0.029,0.049,0,0,0.009,0.084,0.077,0,0,0,0.101,0.01,0,0.05,0.135,0,0,0,0.064,0.013,0.028,0,0.014,0,0,0,0.03,0.011,0.084,0.008,0.007,0,0.071,0,0,0.006,0.065,0,0.068,0.064,0,0.031,0.042,0,0,0.016,0,0.021,0.014,0,0,0.07,0,0.076,0
6,0,0.005,0,0.027,0.091,0.002,0.056,0,0,0.229,0.614,0.959,0.679,0.372,0.757,0.873,0.492,0.11,0,0,0.026,0,0,0,0,0.034,0,0,0,0.053,0.04,0.037,0.021,0,0,0.041,0.037,0.081,0.419,0.676,0.476,0.305,0.523,0.545,0.383,0.133,0.042,0,0.049,0.026,0.002,0.001,0.077,0.075,0,0,0,0.028,0,0.041,0.071,0.014,0.241,0.333,0.383,0.229,0.175,0.277,0.153,0,0.222,0.187,0.086,0,0,0.028,0,0,0,0.013,0,0.064,0.07,0.018,0,0.006,0.017,0,0,0.238,0.321,0.695,0.69,0.369,0,0.037,0,0.03,0.054,0.047,0.096,0,0,0.05,0.06,0.001,0.027,0,0,0,0,0.063,0.033,0.061,0,0.029,0.044,0.15,0.447,0.799,0.795,0.334,0,0,0,0.024,0.022,0.13,0.026,0,0,0,0.076,0.054,0.049,0.05,0,0,0.006,0,0.017,0.094,0,0.169,0.177,0.138,0.313,0.436,0.441,0.197,0.02,0.061,0,0.082,0.079,0,0,0.081,0,0,0,0,0,0,0.022,0.011,0.042,0.013,0.073,0.034,0.206,0.476,0.46,0.312,0.001,0.149,0.015,0,0.058,0,0.076,0,0.097,0,0,0.023,0.042,0,0,0.04,0,0.093,0.028,0,0.023,0,0.016,0.011,0.373,0.717,0.833,0.531,0.163,0,0.006,0,0.001,0.009,0,0,0.069,0.042,0,0.002,0,0,0,0.017,0.001,0,0,0.042,0,0,0,0.039,0.283,0.626,0.746,0.53,0.109,0,0,0,0,0.073,0.027,0.069,0.019,0,0.005,0.066,0,0,0,0,0,0,0,0,0,0,0.072,0.004,0.232,0.229,0.386,0.239,0.092,0.262,0.134,0.023,0.224,0.263,0.194,0.045,0.206,0.26,0.112,0.04,0.003,0,0.071,0.093,0.022,0,0,0,0,0,0.019,0.029,0.322,0.615,0.604,0.45,0.323,0.624,0.563,0.322,0.515,0.603,0.449,0.215,0.618,0.636,0.298,0.085,0.07,0,0,0.021,0,0,0,0,0.109,0.015,0.065,0,0.397,0.784,0.902,0.478,0.575,0.796,0.775,0.388,0.608,0.9,0.567,0.317,0.772,0.853,0.515,0.098,0.044,0.012,0.046,0,0,0.051,0,0,0.081,0.045,0,0.032,0.316,0.537,0.553,0.434,0.334,0.638,0.499,0.234,0.476,0.693,0.552,0.31,0.526,0.527,0.476,0.093,0,0.025,0.034,0,0.006,0.034,0.043,0.008,0,0,0.007,0,0.167,0.301,0.466,0.207,0.038,0.297,0.225,0,0.136,0.24,0.172,0.053,0.133,0.222,0.09,0.176,0.407,0.388,0.12,0,0.087,0,0.086,0.035,0.066,0.046,0,0,0.318,0.537,0.733,0.487,0.12,0,0.014,0,0,0.055,0.058,0.067,0.016,0.047,0,0.422,0.762,0.708,0.334,0,0,0.035,0.056,0,0.047,0,0.02,0,0.431,0.695,0.885,0.471,0.095,0.065,0,0,0,0,0,0.095,0,0.048,0.135,0.53,0.829,0.698,0.377,0,0.029,0,0.006,0.083,0.013,0.01,0,0.037,0.171,0.529,0.468,0.346,0,0.038,0.033,0,0.058,0,0,0.078,0.137,0,0.02,0.366,0.464,0.508,0.211,0.06,0,0.006,0,0.002,0.002,0,0,0.014,0.236,0.432,0.495,0.237,0,0.029,0.054,0,0.029,0,0.063,0,0.115,0,0.05,0.203,0.472,0.41,0.267,0,0.117,0,0.082,0.017,0.009,0,0,0.018,0.233,0.747,0.876,0.544,0.175,0,0,0,0.026,0,0,0.017,0,0.005,0.139,0.487,0.782,0.646,0.359,0.065,0,0,0,0,0.034,0,0,0.017,0.371,0.768,0.743,0.574,0.012,0.055,0,0.027,0.041,0.019,0.017,0.053,0,0,0.074,0.412,0.681,0.58,0.389,0,0.064,0,0,0,0,0,0,0,0.108,0.385,0.286,0.163,0.16,0.254,0.294,0.141,0.16,0.291,0.185,0.095,0.174,0.269,0.101,0.157,0.378,0.438,0.151,0,0.05,0.067,0,0.015,0.041,0.026,0.014,0.071,0.002,0,0.029,0.039,0.454,0.544,0.507,0.37,0.523,0.57,0.486,0.174,0.528,0.592,0.275,0.128,0.064,0,0.044,0.009,0,0.022,0,0.022,0.08,0,0,0.041,0.068,0,0,0.106,0.595,0.898,0.709,0.444,0.654,0.949,0.591,0.402,0.768,0.862,0.583,0.197,0.003,0.015,0,0.057,0.004,0.002,0,0.06,0,0.047,0,0.012,0.062,0.031,0.06,0,0.405,0.549,0.47,0.395,0.478,0.59,0.452,0.391,0.553,0.697,0.37,0.075,0.015,0,0.044,0.045,0.073,0,0,0.036,0,0.055,0,0.009,0.044,0.08,0,0,0.064,0.319,0.025,0.034,0.151,0.205,0.276,0.04,0.202,0.228,0.133,0,0.068,0.038,0.001,0.004,0,0.001,0,0.019,0,0.004,0.018,0,0,0,0.072,0,0.037,0.049,0.053,0,0,0.05,0.002,0,0.035,0,0,0,0.002,0.026,0,0.011,0,0,0.053,0.018,0.017,0,0.006,0.025,0.055,0,0.012,0.013,0,0.033,0.053,0.009,0.047,0.041,0.046,0,0,0,0.001,0,0.069,0.028,0,0.079,0.048,0.014,0.007,0,0.027,0,0.088,0.03,0,0,0.012,0.092,0.05,0,0,0,0.057,0,0,0.029,0,0,0,0.017,0,0,0,0,0,0.079,0.021,0.017,0,0.006
7,0,0,0.073,0.061,0.129,0.372,0.746,0.755,0.422,0.666,0.823,0.499,0.58,0.83,0.642,0.278,0.637,0.738,0.452,0.459,0.777,0.664,0.319,0,0,0.033,0.016,0,0.102,0,0.037,0,0.146,0.442,0.742,0.718,0.411,0.73,0.861,0.638,0.461,0.825,0.697,0.351,0.667,0.823,0.496,0.595,0.869,0.635,0.329,0.028,0,0.021,0.113,0,0.009,0.021,0.021,0,0,0.187,0.418,0.454,0.325,0.354,0.537,0.315,0.241,0.554,0.395,0.247,0.396,0.435,0.27,0.255,0.434,0.332,0.131,0.043,0,0.032,0.081,0.126,0,0,0,0,0.031,0.051,0.157,0.103,0,0.063,0.044,0.065,0,0.006,0.128,0.076,0.003,0.171,0.142,0.417,0.626,0.529,0.18,0,0.061,0,0,0.011,0.006,0.006,0,0.016,0.051,0.043,0,0.033,0,0,0,0,0,0,0.032,0.042,0.056,0,0.124,0.608,0.899,0.772,0.314,0,0.067,0,0,0,0.014,0,0,0,0,0,0,0,0.011,0,0.013,0.068,0.015,0,0,0,0.123,0.082,0.273,0.424,0.641,0.649,0.151,0.05,0,0.073,0.049,0,0,0.033,0,0,0.001,0,0,0.062,0,0,0.071,0.07,0.062,0.094,0.143,0.176,0.531,0.414,0.269,0.148,0.287,0.318,0.17,0,0.035,0.022,0,0.076,0,0.086,0,0.012,0.088,0,0.055,0.053,0,0.031,0.015,0.023,0,0.054,0.015,0.39,0.678,0.753,0.418,0.092,0,0,0.032,0,0.014,0,0,0,0,0.029,0.05,0,0,0,0,0,0,0,0.054,0.036,0,0.016,0,0.323,0.643,0.753,0.415,0.053,0,0,0,0,0,0.02,0.039,0.017,0,0.064,0,0.026,0.048,0,0,0,0,0,0.041,0.086,0.073,0.28,0.294,0.17,0.312,0.368,0.2,0,0,0,0.049,0.012,0.115,0.008,0,0.014,0.051,0,0,0,0.028,0,0.15,0,0.076,0.019,0.009,0.025,0.402,0.699,0.555,0.301,0.118,0.02,0,0,0.085,0,0.009,0,0,0.024,0,0.059,0.002,0.063,0.02,0,0.083,0.056,0,0,0,0,0.035,0.052,0.455,0.792,0.783,0.375,0.009,0.082,0.01,0.055,0.003,0,0.047,0.074,0.043,0,0.064,0.054,0,0,0,0.016,0,0.061,0.017,0.109,0,0.06,0.237,0.043,0.423,0.574,0.462,0.204,0.066,0.023,0.084,0.009,0.013,0.03,0.012,0.011,0.032,0,0.031,0.06,0,0,0,0.01,0.035,0.008,0.023,0,0.158,0.449,0.457,0.437,0.003,0.126,0.161,0,0,0.11,0,0.009,0.102,0,0.001,0,0,0,0.032,0.046,0,0,0.002,0,0.055,0,0,0.044,0.27,0.753,0.852,0.581,0.153,0,0.02,0.001,0,0,0,0.038,0,0.089,0.062,0,0.09,0.006,0,0,0,0.12,0.075,0,0,0,0,0.083,0.217,0.647,0.688,0.537,0.215,0,0,0,0,0,0,0,0.017,0,0,0,0.021,0,0,0.044,0.055,0.069,0,0,0.034,0,0.014,0.006,0.112,0.326,0.488,0.298,0.02,0,0,0.003,0,0.021,0,0,0,0,0.032,0.026,0,0.023,0.019,0,0,0,0.016,0,0,0.028,0.056,0.047,0.275,0.55,0.729,0.47,0.235,0,0,0.01,0.016,0,0,0,0.04,0,0,0.013,0,0,0.027,0.004,0.031,0,0.041,0,0.053,0,0,0.036,0.255,0.652,0.866,0.606,0.11,0.028,0.126,0.033,0.151,0,0.009,0,0.015,0.038,0,0.02,0.019,0,0.03,0.023,0,0,0,0,0,0.047,0.001,0.139,0.156,0.467,0.521,0.38,0.134,0.033,0.041,0.065,0.028,0.035,0,0.013,0.031,0,0,0.023,0,0,0,0.004,0.049,0.003,0.025,0.02,0.011,0,0.026,0,0.18,0.5,0.594,0.423,0.09,0,0.054,0.043,0,0,0.058,0.043,0,0,0.003,0,0.023,0,0.002,0.034,0.111,0,0,0,0.002,0,0,0.064,0.323,0.579,0.901,0.557,0.114,0,0,0.095,0,0,0,0,0,0,0.029,0.013,0.026,0,0.027,0,0.071,0.036,0,0.132,0.02,0,0,0,0.14,0.514,0.632,0.444,0.036,0.041,0,0,0,0.004,0.019,0.006,0.008,0.016,0,0.02,0.045,0.002,0,0.027,0.072,0,0,0,0.002,0,0.024,0.004,0.014,0.228,0.288,0.126,0,0,0,0,0.018,0.039,0,0,0.075,0.051,0.006,0,0,0.049,0.04,0,0.046,0.023,0.064,0,0,0,0,0,0,0,0.013,0.012,0,0,0,0.103,0.005,0.035,0,0.112,0,0.001,0.113,0,0,0,0.063,0,0.114,0.053,0.067,0,0.014,0.003,0,0,0,0.019,0.019,0.009,0.027,0.018,0.05,0,0,0.097,0.018,0,0.014,0,0,0.071,0.036,0.024,0.03,0.05,0,0,0.007,0,0,0.098,0,0.005,0,0.066,0.052,0.05,0.084,0,0.035,0,0,0.007,0.045,0.035,0.051,0.033,0.002,0.05,0.039,0.007,0,0,0.035,0,0,0.051,0,0.123,0,0.017,0,0.106,0,0,0,0,0,0.047,0.074,0,0,0,0.025,0.044,0.055,0.031,0.045,0,0,0
8,0.077,0.024,0.082,0.02,0,0.042,0.056,0.254,0.638,0.969,0.671,0.333,0.626,0.992,0.703,0.289,0.555,0.883,0.568,0.283,0.049,0.054,0.053,0,0.001,0,0.029,0.043,0,0.053,0,0,0,0.017,0,0.084,0.425,0.71,0.523,0.211,0.516,0.651,0.388,0.267,0.513,0.684,0.473,0.159,0.131,0,0,0.029,0.014,0,0,0.134,0,0.01,0,0,0.069,0.265,0.219,0,0.223,0.27,0.242,0.024,0.244,0.306,0.205,0.043,0.18,0.356,0.24,0.021,0.099,0.259,0.084,0,0.04,0.032,0,0,0,0.036,0.023,0.156,0.507,0.627,0.457,0.154,0,0,0.039,0,0,0.07,0,0.025,0,0,0,0.257,0.507,0.597,0.354,0.125,0,0,0.01,0,0,0.128,0,0.311,0.631,0.897,0.657,0.303,0,0.016,0.024,0,0,0,0,0,0,0.002,0,0.302,0.778,0.85,0.58,0.289,0,0,0,0,0.024,0,0.018,0.257,0.533,0.697,0.498,0.152,0,0.028,0.034,0.082,0.015,0.102,0.041,0,0,0.051,0,0.151,0.45,0.538,0.418,0.148,0.06,0.02,0,0,0,0.007,0.015,0,0.18,0.316,0.186,0,0.064,0.054,0.035,0,0,0.019,0.021,0,0,0,0,0.043,0.248,0.368,0.122,0.02,0.01,0.041,0,0,0,0,0,0.175,0.353,0.587,0.482,0.093,0,0,0.015,0,0,0,0,0,0,0.071,0,0.259,0.426,0.673,0.41,0.047,0,0,0.066,0.065,0,0,0.009,0.231,0.566,0.962,0.616,0.275,0.005,0.039,0,0,0.011,0.008,0,0,0,0,0.01,0.34,0.752,0.897,0.536,0.254,0.012,0,0,0,0,0.002,0,0.092,0.459,0.658,0.495,0.246,0.078,0,0.083,0,0.004,0.112,0,0.032,0.018,0.002,0,0.161,0.557,0.677,0.44,0.048,0,0.123,0,0,0,0,0,0.024,0.184,0.192,0.24,0.096,0.224,0.355,0.196,0,0.229,0.255,0.214,0.018,0.194,0.351,0.199,0.159,0.154,0.243,0.134,0.024,0,0,0,0.122,0.07,0,0.039,0.03,0.066,0,0,0.136,0.549,0.717,0.517,0.253,0.554,0.616,0.599,0.19,0.491,0.691,0.416,0.037,0.062,0,0.017,0,0,0,0.039,0,0.032,0,0,0,0.066,0.081,0,0.149,0.588,0.981,0.697,0.22,0.627,0.962,0.535,0.259,0.527,0.985,0.593,0.104,0,0,0,0.004,0.003,0.001,0.006,0.071,0.011,0,0,0.063,0.12,0,0.076,0.152,0.465,0.556,0.415,0.287,0.421,0.633,0.42,0.192,0.488,0.516,0.459,0.202,0,0,0.042,0.07,0.009,0,0.039,0.015,0,0.021,0.013,0.107,0.12,0.345,0.122,0,0.142,0.304,0.213,0.017,0.152,0.25,0.213,0.049,0.075,0.193,0.175,0.124,0.254,0.249,0.193,0.007,0,0,0.075,0,0.008,0.15,0,0.105,0.455,0.613,0.551,0.214,0,0.002,0.04,0.015,0,0,0.052,0.067,0,0,0,0.224,0.595,0.619,0.51,0.204,0,0,0,0.054,0,0,0,0.192,0.577,0.91,0.692,0.286,0.02,0,0,0.034,0,0,0,0,0,0.052,0,0.281,0.617,0.949,0.441,0.146,0.006,0,0,0,0,0.085,0,0.145,0.398,0.524,0.383,0.206,0,0,0,0.003,0.083,0.005,0.001,0,0.078,0.083,0.047,0.218,0.377,0.53,0.427,0.075,0,0,0,0.002,0.054,0.083,0,0.047,0.186,0.467,0.267,0.055,0.096,0,0.056,0,0.049,0,0.046,0.079,0.005,0.027,0.089,0.056,0.166,0.332,0.275,0.073,0.064,0,0,0,0.029,0,0,0.126,0.455,0.742,0.576,0.325,0,0,0,0,0,0,0.042,0.092,0.023,0.024,0,0.332,0.568,0.717,0.505,0.149,0.035,0.04,0.02,0,0,0,0,0.216,0.557,0.893,0.719,0.238,0,0.024,0.067,0.015,0,0,0,0,0.116,0,0.027,0.303,0.738,0.885,0.603,0.246,0.027,0.071,0.024,0.069,0.016,0.07,0,0.065,0.378,0.513,0.384,0.166,0,0,0,0,0,0,0,0.119,0.043,0,0.044,0.134,0.447,0.608,0.331,0.017,0,0.026,0,0.04,0.01,0.066,0.059,0.015,0.167,0.209,0.029,0,0.251,0.397,0.33,0.078,0.277,0.257,0.237,0.078,0.227,0.343,0.265,0,0.065,0.142,0.127,0.063,0.012,0.009,0,0.046,0.021,0.046,0,0,0.035,0,0.021,0.23,0.436,0.753,0.634,0.188,0.534,0.667,0.49,0.294,0.604,0.756,0.47,0.126,0,0.078,0,0.054,0,0.017,0.003,0.052,0,0,0,0.053,0.005,0.046,0.021,0.223,0.561,0.938,0.572,0.352,0.623,0.92,0.665,0.285,0.695,0.893,0.547,0.203,0,0,0.033,0,0,0.064,0,0.078,0,0,0,0,0,0,0.043,0.153,0.356,0.571,0.531,0.156,0.382,0.539,0.41,0.128,0.425,0.541,0.407,0.08,0.04,0.035,0.087,0.043,0.01,0,0,0,0.064,0,0,0.036,0.043,0,0.029,0,0.036,0.086,0.101,0.018,0.143,0.179,0.073,0.136,0.154,0.155,0.025,0.01,0,0.072,0,0,0,0.057,0,0,0,0,0,0.078,0.031,0,0,0.013,0.045,0,0.021,0,0.055,0.061,0,0,0.076,0,0,0.008,0.041,0.064,0,0,0.008,0,0.079,0
9,0,0,0.026,0.101,0.076,0.024,0.375,0.664,0.796,0.468,0.443,0.876,0.682,0.376,0.473,0.883,0.76,0.373,0.071,0.058,0.028,0,0,0.128,0.056,0,0,0,0,0.101,0,0,0.063,0,0.255,0.562,0.525,0.386,0.34,0.61,0.542,0.301,0.431,0.684,0.523,0.23,0,0.04,0.058,0,0.028,0.135,0,0,0,0,0.001,0,0.051,0.239,0.426,0.253,0.069,0.289,0.203,0.046,0.089,0.169,0.104,0,0.056,0.273,0.134,0.074,0.183,0.413,0.349,0,0,0.066,0.082,0,0.04,0.02,0.009,0,0.259,0.559,0.805,0.458,0.141,0.048,0.048,0,0.145,0,0.029,0,0,0,0,0.234,0.59,0.797,0.486,0.217,0.058,0.018,0,0.011,0,0,0.046,0,0.317,0.652,0.883,0.527,0.202,0.055,0.03,0.048,0.002,0.032,0.089,0.023,0,0.027,0.017,0.291,0.529,0.829,0.62,0.278,0,0.035,0.011,0.055,0,0.031,0,0.092,0.097,0.443,0.551,0.316,0.097,0.08,0.05,0,0.007,0,0,0.048,0,0.056,0.061,0.101,0.36,0.425,0.444,0.085,0,0.025,0,0.035,0.061,0,0,0,0.137,0.385,0.546,0.295,0,0,0.037,0,0,0.058,0,0.051,0,0,0.067,0.045,0.369,0.405,0.332,0.081,0,0.032,0.024,0.058,0.005,0.01,0,0,0.275,0.647,0.884,0.549,0.173,0,0.126,0,0,0.061,0.012,0,0,0,0.015,0.318,0.567,0.749,0.61,0.15,0,0,0,0,0.02,0.004,0.033,0,0.231,0.666,0.829,0.521,0.216,0,0,0.037,0,0,0,0,0.041,0.016,0,0.229,0.566,0.797,0.704,0.312,0,0,0,0.047,0,0.043,0,0,0.13,0.317,0.401,0.221,0,0.152,0.124,0.046,0.067,0.178,0.113,0,0.073,0.265,0.172,0,0.291,0.28,0.338,0,0.014,0.019,0,0,0,0,0.066,0,0,0.108,0.103,0,0.253,0.426,0.533,0.273,0.24,0.613,0.577,0.242,0.333,0.552,0.503,0.228,0.511,0.565,0.425,0.199,0,0.024,0.11,0,0.021,0.047,0.124,0,0.004,0.009,0,0.006,0.412,0.774,0.833,0.531,0.471,0.802,0.689,0.431,0.524,0.894,0.711,0.32,0.546,0.927,0.641,0.283,0.02,0,0.03,0,0.01,0,0.056,0.014,0,0,0.084,0,0.325,0.543,0.646,0.449,0.38,0.696,0.622,0.426,0.537,0.682,0.533,0.197,0.586,0.64,0.521,0.22,0,0,0.039,0,0,0.028,0,0,0.034,0.048,0.079,0.048,0.086,0.313,0.294,0.166,0.074,0.418,0.219,0.104,0.199,0.35,0.359,0.085,0.241,0.31,0.203,0.104,0,0,0.002,0.016,0.047,0,0,0.077,0.05,0.056,0,0,0.053,0,0.046,0.007,0,0.024,0.002,0.002,0,0,0,0.067,0.438,0.703,0.479,0.162,0,0.049,0.023,0.056,0,0.037,0.011,0.025,0.016,0.043,0.064,0,0,0,0.041,0.045,0.012,0.017,0,0,0,0,0,0.224,0.645,1,0.578,0.198,0.045,0.057,0.01,0.008,0,0.047,0,0,0,0.011,0,0.027,0.016,0,0,0,0.094,0.055,0,0,0.038,0,0,0.152,0.494,0.589,0.478,0.088,0,0,0,0.012,0.002,0,0.013,0.021,0.116,0.016,0,0.064,0.01,0,0,0.013,0.009,0.008,0.108,0.03,0.201,0.253,0.36,0.104,0.095,0.167,0.159,0,0,0,0.014,0.016,0,0,0,0,0,0,0.006,0,0.043,0,0.007,0.013,0.055,0,0,0.182,0.419,0.717,0.488,0.317,0.025,0,0,0,0.103,0,0.031,0,0.04,0.016,0,0.002,0.032,0,0,0,0,0.02,0,0,0.004,0,0.104,0.077,0.524,0.837,0.717,0.358,0,0,0,0.062,0.015,0.077,0,0.07,0,0,0,0,0.083,0,0.049,0.047,0.052,0.03,0.096,0,0.072,0.093,0,0.15,0.309,0.524,0.504,0.247,0,0.043,0,0.078,0.088,0,0,0,0,0.007,0.023,0.054,0,0.032,0,0,0.161,0.286,0.449,0.269,0.258,0.332,0.362,0.106,0.081,0.273,0.197,0.048,0,0,0,0.028,0.025,0.019,0.023,0.022,0.017,0.059,0.085,0.002,0.023,0.032,0,0,0.405,0.704,0.766,0.345,0.432,0.743,0.679,0.416,0.025,0,0,0,0,0,0.013,0,0,0.045,0,0,0,0,0,0,0.002,0.012,0,0.034,0.433,0.755,0.788,0.489,0.468,0.686,0.729,0.444,0.025,0,0.068,0.029,0,0.029,0.061,0.007,0,0.011,0,0,0,0.077,0.005,0,0.036,0,0.029,0.064,0.149,0.451,0.357,0.324,0.213,0.411,0.393,0.172,0.072,0,0.005,0,0,0.022,0,0.031,0,0.094,0.03,0.007,0,0,0,0,0,0.1,0.09,0.011,0.121,0.129,0.148,0.014,0.024,0.162,0.092,0.008,0,0.035,0.019,0.014,0.044,0,0,0.036,0.063,0,0.087,0.023,0.026,0.031,0,0.032,0,0,0.028,0,0.028,0,0.044,0,0.121,0,0,0,0.048,0.041,0.072,0.061,0,0,0.009,0.029,0.006,0.055,0.028,0,0,0,0,0,0,0,0,0.081,0,0.02,0.025,0,0.05,0.006,0,0,0,0,0,0.066,0,0.043,0,0,0,0,0,0.04,0,0
0,0.031,0.046,0,0,0.016,0.049,0.091,0.005,0.273,0.403,0.409,0.164,0.332,0.471,0.229,0.403,0.338,0.287,0.205,0.004,0.053,0.034,0.021,0.025,0.108,0,0.078,0,0,0.009,0,0,0,0,0.026,0.158,0.532,0.713,0.767,0.306,0.643,0.816,0.493,0.513,0.785,0.662,0.31,0.04,0,0,0.009,0,0,0.037,0,0,0.039,0,0,0,0,0,0.026,0.076,0.53,0.727,0.675,0.42,0.732,0.694,0.507,0.394,0.777,0.735,0.496,0,0.064,0.082,0,0,0,0.066,0,0.022,0,0,0,0.043,0,0.195,0.267,0.14,0.256,0.414,0.295,0.233,0.339,0.463,0.262,0.259,0.437,0.34,0.147,0.214,0.197,0.16,0.012,0.006,0,0.005,0,0.027,0,0,0.005,0.012,0.216,0.589,0.693,0.441,0.081,0.058,0.075,0,0,0.076,0,0,0.133,0.084,0.27,0.534,0.672,0.377,0.14,0,0.055,0,0,0,0,0.022,0,0,0.358,0.589,0.937,0.622,0.119,0,0,0.105,0,0.071,0.019,0,0,0.028,0.325,0.753,0.865,0.601,0.184,0,0,0,0,0.075,0.06,0.013,0.02,0.005,0.163,0.582,0.576,0.445,0.132,0.006,0,0,0,0.053,0,0,0.035,0.038,0.209,0.423,0.669,0.386,0.035,0,0.013,0,0,0.063,0,0.006,0.05,0,0.137,0.498,0.441,0.285,0.063,0.081,0.052,0.006,0,0.032,0,0.313,0.466,0.336,0.191,0.435,0.462,0.357,0.009,0.031,0.076,0.001,0.08,0.042,0.022,0.073,0.078,0,0.281,0.702,0.838,0.463,0.161,0,0,0.002,0.056,0,0.217,0.434,0.918,0.75,0.311,0.681,0.83,0.464,0.151,0,0.006,0,0,0,0.039,0.048,0,0.005,0.34,0.695,0.743,0.585,0.227,0.035,0,0,0,0.075,0.205,0.432,0.763,0.637,0.314,0.687,0.767,0.504,0.046,0,0,0.008,0,0.012,0.005,0.034,0,0,0.097,0.34,0.491,0.32,0,0.126,0,0,0.227,0.3,0.149,0.285,0.461,0.324,0.226,0.362,0.488,0.284,0,0.045,0.028,0.043,0.035,0.043,0,0.01,0.037,0,0.142,0.544,0.618,0.454,0.089,0.003,0,0.265,0.619,0.722,0.397,0.07,0,0.042,0.366,0.6,0.685,0.462,0.131,0,0,0.078,0.075,0,0.074,0.019,0,0.003,0.373,0.727,0.855,0.537,0.128,0.054,0.01,0.326,0.715,0.897,0.512,0.155,0,0,0.381,0.812,0.961,0.579,0.25,0.025,0.04,0.064,0,0.072,0,0,0.14,0,0.244,0.508,0.576,0.399,0.018,0.1,0.148,0.292,0.597,0.593,0.419,0.112,0.013,0,0.368,0.57,0.584,0.366,0.055,0.031,0,0.007,0.033,0,0,0,0,0.07,0.082,0.403,0.413,0.43,0.361,0.449,0.423,0.129,0.139,0.285,0.118,0.046,0,0.072,0.111,0.412,0.46,0.374,0.035,0.009,0,0,0.056,0,0,0,0,0.069,0.229,0.665,0.849,0.53,0.437,0.796,0.756,0.357,0,0.048,0,0.094,0,0,0.382,0.674,0.788,0.427,0.099,0.06,0.045,0.056,0.074,0.019,0,0.08,0.006,0,0.402,0.631,0.893,0.528,0.54,0.693,0.62,0.362,0,0,0,0.169,0.014,0.021,0.301,0.712,0.799,0.427,0.131,0.088,0.014,0,0,0,0,0.002,0,0,0.138,0.416,0.338,0.153,0.24,0.368,0.381,0.179,0,0.014,0,0,0.025,0.006,0,0.384,0.384,0.245,0.064,0,0,0,0,0.003,0.064,0.005,0,0,0.32,0.607,0.705,0.52,0.153,0,0.051,0.014,0,0,0.015,0,0,0.056,0.17,0.56,0.659,0.414,0.099,0,0,0.02,0.029,0.047,0,0.003,0.007,0,0.321,0.819,0.953,0.547,0.16,0,0,0.054,0.065,0,0,0.071,0,0,0.322,0.797,0.933,0.541,0.034,0,0.039,0.046,0,0,0.001,0,0,0.02,0.168,0.355,0.6,0.435,0.065,0.076,0.174,0,0.086,0.154,0.035,0.125,0.118,0.002,0.274,0.614,0.587,0.453,0,0.014,0,0.042,0,0.025,0.018,0,0.001,0.005,0.031,0.06,0.198,0.075,0.287,0.539,0.449,0.2,0.406,0.521,0.377,0.298,0.445,0.437,0.282,0.174,0.219,0.144,0.027,0,0,0.045,0,0.023,0.021,0.049,0,0,0,0.062,0,0.151,0.467,0.802,0.708,0.372,0.726,0.796,0.47,0.531,0.947,0.724,0.421,0,0,0,0,0,0,0,0,0.013,0,0,0,0,0.032,0,0.017,0.087,0.474,0.707,0.542,0.275,0.532,0.725,0.497,0.469,0.755,0.633,0.344,0,0.017,0.086,0.021,0.005,0,0.008,0,0.067,0,0,0,0.07,0,0,0,0,0.178,0.35,0.376,0.034,0.385,0.426,0.216,0.232,0.358,0.352,0.081,0,0,0.048,0.061,0.019,0,0.034,0.017,0.035,0.026,0,0.032,0,0.078,0.069,0,0,0.044,0.027,0,0.032,0.004,0,0.028,0.018,0.014,0.064,0.052,0.062,0,0.002,0,0,0,0,0.02,0.042,0.014,0,0.011,0.048,0,0,0.025,0.022,0,0,0,0.001,0.034,0.009,0.056,0.052,0.002,0.009,0.033,0,0.019,0,0.011,0.042,0,0.036,0,0.055,0.035,0,0,0.024,0,0,0.033,0,0,0,0.013,0.101,0,0.007,0.092,0.038,0.039,0,0,0.034,0.01,0,0,0.046,0,0,0.074,0.048
1,0,0.014,0,0.062,0,0.038,0.018,0.061,0,0,0.105,0.31,0.709,0.847,0.593,0.199,0,0.024,0.06,0.003,0.124,0,0,0,0,0,0.031,0,0.053,0.038,0.001,0.011,0,0,0,0,0.072,0.074,0.016,0.234,0.525,0.741,0.535,0.168,0,0,0,0,0,0.06,0,0.013,0,0,0,0.073,0.026,0.089,0.056,0,0.051,0,0,0,0.111,0.285,0.126,0.009,0.265,0.283,0.199,0.041,0,0,0.009,0,0,0,0,0,0,0.048,0,0,0,0,0,0,0,0.016,0,0.202,0.521,0.6,0.53,0.251,0.563,0.592,0.415,0.152,0.119,0.067,0.081,0.027,0.005,0.026,0.032,0,0,0,0.045,0,0.028,0.127,0,0.028,0.017,0.012,0.003,0.28,0.641,0.921,0.48,0.345,0.708,0.921,0.604,0.2,0,0.064,0.01,0.075,0,0.02,0.067,0,0.015,0,0.021,0.052,0.101,0.012,0.027,0.01,0.03,0,0.042,0.171,0.621,0.566,0.515,0.289,0.477,0.646,0.405,0.183,0.055,0.069,0,0.037,0,0.016,0,0.038,0,0,0.094,0.055,0,0,0,0,0.018,0,0.003,0.097,0.297,0.276,0.148,0.077,0.174,0.349,0.259,0.027,0,0.045,0.022,0.021,0.006,0.02,0,0,0.001,0,0,0,0.024,0.005,0,0.046,0,0,0,0,0.05,0.015,0.045,0.211,0.514,0.602,0.464,0.012,0,0,0.008,0,0.065,0,0.033,0.041,0.011,0,0,0,0,0.046,0,0.035,0.029,0.038,0.006,0,0,0,0.132,0.34,0.647,0.892,0.535,0.191,0,0.049,0.012,0,0.035,0,0.021,0,0,0,0,0.033,0,0,0.082,0,0,0,0.004,0.05,0.009,0.025,0,0.272,0.511,0.709,0.436,0.038,0.028,0.063,0.037,0.014,0.043,0.003,0,0.027,0,0.039,0.03,0.011,0,0,0.038,0,0,0,0.052,0.003,0.083,0,0.016,0.035,0.215,0.222,0.139,0.002,0,0.085,0.017,0.105,0.03,0,0,0,0.016,0,0.007,0,0.075,0,0,0.066,0,0.018,0.09,0,0.021,0,0,0.271,0.57,0.696,0.404,0.085,0.044,0,0.022,0,0.065,0,0,0,0,0.041,0.014,0,0,0,0,0.003,0,0.071,0,0,0.045,0.04,0.002,0.368,0.736,0.949,0.566,0.191,0,0,0,0.021,0,0,0.055,0,0,0,0,0,0,0.064,0.05,0.007,0,0.034,0,0,0.048,0.001,0,0.132,0.534,0.555,0.364,0.179,0.099,0.006,0,0,0.015,0.034,0,0.072,0.025,0.068,0.004,0.005,0,0,0,0.069,0.006,0,0.014,0,0.022,0,0.007,0.013,0.156,0.223,0.186,0.011,0,0.014,0,0.001,0,0.043,0,0,0,0.058,0,0.029,0.1,0,0.018,0.049,0.006,0.009,0,0.008,0,0.078,0.032,0.222,0.497,0.726,0.41,0.034,0,0,0,0,0,0.013,0.022,0,0.08,0,0.033,0.053,0,0.055,0,0,0.012,0.001,0,0.105,0,0.018,0.043,0.301,0.679,0.865,0.568,0.21,0,0,0,0.036,0,0,0,0.062,0,0.044,0.009,0.037,0.023,0,0,0.014,0,0,0.034,0,0.055,0.063,0.07,0.22,0.535,0.516,0.403,0.057,0.001,0,0,0.051,0.108,0,0.02,0.016,0.015,0.054,0,0.078,0.05,0.003,0.029,0.005,0,0,0.018,0.007,0.039,0.02,0,0.071,0.207,0.355,0.253,0,0,0,0.033,0,0.004,0.062,0,0,0,0.066,0,0,0.047,0.023,0,0.033,0.063,0,0.074,0,0.064,0,0.023,0.234,0.673,0.706,0.502,0.092,0,0.041,0,0,0.04,0.025,0,0.018,0,0.003,0.028,0.137,0,0,0,0.155,0,0.022,0,0.073,0,0.027,0.017,0.4,0.738,0.875,0.531,0.187,0.005,0,0,0,0,0,0,0,0.026,0.019,0.059,0,0,0.1,0,0.039,0.008,0,0,0,0.033,0.02,0,0.201,0.451,0.562,0.394,0.143,0.036,0.012,0.029,0.081,0,0.098,0.036,0,0,0,0.056,0.034,0.042,0,0.025,0.005,0,0,0.02,0.006,0.308,0.275,0.267,0.102,0.31,0.313,0.289,0.18,0.387,0.401,0.169,0,0,0,0,0.004,0,0,0,0.1,0,0,0,0,0.085,0.072,0,0.251,0.527,0.731,0.509,0.357,0.562,0.757,0.561,0.251,0.566,0.705,0.423,0.086,0.052,0.039,0,0.008,0.043,0.016,0,0.089,0,0,0,0,0.106,0,0.02,0.277,0.592,0.875,0.616,0.378,0.716,0.946,0.579,0.272,0.734,0.889,0.555,0.079,0.032,0.024,0.002,0.102,0.005,0,0.053,0.017,0.097,0,0,0,0.051,0.02,0,0.212,0.494,0.594,0.427,0.124,0.471,0.472,0.326,0.168,0.524,0.534,0.375,0.115,0.021,0,0,0,0,0,0.023,0.036,0,0,0.018,0,0,0,0,0,0.174,0.204,0,0.046,0.029,0.188,0,0,0.173,0.133,0.049,0.012,0,0.008,0,0.012,0,0.033,0,0,0.078,0,0,0.001,0.048,0,0.023,0,0,0,0,0.027,0,0,0.017,0,0.086,0,0.043,0.019,0,0,0.085,0.076,0.013,0,0,0
2,0.039,0,0,0,0.054,0.142,0.446,0.827,0.663,0.258,0.424,0.569,0.66,0.301,0.505,0.768,0.597,0.359,0,0,0,0,0.067,0.037,0,0,0.019,0.005,0.035,0.095,0,0,0.004,0.08,0.482,0.818,0.732,0.477,0.488,0.856,0.707,0.395,0.509,0.839,0.657,0.317,0,0,0.038,0,0,0,0,0,0.056,0.003,0,0,0.012,0.07,0.085,0,0.268,0.484,0.46,0.265,0.229,0.521,0.486,0.083,0.342,0.435,0.357,0.219,0,0.107,0.075,0,0.027,0,0,0.054,0.028,0,0.064,0,0.242,0.425,0.422,0.141,0,0.094,0.046,0,0.029,0.179,0.147,0.04,0,0.033,0.087,0.006,0.384,0.478,0.354,0.074,0,0.065,0,0.026,0.072,0,0,0.137,0.381,0.755,0.805,0.426,0.071,0,0,0,0.017,0.013,0,0,0,0.007,0.015,0.193,0.579,0.838,0.462,0.161,0.024,0,0,0,0,0,0.048,0.129,0.35,0.842,0.759,0.491,0.059,0,0,0,0.009,0.035,0.056,0,0,0,0.002,0.32,0.6,0.826,0.486,0.187,0.116,0.127,0.013,0,0.038,0,0.034,0.032,0.248,0.405,0.454,0.155,0.051,0.007,0.037,0.027,0,0.089,0,0.006,0,0,0.048,0,0.344,0.47,0.396,0.153,0,0.12,0.002,0.059,0,0.074,0,0.003,0,0.143,0.06,0,0.037,0,0,0,0,0.025,0.004,0,0.038,0,0.067,0.214,0.413,0.438,0.391,0.086,0,0,0,0.015,0.053,0.04,0.005,0,0.066,0.015,0,0,0.045,0,0.063,0.068,0,0,0.014,0.051,0,0,0,0.305,0.582,0.902,0.567,0.184,0.03,0,0.113,0,0.022,0.024,0.043,0,0,0,0,0.068,0.023,0,0,0,0.054,0,0,0.043,0.027,0,0.008,0.222,0.619,0.824,0.555,0.273,0.062,0,0.038,0.002,0,0.028,0,0.016,0.085,0,0,0.082,0.033,0,0,0,0,0.044,0.014,0,0.116,0.225,0.11,0.106,0.211,0.421,0.304,0.092,0,0,0.052,0.023,0,0,0.106,0,0.016,0.019,0,0.011,0,0,0,0.042,0,0,0,0.144,0.345,0.567,0.537,0.168,0.045,0,0.078,0,0,0.019,0.014,0.011,0.001,0.031,0,0,0,0.022,0,0,0,0,0,0.008,0,0.103,0.147,0.268,0.625,1,0.666,0.371,0,0,0.02,0,0,0,0.011,0.045,0,0,0.101,0.037,0.083,0,0,0.05,0,0,0,0.064,0,0.097,0.101,0.158,0.468,0.79,0.602,0.282,0.033,0,0.085,0.004,0.028,0,0.025,0,0.024,0.068,0,0.045,0.051,0.025,0,0.087,0.008,0,0,0.099,0.196,0.274,0.164,0,0.277,0.399,0.248,0.025,0.075,0,0,0.009,0,0.037,0.09,0,0,0,0.008,0.019,0.03,0.053,0,0,0,0.012,0,0.137,0.321,0.574,0.508,0.224,0,0,0.06,0,0.043,0.123,0.025,0.019,0.024,0.056,0,0,0,0,0.068,0,0.033,0,0,0,0.033,0.013,0,0.095,0.492,0.922,0.744,0.441,0,0,0.036,0,0.075,0,0.015,0.051,0.025,0,0,0,0.024,0.028,0,0.078,0,0.007,0,0,0.027,0,0,0.028,0.511,0.774,0.559,0.314,0,0,0,0.019,0.025,0,0,0,0.004,0.007,0,0.09,0.03,0.124,0.089,0,0.028,0.002,0.031,0.005,0.102,0.223,0.282,0.116,0.167,0.254,0.238,0.112,0,0.085,0.037,0,0,0,0.047,0,0.061,0,0.015,0,0.006,0,0.059,0,0.048,0.016,0,0.054,0.41,0.588,0.559,0.271,0,0.063,0,0,0.086,0,0.046,0.022,0,0,0,0.041,0,0.016,0.009,0.029,0,0.002,0,0.023,0,0.014,0.028,0.174,0.493,0.82,0.766,0.449,0.038,0.061,0,0.071,0,0,0,0,0.023,0,0,0,0,0,0.004,0.036,0.034,0,0.121,0,0.078,0,0,0.018,0.35,0.549,0.575,0.293,0,0,0.069,0.018,0.01,0.017,0.024,0.022,0,0.019,0,0,0,0.002,0.071,0.029,0.052,0.048,0,0,0,0.266,0.246,0.115,0.148,0.188,0.313,0.135,0.119,0.277,0.264,0.098,0.214,0.317,0.23,0,0.251,0.299,0.141,0,0,0.026,0.11,0.048,0.081,0,0.042,0.008,0.418,0.598,0.511,0.416,0.433,0.653,0.612,0.321,0.394,0.683,0.643,0.267,0.46,0.62,0.629,0.258,0.514,0.598,0.474,0.274,0.058,0,0.008,0.048,0,0.091,0,0.112,0.367,0.781,0.865,0.307,0.485,0.799,0.792,0.382,0.564,0.917,0.722,0.27,0.593,1,0.691,0.292,0.664,0.96,0.576,0.18,0.011,0.005,0.081,0,0,0.002,0,0,0.331,0.552,0.471,0.359,0.409,0.555,0.408,0.342,0.348,0.635,0.486,0.286,0.353,0.598,0.399,0.251,0.438,0.654,0.475,0.191,0,0.065,0.065,0,0.053,0,0,0.015,0.041,0.191,0.251,0.101,0.012,0.196,0.202,0.07,0,0.254,0.164,0,0.119,0.166,0.249,0,0.034,0.219,0.122,0.008,0.002,0,0,0.004,0.034,0,0.035,0.02,0,0.052,0.051,0.062,0,0.032,0.009,0,0,0,0.099,0.015,0,0,0.03,0.014,0,0.093,0,0.026,0.007,0,0.011,0,0,0
3,0.13,0.047,0.058,0.002,0.413,0.698,0.866,0.5,0.579,0.888,0.664,0.39,0.812,0.838,0.553,0.563,0.882,0.786,0.247,0.715,0.834,0.602,0.207,0.043,0,0.016,0.048,0.028,0,0.064,0,0,0.394,0.502,0.758,0.34,0.555,0.642,0.572,0.298,0.566,0.64,0.527,0.437,0.637,0.633,0.261,0.569,0.735,0.448,0.164,0,0.045,0,0,0,0.099,0.038,0,0,0.103,0.315,0.357,0.164,0.203,0.308,0.256,0.16,0.396,0.266,0.163,0.215,0.433,0.182,0.087,0.258,0.327,0.151,0,0,0.025,0.07,0.063,0,0.001,0,0,0,0,0.025,0,0,0.025,0,0,0.062,0,0,0.037,0.485,0.673,0.603,0.291,0,0.004,0,0.056,0.091,0.043,0,0,0.012,0.007,0,0.054,0,0,0.023,0,0,0.091,0.004,0,0.053,0,0.018,0.311,0.524,0.941,0.708,0.294,0,0,0,0,0,0.006,0.038,0.079,0,0.043,0,0,0,0,0,0.061,0.059,0.033,0,0,0.005,0.123,0.173,0.073,0.381,0.512,0.348,0.222,0.057,0,0,0.004,0,0.014,0.05,0.027,0.056,0,0.01,0,0,0.008,0.06,0,0.022,0.015,0.003,0,0.282,0.524,0.459,0.288,0.083,0.244,0.118,0,0,0,0.117,0,0,0.06,0.083,0,0.077,0.096,0,0,0.036,0.041,0,0,0.01,0,0,0.029,0.478,0.687,0.855,0.543,0.145,0,0,0.006,0.017,0,0,0.018,0.024,0,0,0,0,0,0,0,0,0.039,0.025,0,0,0,0.055,0,0.238,0.612,0.676,0.483,0,0,0,0,0.021,0,0,0.005,0,0,0,0,0.024,0.01,0.095,0,0,0.028,0.019,0,0.04,0,0.018,0,0.172,0.36,0.333,0.197,0.188,0.312,0.223,0.068,0,0.025,0.005,0.079,0.001,0,0.051,0,0.026,0.017,0,0,0.064,0,0.097,0.032,0.054,0.051,0.063,0,0,0.048,0,0.112,0.558,0.694,0.585,0.213,0,0,0,0,0,0.036,0,0.014,0.081,0,0,0.044,0,0,0,0,0.015,0.02,0,0.034,0,0,0.067,0.158,0.602,0.941,0.708,0.34,0,0.085,0.062,0,0.001,0,0.102,0.023,0.038,0.003,0,0.057,0.047,0.073,0,0.022,0,0.004,0,0,0.041,0,0,0.099,0.405,0.556,0.394,0.117,0.039,0.104,0.034,0.038,0,0,0,0,0,0,0,0.015,0,0,0,0,0,0,0.017,0.084,0,0.04,0.023,0.002,0.066,0.197,0.153,0.225,0.446,0.58,0.399,0,0,0.004,0,0,0.044,0,0.139,0.034,0.051,0.006,0.042,0,0.015,0.032,0,0,0,0.112,0.112,0.017,0.099,0.052,0.005,0.281,0.661,0.858,0.584,0.152,0,0.065,0.048,0.026,0.031,0.029,0,0,0,0.084,0,0,0.012,0,0.023,0,0.009,0,0.011,0.117,0,0.055,0.03,0.308,0.65,0.762,0.479,0.057,0.044,0.028,0.031,0.055,0.091,0.091,0,0,0,0.128,0.26,0.263,0.151,0.01,0.043,0.055,0,0.029,0,0.057,0,0.025,0,0.146,0.234,0.334,0.225,0,0.016,0,0.028,0.035,0,0,0.005,0,0,0.302,0.537,0.577,0.47,0,0.198,0.093,0,0.07,0.014,0,0,0,0.072,0.229,0.542,0.644,0.492,0.087,0.012,0.006,0.012,0.06,0.044,0.092,0.021,0,0.092,0.467,0.834,0.808,0.425,0.124,0,0,0,0.044,0,0,0,0,0,0.406,0.726,0.876,0.465,0.202,0.067,0.027,0.065,0.04,0,0.001,0.063,0.039,0.003,0.343,0.519,0.565,0.371,0.033,0.113,0.034,0,0.065,0.124,0,0.104,0.137,0.042,0.212,0.449,0.514,0.392,0.115,0,0,0.126,0,0,0,0.043,0,0,0.049,0.171,0.163,0.075,0.345,0.572,0.474,0.191,0.373,0.52,0.256,0.345,0.464,0.413,0.211,0.15,0.229,0.137,0.001,0,0.01,0,0.078,0,0.12,0,0.029,0,0.025,0.023,0.07,0.212,0.539,0.887,0.623,0.329,0.746,0.946,0.502,0.558,0.857,0.686,0.318,0,0,0,0.037,0,0,0,0.058,0.048,0.042,0.048,0.023,0,0,0.05,0,0.188,0.515,0.891,0.586,0.336,0.651,0.691,0.448,0.454,0.763,0.589,0.356,0,0,0,0.001,0,0,0,0,0,0,0.04,0.06,0.022,0,0,0,0,0.3,0.403,0.292,0.148,0.372,0.495,0.144,0.275,0.411,0.324,0.061,0,0,0,0.085,0,0.085,0.096,0,0.096,0,0.019,0.048,0,0,0.056,0,0.061,0.051,0,0,0,0.088,0,0.051,0.024,0.049,0,0.023,0,0,0.024,0,0,0,0,0.004,0,0,0,0.021,0,0,0,0,0.048,0,0,0.092,0,0,0.013,0.089,0,0,0,0.029,0.015,0,0,0.054,0,0,0,0.016,0.009,0,0.091,0,0.035,0.001,0,0,0,0.104,0,0.066,0.095,0.07,0.02,0.029,0,0,0.033,0,0,0.034,0.031,0.018,0,0.073,0.06,0.027,0,0.017,0.037,0.03,0,0.096,0,0.059,0,0,0,0,0.018,0,0,0.058,0.049,0.008,0,0,0,0.003,0.066,0.018,0.009,0,0.026,0.043,0
4,0.059,0.05,0,0,0.024,0.149,0.037,0.033,0,0.021,0,0.048,0,0.301,0.549,0.642,0.5,0.121,0.027,0.042,0.074,0,0.016,0.071,0.047,0.041,0,0,0.032,0.054,0.013,0.002,0,0,0,0,0.006,0,0,0.002,0.094,0.264,0.734,0.923,0.518,0.214,0.058,0,0,0,0,0,0.069,0,0.005,0,0.028,0.033,0,0.017,0,0,0,0.062,0.045,0,0,0.206,0.222,0.098,0.448,0.582,0.276,0.032,0,0,0,0.023,0.029,0.006,0.013,0,0,0,0,0.126,0.079,0.007,0,0.027,0,0,0.036,0.002,0.33,0.576,0.517,0.195,0.409,0.494,0.362,0.1,0,0,0,0.011,0,0,0,0,0,0.063,0,0.033,0,0.039,0,0,0.012,0.071,0.186,0.054,0.471,0.854,0.788,0.396,0.701,0.903,0.649,0.269,0,0.033,0,0.084,0,0,0,0,0,0.002,0,0,0,0.003,0,0.057,0,0,0.002,0.043,0.498,0.697,0.571,0.375,0.581,0.761,0.596,0.19,0.084,0.083,0,0.016,0,0,0,0,0,0,0.088,0.014,0.039,0,0.014,0,0.034,0.242,0.304,0.243,0.241,0.344,0.4,0.142,0.19,0.291,0.221,0.112,0,0,0,0.014,0.116,0.004,0,0.014,0,0,0.045,0.009,0,0.018,0,0.075,0.118,0.477,0.707,0.5,0.115,0,0,0.258,0.52,0.688,0.412,0.177,0.034,0,0.009,0,0,0,0,0,0.021,0,0.152,0.009,0,0.041,0,0,0.392,0.786,0.863,0.515,0.233,0.011,0.049,0.374,0.591,0.994,0.592,0.271,0,0,0,0.049,0.026,0,0,0.014,0.027,0.036,0.02,0.039,0,0,0.085,0.038,0.26,0.506,0.608,0.435,0.089,0.03,0.038,0.144,0.437,0.596,0.462,0.152,0,0.024,0.013,0,0,0,0,0.037,0.024,0.006,0,0,0,0.351,0.513,0.481,0.209,0.224,0.148,0.068,0,0.007,0.09,0.106,0.507,0.516,0.355,0.034,0,0.002,0.017,0,0.03,0,0,0,0.043,0,0.07,0.027,0.139,0.48,0.85,0.765,0.285,0.003,0,0,0,0.019,0,0.24,0.628,0.945,0.583,0.29,0.047,0,0.052,0.007,0.003,0,0,0.022,0.006,0.032,0,0.007,0.053,0.436,0.691,0.753,0.395,0.076,0.028,0.089,0.023,0.046,0.191,0.261,0.643,0.774,0.543,0.175,0.077,0,0.046,0.029,0,0.108,0,0.001,0.021,0.028,0,0.055,0.099,0.184,0.415,0.369,0.122,0.123,0.317,0.173,0.137,0.247,0.287,0.143,0.369,0.383,0.224,0.118,0.198,0.318,0.142,0.019,0.04,0.109,0.002,0,0,0,0,0.026,0.053,0.409,0.693,0.59,0.314,0.562,0.614,0.42,0.479,0.686,0.477,0.346,0.527,0.62,0.509,0.407,0.618,0.629,0.326,0.002,0.068,0.013,0,0.07,0,0,0,0.061,0.055,0.583,0.834,0.777,0.33,0.727,0.892,0.519,0.425,0.842,0.754,0.425,0.686,0.86,0.629,0.417,0.821,0.766,0.386,0.051,0.057,0.02,0.018,0,0.044,0,0.069,0,0.01,0.345,0.574,0.54,0.248,0.576,0.666,0.433,0.317,0.592,0.485,0.288,0.479,0.546,0.482,0.349,0.615,0.541,0.311,0,0,0.057,0.047,0,0.005,0,0.046,0.098,0.013,0.103,0.16,0.225,0.039,0.156,0.222,0.147,0.123,0.186,0.207,0.129,0.304,0.372,0.339,0.076,0.143,0.2,0.015,0.013,0,0.009,0,0.031,0.114,0,0.024,0,0.053,0.029,0.041,0,0,0,0.056,0.049,0.103,0,0,0.319,0.599,0.784,0.555,0.165,0.016,0,0.044,0,0.013,0.026,0,0.007,0.031,0,0.011,0,0.021,0,0.007,0.008,0.018,0,0,0.052,0,0.098,0,0.27,0.517,0.774,0.572,0.206,0,0.008,0.097,0,0,0.048,0.034,0.016,0,0.009,0,0,0.03,0.004,0.026,0.023,0.061,0,0.072,0.008,0.005,0.105,0,0.102,0.301,0.461,0.287,0,0.04,0,0.039,0,0,0.022,0,0.091,0,0.047,0.031,0.066,0.011,0.054,0,0.008,0,0.084,0.038,0.021,0.06,0.002,0,0.151,0.48,0.654,0.36,0.133,0,0,0.053,0,0.075,0.039,0.023,0,0,0.018,0.006,0.013,0,0,0.043,0.081,0.109,0,0.025,0,0,0.026,0,0.336,0.635,0.967,0.605,0.203,0.051,0,0.045,0.019,0.106,0.006,0,0,0,0.005,0.001,0.033,0,0.097,0,0,0,0,0.085,0.066,0,0,0.062,0.223,0.568,0.736,0.429,0.119,0.03,0.046,0,0.001,0,0,0.058,0.007,0,0.059,0.026,0,0,0,0,0,0.06,0,0.008,0,0,0,0.078,0,0.177,0.332,0.242,0,0,0.103,0.002,0.034,0,0,0.026,0.054,0.03,0,0.012,0,0.043,0,0.026,0.017,0.089,0,0.002,0.045,0.03,0,0.028,0,0,0.091,0,0.006,0.092,0,0,0,0.057,0.039,0,0,0.029,0,0.043,0,0.053,0.052,0,0,0,0,0.029,0,0,0,0,0,0,0.015,0.013,0,0,0.052,0,0.003,0,0,0.009,0.043,0,0.004,0.043,0,0.109,0,0.069,0.04,0,0,0,0.005,0.099,0.056,0,0,0.041,0,0.023,0.005,0.035,0,0,0.003,0,0,0.079,0.033,0.042,0
5,0,0.034,0.005,0.384,0.834,0.876,0.456,0.405,0.821,0.765,0.44,0.448,0.867,0.782,0.379,0.518,0.923,0.649,0.308,0.506,0.962,0.588,0.357,0,0,0,0,0.015,0,0.017,0.059,0.358,0.578,0.708,0.406,0.259,0.649,0.754,0.405,0.403,0.638,0.697,0.378,0.482,0.685,0.582,0.268,0.441,0.725,0.595,0.229,0,0,0.02,0,0,0.079,0,0,0.163,0.324,0.325,0.188,0.162,0.31,0.293,0.108,0.114,0.207,0.366,0.09,0.231,0.274,0.221,0.061,0.15,0.368,0.285,0.056,0.076,0.089,0,0.016,0.038,0,0,0.027,0.378,0.559,0.498,0.294,0.006,0.085,0,0,0.005,0,0.092,0,0,0,0.036,0.088,0.002,0.03,0.003,0.11,0,0.054,0.077,0,0.046,0,0.028,0.083,0.434,0.787,0.757,0.484,0.036,0,0,0.068,0,0,0,0.006,0,0.074,0.062,0,0.044,0,0,0,0.003,0.035,0,0.024,0.039,0.035,0,0.011,0.324,0.577,0.586,0.362,0,0,0,0,0.075,0,0.044,0.045,0,0,0,0.063,0.042,0,0,0,0.093,0.139,0,0,0.019,0,0,0,0.094,0.218,0.251,0.108,0.15,0.202,0.239,0.103,0.091,0.27,0.248,0.024,0.125,0.199,0.264,0,0.052,0.021,0.033,0.038,0,0.057,0.011,0.065,0.069,0.02,0,0,0.293,0.6,0.554,0.318,0.439,0.541,0.594,0.34,0.416,0.667,0.52,0.257,0.374,0.591,0.51,0.273,0,0.051,0,0,0.049,0.015,0.13,0,0.034,0,0.053,0.026,0.528,0.752,0.847,0.451,0.539,0.823,0.835,0.431,0.5,0.829,0.759,0.429,0.493,0.839,0.797,0.384,0.004,0,0,0,0,0,0.157,0.04,0,0,0.067,0,0.45,0.645,0.629,0.333,0.297,0.583,0.551,0.321,0.359,0.696,0.487,0.34,0.4,0.648,0.615,0.251,0,0.131,0,0,0.041,0,0.029,0,0.023,0,0.055,0,0.037,0.238,0.29,0.043,0.098,0.224,0.22,0.04,0.116,0.216,0.303,0.036,0.142,0.22,0.228,0.112,0.214,0.19,0.181,0.016,0.009,0,0.032,0,0,0,0.06,0,0.071,0.08,0,0,0.019,0,0,0,0.122,0.077,0,0.125,0.055,0,0.021,0.112,0.341,0.607,0.534,0.263,0.066,0.08,0.002,0.06,0,0,0.096,0,0,0.084,0.021,0,0.059,0,0,0,0,0,0.107,0,0,0,0,0.179,0.516,0.897,0.669,0.369,0.017,0,0.061,0,0.026,0.039,0,0,0,0,0,0,0,0.053,0.01,0.004,0,0,0.035,0.072,0.006,0.014,0.09,0.106,0.375,0.603,0.477,0.252,0,0,0.003,0.071,0,0,0,0.035,0.055,0,0,0.006,0,0.044,0,0,0,0.006,0.062,0.008,0.037,0,0.026,0.048,0.225,0.301,0.246,0,0.053,0.04,0.057,0,0,0.062,0.015,0,0,0,0,0,0.005,0,0,0,0.015,0,0,0,0,0.085,0,0.117,0.358,0.699,0.478,0.295,0.061,0,0.137,0.025,0,0,0.045,0,0.004,0.027,0,0.106,0,0,0,0.037,0,0.035,0.009,0.032,0.074,0,0,0.22,0.642,0.97,0.722,0.35,0,0,0,0.019,0.04,0.035,0.008,0,0,0,0.01,0.041,0.039,0,0,0.028,0,0,0,0.001,0,0,0,0.184,0.47,0.494,0.526,0.235,0.066,0,0.027,0.076,0.008,0,0.023,0.031,0.078,0.337,0.411,0.051,0,0.025,0,0,0.1,0,0,0,0,0.002,0,0.022,0.238,0.263,0.408,0,0.033,0.021,0,0.029,0,0.084,0.019,0.109,0.356,0.647,0.611,0.274,0.029,0,0.015,0,0.06,0.038,0,0,0,0.1,0,0.096,0.443,0.735,0.598,0.322,0.035,0,0.002,0,0.054,0,0.019,0.037,0.491,0.907,0.728,0.383,0.131,0.014,0,0,0,0.039,0.066,0,0,0,0.005,0.256,0.487,0.935,0.709,0.335,0.075,0.011,0.004,0,0.017,0.045,0,0.057,0.124,0.485,0.419,0.319,0,0.013,0,0,0,0.023,0.031,0.034,0,0,0,0.046,0.423,0.565,0.515,0.163,0.082,0.049,0,0,0,0,0,0,0,0.142,0.167,0.093,0.213,0.411,0.392,0.171,0.168,0.287,0.364,0.048,0.198,0.371,0.293,0.081,0.034,0.088,0.146,0,0,0,0,0,0,0.062,0,0.071,0,0,0.106,0.143,0.401,0.813,0.654,0.332,0.41,0.604,0.678,0.24,0.421,0.751,0.578,0.313,0,0,0.02,0,0,0,0.079,0.013,0,0.025,0,0.018,0.079,0,0.094,0.212,0.379,0.828,0.692,0.406,0.589,0.824,0.71,0.287,0.476,0.912,0.756,0.349,0.054,0.011,0.028,0.093,0.011,0.118,0.071,0,0,0.034,0.018,0.024,0.067,0,0.019,0.008,0.34,0.506,0.409,0.184,0.311,0.453,0.437,0.182,0.417,0.578,0.359,0.087,0.006,0.021,0.097,0,0,0.1,0.026,0.042,0.098,0,0.003,0.004,0,0,0.05,0,0.007,0.195,0.088,0.023,0.018,0.165,0.087,0.034,0,0.095,0.11,0.077,0.01,0,0,0.059,0,0.002,0.01,0.068,0,0,0.011,0.006,0,0,0,0,0,0.013,0,0,0,0,0.025,0,0.021,0,0.013,0.023,0,0,0,0,0.052,0,0,0,0.005
6,0.013,0,0,0,0,0.054,0,0.005,0.124,0.006,0.342,0.832,0.816,0.563,0.448,0.871,0.798,0.4,0.009,0,0,0,0.048,0.028,0.019,0,0.076,0.033,0,0,0.032,0.073,0.021,0,0,0,0,0,0.22,0.594,0.585,0.387,0.442,0.716,0.513,0.349,0.011,0.107,0,0,0.001,0,0.023,0,0.019,0,0,0.008,0.055,0.084,0,0,0.017,0.242,0.297,0.257,0.052,0.282,0.296,0.266,0.187,0.287,0.286,0.052,0.036,0,0.026,0,0.023,0,0.019,0.096,0,0.001,0.039,0.017,0.025,0.044,0.05,0.077,0.298,0.459,0.664,0.55,0.306,0.053,0,0.023,0,0,0,0.067,0.002,0,0,0.006,0.113,0.023,0,0,0.041,0.019,0.037,0,0.051,0.008,0.001,0.014,0.227,0.592,0.956,0.644,0.242,0.027,0,0.038,0,0.004,0,0,0.048,0.021,0,0,0.021,0,0.03,0,0.051,0,0.011,0.071,0.056,0.047,0.019,0.036,0.094,0.354,0.636,0.421,0.136,0.031,0.077,0,0,0.027,0,0,0.014,0.024,0,0.014,0,0,0.049,0,0.049,0.11,0,0.044,0,0.338,0.313,0.443,0.216,0.058,0.15,0.165,0,0.062,0.027,0.041,0.031,0,0.004,0.017,0,0,0,0,0.05,0.043,0,0.047,0,0.058,0.017,0,0.041,0.413,0.852,0.726,0.452,0.035,0,0.032,0.055,0.032,0,0.041,0,0.12,0,0,0,0.026,0.058,0.036,0.039,0.071,0.055,0,0.017,0.016,0.015,0.011,0.067,0.448,0.816,0.746,0.385,0.045,0,0.096,0.037,0.053,0.013,0,0,0,0.084,0,0.019,0,0.006,0.087,0.094,0.047,0,0.09,0.08,0,0.038,0,0,0.243,0.384,0.446,0.172,0.078,0.207,0.078,0,0.257,0.153,0.057,0.039,0.294,0.184,0,0,0.13,0,0.015,0.016,0.02,0.057,0,0,0.009,0.002,0.025,0,0.327,0.488,0.606,0.286,0.424,0.605,0.522,0.164,0.496,0.587,0.357,0.407,0.584,0.549,0.34,0,0.043,0.128,0,0,0,0,0,0.02,0.081,0,0,0.105,0.411,0.791,0.778,0.432,0.688,0.985,0.667,0.314,0.724,0.889,0.473,0.481,0.888,0.776,0.436,0.088,0,0,0,0,0.039,0.006,0.021,0,0.075,0.008,0,0.008,0.411,0.596,0.677,0.306,0.434,0.682,0.509,0.238,0.616,0.595,0.393,0.325,0.707,0.575,0.302,0,0,0.002,0.034,0.091,0.115,0,0,0,0,0,0,0.078,0.251,0.309,0.228,0.119,0.232,0.354,0.3,0.091,0.204,0.191,0.195,0,0.293,0.354,0.038,0.255,0.251,0.194,0.041,0,0,0.001,0,0,0,0.082,0,0.064,0.541,0.618,0.605,0.452,0.046,0.02,0,0,0,0.07,0.074,0.024,0,0.032,0.209,0.54,0.747,0.485,0.277,0,0.023,0,0.017,0,0.031,0,0.059,0.012,0.495,0.834,0.779,0.406,0.046,0,0,0.008,0.02,0.009,0.043,0,0,0,0.234,0.657,0.873,0.75,0.202,0,0,0,0,0,0,0,0,0.001,0.238,0.538,0.509,0.243,0.016,0,0.022,0.015,0.045,0,0,0.114,0.072,0.102,0.16,0.349,0.559,0.514,0.1,0.012,0.038,0.065,0.034,0,0.005,0.08,0,0.073,0.245,0.43,0.373,0.223,0,0,0.053,0,0.057,0,0,0,0.061,0,0,0.371,0.527,0.408,0.094,0,0.079,0,0.014,0.031,0.053,0,0.027,0.171,0.499,0.793,0.771,0.379,0.035,0,0,0,0.018,0,0,0.006,0.052,0.047,0.136,0.606,0.888,0.643,0.163,0.046,0,0,0.044,0.007,0,0.108,0.031,0,0.409,0.732,0.616,0.346,0,0,0.061,0,0.029,0,0.012,0.048,0,0.007,0.278,0.557,0.749,0.502,0.202,0,0,0,0,0.01,0.042,0,0.021,0.027,0.234,0.439,0.279,0.167,0.197,0.18,0.138,0.039,0.213,0.167,0.144,0.126,0.257,0.229,0.053,0.279,0.457,0.392,0.064,0.056,0,0,0,0.055,0.003,0,0.042,0,0,0,0.017,0.19,0.421,0.544,0.353,0.281,0.505,0.569,0.351,0.422,0.602,0.506,0.295,0.015,0,0.022,0.064,0,0.039,0.024,0.025,0.022,0,0,0,0.04,0.047,0.049,0,0.276,0.588,1,0.724,0.404,0.621,0.93,0.548,0.434,0.837,0.74,0.312,0,0,0.036,0.05,0.089,0.02,0.026,0.086,0.03,0,0.003,0,0,0.024,0,0.056,0.178,0.472,0.637,0.393,0.292,0.578,0.622,0.458,0.345,0.584,0.62,0.302,0,0,0,0.079,0,0,0.033,0.003,0.098,0.005,0,0.049,0,0,0,0,0.001,0.216,0.277,0.236,0.081,0.267,0.336,0.142,0.155,0.266,0.305,0.059,0.02,0.023,0,0.027,0.001,0.008,0,0,0,0.046,0.013,0.033,0,0,0.015,0,0,0,0.045,0,0.036,0,0.028,0,0,0.065,0,0.017,0,0.002,0.031,0.07,0.006,0.051,0,0.012,0.075,0,0.013,0,0.039,0,0,0.084,0,0.073,0,0.043,0.007,0.105,0,0,0.038,0.023,0,0,0,0,0.079,0,0.029,0.025,0.011,0.037,0.085,0,0,0,0,0.015,0,0,0.035,0,0.041,0.113,0.034,0.016,0.016,0.02,0,0,0,0.036,0,0,0,0.041,0,0,0,0,0,0.145
7,0,0.016,0.247,0.598,0.757,0.548,0.236,0.501,0.73,0.48,0.351,0.643,0.671,0.423,0.466,0.766,0.726,0.395,0.443,0.72,0.621,0.318,0,0.009,0,0,0,0.022,0,0.03,0.128,0.3,0.392,0.131,0.03,0.32,0.388,0.138,0.084,0.295,0.423,0.138,0.313,0.338,0.316,0.142,0.17,0.317,0.269,0.176,0.02,0.097,0.059,0.006,0,0.046,0,0,0,0.019,0,0.018,0.015,0,0,0.017,0.068,0,0,0.03,0.038,0,0.078,0.032,0.328,0.538,0.481,0.223,0,0.07,0.101,0,0,0.048,0,0.097,0,0,0,0,0,0,0.037,0.034,0,0.087,0,0.059,0,0,0,0.121,0.402,0.865,0.693,0.342,0.079,0,0.01,0,0,0,0.012,0.059,0,0.056,0.014,0,0.048,0.011,0.019,0.028,0.061,0,0.065,0.007,0,0.103,0.008,0.029,0.36,0.755,0.5,0.278,0.001,0.009,0,0,0,0.04,0,0,0.095,0.092,0,0.05,0,0.038,0,0,0.091,0,0,0,0.041,0.239,0.257,0.129,0.107,0.287,0.302,0.119,0,0.049,0.049,0.091,0.034,0,0,0,0,0.083,0.04,0,0,0,0,0.007,0.047,0.048,0.013,0.046,0.316,0.615,0.6,0.393,0,0.051,0,0,0.009,0,0,0,0,0.086,0.008,0.011,0.015,0,0.033,0,0.047,0,0.036,0,0.011,0.065,0.022,0.1,0.394,0.794,0.823,0.33,0,0.021,0,0.074,0.023,0,0.018,0.022,0.057,0,0.02,0,0.023,0,0.009,0.062,0,0,0.013,0.03,0.062,0,0.013,0,0.317,0.555,0.61,0.293,0,0.069,0.033,0.022,0,0,0,0,0.002,0,0.02,0,0.038,0.031,0,0.035,0,0.051,0,0.047,0.067,0.338,0.325,0.177,0.021,0.196,0.178,0.09,0.056,0,0.021,0.029,0.046,0.002,0.004,0.09,0,0.004,0.03,0,0.059,0.007,0.016,0,0.057,0.012,0,0.089,0.345,0.564,0.724,0.391,0.036,0.023,0,0.009,0.029,0,0,0.052,0.102,0.128,0,0.028,0.069,0.08,0.015,0,0.016,0,0,0.066,0.019,0,0,0.037,0.356,0.759,0.739,0.417,0.107,0,0,0,0.121,0.058,0,0,0.005,0,0,0,0,0.042,0,0.034,0.02,0,0.032,0.022,0.031,0.041,0.012,0.003,0.114,0.455,0.578,0.345,0.103,0,0.099,0.002,0.035,0,0,0.027,0,0,0,0.001,0,0.076,0,0.022,0,0.042,0,0,0.145,0.308,0.369,0.274,0,0.125,0.139,0.099,0,0.005,0.095,0,0.028,0.021,0.08,0.106,0.041,0,0,0,0,0.022,0.038,0,0.057,0,0,0,0.262,0.505,0.711,0.501,0.162,0,0,0.05,0,0,0,0.052,0,0.023,0,0.007,0.067,0,0,0,0,0,0,0.04,0,0,0.016,0,0.217,0.687,0.793,0.573,0.204,0.069,0.032,0,0,0.018,0,0.044,0,0.027,0,0,0.022,0.062,0,0,0.003,0,0.064,0.045,0.032,0,0,0.045,0.183,0.41,0.494,0.329,0,0.002,0,0.045,0.04,0,0,0,0.088,0.002,0.017,0.005,0,0,0,0,0,0.067,0.059,0,0.075,0,0.078,0.067,0.157,0.345,0.461,0.292,0.025,0,0,0.044,0,0.013,0,0.1,0,0.01,0.065,0.021,0,0,0,0.09,0.018,0,0.041,0,0.068,0.014,0.062,0.102,0.226,0.616,0.756,0.434,0.094,0,0,0,0.006,0,0,0.004,0,0,0,0.039,0.003,0.039,0.023,0.069,0.003,0.065,0,0.025,0,0.04,0,0,0.338,0.635,0.838,0.534,0.122,0.04,0,0,0,0,0,0.002,0.075,0,0.039,0,0,0.015,0,0.05,0,0,0,0,0,0.031,0,0.027,0.09,0.367,0.554,0.254,0.01,0,0,0.024,0.019,0.034,0,0,0,0,0,0,0.038,0.088,0,0,0,0,0,0,0,0.02,0,0,0.128,0.452,0.482,0.404,0,0,0.05,0.024,0,0,0,0.011,0,0.028,0,0,0.007,0,0,0.001,0.065,0.036,0.05,0,0.02,0,0.011,0,0.373,0.693,0.851,0.517,0.261,0,0,0,0.022,0,0.011,0.031,0,0.027,0,0,0.019,0,0.001,0,0.034,0,0.074,0.041,0.028,0,0,0.04,0.267,0.584,0.732,0.385,0.179,0,0.008,0.057,0.027,0,0.056,0.002,0.05,0,0.006,0.005,0,0.039,0,0,0,0.045,0,0,0,0.038,0.009,0.077,0.073,0.314,0.392,0.247,0,0.008,0,0,0,0.019,0.059,0,0,0,0,0.052,0,0.002,0.02,0,0,0,0.087,0,0,0.015,0.051,0,0,0,0.023,0.081,0,0.017,0.011,0.012,0,0,0,0.048,0,0.029,0,0,0.055,0.027,0,0.122,0,0.055,0,0.035,0.032,0,0.079,0,0,0.096,0.04,0.118,0.022,0.009,0,0,0,0,0,0.069,0.035,0,0.024,0.105,0,0,0.046,0.104,0.003,0.055,0,0.028,0.029,0.009,0,0.009,0,0,0,0.071,0,0.021,0.121,0,0,0,0.039,0.056,0.03,0.02,0.041,0.035,0,0,0,0,0,0
8,0,0,0,0.004,0,0,0.024,0.14,0.476,0.963,0.696,0.405,0.685,0.871,0.584,0.319,0.822,0.824,0.477,0.058,0.089,0.009,0,0,0,0.045,0,0.004,0,0.024,0.017,0,0.042,0.07,0,0.08,0.484,0.571,0.386,0.215,0.438,0.578,0.356,0.335,0.501,0.549,0.277,0.003,0,0.067,0,0.053,0,0,0.084,0.009,0.038,0,0.028,0.017,0.146,0.505,0.434,0.205,0.089,0.171,0.146,0,0.159,0.172,0.164,0,0.173,0.186,0.024,0.329,0.412,0.336,0.114,0.014,0,0,0.12,0,0.016,0,0.06,0.057,0.364,0.713,0.709,0.394,0.087,0,0,0.057,0,0.022,0,0,0.041,0.067,0.143,0.423,0.887,0.675,0.298,0.088,0.041,0.011,0,0.01,0.113,0,0,0.129,0.495,0.704,0.807,0.352,0,0,0.063,0,0,0,0,0.04,0.064,0.007,0.123,0.538,0.846,0.65,0.288,0,0.032,0,0.021,0.036,0.042,0,0.083,0.09,0.254,0.397,0.392,0.173,0,0.04,0.004,0.06,0,0,0,0,0.061,0.027,0.005,0.353,0.443,0.413,0.157,0.038,0,0,0.052,0,0.065,0,0,0,0.245,0.512,0.515,0.315,0,0,0,0,0,0.007,0,0,0.045,0.074,0.017,0.444,0.574,0.548,0.182,0,0.1,0,0,0.077,0.019,0.063,0,0.201,0.474,0.761,0.745,0.327,0.069,0.05,0.021,0.013,0.008,0,0,0.022,0.046,0.015,0.134,0.552,0.878,0.716,0.356,0,0,0,0.057,0.036,0.05,0.052,0.005,0,0.407,0.672,0.684,0.48,0,0.06,0,0.003,0.068,0,0,0,0,0,0,0.509,0.658,0.569,0.25,0,0.017,0.053,0.026,0.083,0,0,0,0.014,0.227,0.382,0.357,0.162,0.077,0.31,0.227,0.044,0.179,0.333,0.108,0.091,0.294,0.282,0.107,0.124,0.431,0.304,0.11,0.071,0,0.025,0,0.064,0,0.027,0.036,0,0.117,0.053,0,0.12,0.481,0.679,0.524,0.263,0.51,0.619,0.539,0.227,0.566,0.771,0.272,0.01,0.04,0,0,0,0,0.016,0.031,0,0,0.019,0.023,0.017,0,0,0.015,0.174,0.588,0.945,0.668,0.347,0.657,0.886,0.552,0.445,0.803,0.844,0.612,0.195,0,0.095,0.006,0.018,0.093,0,0,0,0.075,0.025,0,0.058,0.008,0.042,0.046,0.063,0.468,0.563,0.613,0.215,0.471,0.615,0.458,0.306,0.467,0.638,0.336,0,0,0,0,0,0,0,0.038,0,0.09,0.016,0,0,0.177,0.366,0.373,0.189,0.061,0.201,0.178,0.024,0.168,0.243,0.09,0.005,0.177,0.26,0.008,0.251,0.331,0.366,0.169,0,0,0,0.019,0.04,0,0.051,0,0.153,0.469,0.657,0.722,0.33,0.158,0.008,0.007,0.031,0,0.108,0.019,0,0,0.01,0.231,0.547,0.792,0.608,0.383,0.025,0.019,0.024,0,0,0.007,0.016,0,0.052,0.557,0.784,0.713,0.409,0.078,0,0.011,0.03,0,0.04,0.072,0,0,0.027,0.096,0.487,0.826,0.767,0.514,0.002,0,0.028,0.05,0.044,0.02,0,0,0.063,0.239,0.329,0.404,0.24,0,0.103,0,0,0,0,0,0.036,0.026,0.007,0.029,0.361,0.455,0.338,0.112,0.093,0.125,0,0,0,0.024,0,0,0,0.338,0.416,0.437,0.24,0.086,0,0,0.064,0,0,0,0,0,0,0.132,0.316,0.468,0.438,0.23,0.015,0.013,0.008,0.075,0.03,0.014,0.049,0,0.106,0.462,0.797,0.764,0.484,0.053,0,0.018,0.036,0,0.036,0.006,0,0.032,0.036,0.167,0.51,0.861,0.725,0.387,0,0.08,0.048,0.006,0.131,0,0,0.006,0.025,0.394,0.668,0.595,0.346,0.047,0.005,0.038,0.029,0.031,0,0,0.012,0.105,0,0.131,0.464,0.745,0.707,0.271,0,0.018,0,0.027,0.009,0.065,0,0.025,0.027,0.139,0.397,0.265,0.174,0.171,0.154,0.224,0,0.138,0.254,0.23,0.059,0.227,0.176,0.062,0.188,0.411,0.308,0.167,0,0.051,0.013,0,0,0.055,0.006,0.041,0.031,0.024,0,0.044,0.156,0.443,0.634,0.532,0.222,0.484,0.586,0.461,0.289,0.573,0.627,0.359,0.03,0,0,0.006,0,0.055,0.013,0.095,0,0,0,0,0.059,0,0.008,0,0.114,0.502,0.95,0.665,0.338,0.665,1,0.559,0.402,0.727,0.877,0.509,0.145,0.03,0,0.044,0,0.028,0.007,0.054,0.013,0.001,0.012,0,0.019,0,0.029,0,0.138,0.531,0.608,0.531,0.187,0.567,0.649,0.433,0.337,0.448,0.532,0.405,0,0,0.036,0,0.079,0,0,0,0,0.006,0,0,0.017,0,0.02,0.072,0,0.144,0.26,0.278,0.044,0.054,0.194,0.162,0.033,0.224,0.327,0.152,0.022,0.005,0.029,0.028,0.065,0.02,0.005,0.085,0.069,0,0,0.01,0,0.036,0.072,0,0.03,0,0,0,0,0,0.006,0,0,0,0.072,0.008,0,0,0.002,0.075,0.099,0.036,0.048,0,0.036,0,0,0.049,0.017,0.109,0,0,0.087,0.035,0,0,0,0,0,0,0,0.013,0,0,0.089,0,0.148,0.017,0.027,0.011,0.066,0,0.016,0,0.025,0,0,0.051,0.057,0.023,0,0,0,0.058,0,0.032,0.031,0.028,0,0,0,0,0,0,0.047,0.004,0.186,0,0.013,0.012,0.023
9,0.008,0,0,0,0.011,0.016,0,0.053,0.212,0.333,0.396,0.193,0.321,0.466,0.269,0.204,0.361,0.408,0.083,0,0,0.045,0.005,0.065,0,0.069,0,0,0,0.022,0,0.037,0.036,0.07,0.023,0.046,0.344,0.701,0.707,0.445,0.592,0.799,0.494,0.398,0.674,0.725,0.367,0,0.09,0.003,0.089,0,0,0.031,0,0,0.041,0,0,0.001,0.048,0.023,0,0.032,0.43,0.677,0.815,0.522,0.544,0.854,0.636,0.412,0.888,0.71,0.436,0.04,0.082,0,0,0.021,0,0.076,0,0,0.024,0,0.001,0,0.028,0.098,0.262,0.205,0.178,0.41,0.488,0.241,0.271,0.377,0.376,0.386,0.564,0.439,0.227,0.159,0.184,0.153,0,0.04,0.118,0,0.05,0,0.041,0,0,0,0.119,0.472,0.609,0.521,0.159,0.141,0.032,0,0,0.088,0.07,0.024,0.133,0.058,0.188,0.422,0.579,0.462,0.114,0,0.009,0,0,0,0.068,0.03,0.001,0.091,0.206,0.447,0.973,0.678,0.265,0,0.024,0.02,0,0,0.023,0,0,0,0.24,0.66,0.912,0.562,0.232,0.003,0.019,0,0.041,0.028,0.014,0,0.023,0.054,0.138,0.554,0.75,0.501,0.223,0.023,0,0.04,0,0,0.031,0.039,0.015,0,0.206,0.492,0.679,0.431,0.126,0.015,0,0.005,0.098,0.017,0,0.061,0.027,0,0.008,0.43,0.437,0.345,0.052,0.027,0.089,0,0,0,0,0,0.02,0,0.094,0.428,0.369,0.373,0.037,0.01,0,0.033,0.007,0,0,0.001,0.042,0,0.246,0.594,0.874,0.651,0.189,0,0,0,0,0,0.056,0,0,0,0.35,0.667,0.824,0.605,0.193,0,0,0.02,0,0,0.007,0.04,0,0,0.215,0.524,0.803,0.594,0.293,0.02,0.005,0,0,0,0.006,0,0.037,0,0.203,0.63,0.91,0.653,0.28,0.052,0,0.014,0.011,0.102,0.019,0,0.029,0.066,0.062,0.22,0.57,0.325,0.178,0.249,0.213,0.145,0.207,0.252,0.19,0.121,0.224,0.283,0.076,0.382,0.34,0.354,0.034,0,0,0,0,0.092,0,0.014,0,0,0,0,0.058,0.069,0.346,0.705,0.58,0.289,0.433,0.67,0.448,0.324,0.514,0.607,0.338,0.467,0.654,0.496,0.072,0,0,0,0.031,0,0,0.073,0,0,0,0.134,0.041,0.012,0.448,0.785,0.857,0.435,0.562,0.97,0.603,0.525,0.788,0.713,0.394,0.675,0.949,0.667,0.234,0.039,0,0,0,0,0.058,0,0,0,0.02,0,0,0.025,0.361,0.484,0.536,0.337,0.497,0.635,0.424,0.339,0.636,0.497,0.357,0.483,0.644,0.42,0.127,0.034,0.022,0,0,0,0.028,0,0.077,0.061,0.056,0,0,0,0.063,0.23,0.272,0.111,0.124,0.21,0.091,0.058,0.167,0.226,0.109,0.261,0.511,0.301,0.143,0.08,0,0.047,0.004,0,0,0,0.064,0.019,0,0.001,0,0,0.017,0,0,0,0.026,0,0,0,0.014,0,0.29,0.654,0.925,0.616,0.142,0.023,0.013,0.04,0,0.058,0,0,0,0,0,0.064,0,0,0.028,0.046,0,0,0.05,0,0.041,0.013,0.009,0,0.267,0.592,0.728,0.55,0.173,0,0,0.031,0,0,0,0.035,0.019,0,0,0.047,0,0.013,0,0.102,0,0,0.033,0.004,0,0.121,0.208,0.305,0.113,0.434,0.445,0.212,0.032,0.027,0,0,0.031,0,0.121,0,0.041,0,0,0.009,0,0.02,0,0,0.054,0.064,0,0.019,0.001,0.295,0.678,0.584,0.447,0,0.061,0.032,0,0,0.017,0.036,0,0.046,0,0,0.039,0,0.033,0,0,0.057,0,0.016,0,0,0.034,0,0.056,0.439,0.829,0.772,0.35,0,0,0.048,0.012,0.027,0.033,0,0.011,0,0.011,0.069,0.076,0.004,0,0,0,0.001,0.089,0.122,0.144,0,0.07,0.124,0.075,0.309,0.575,0.491,0.244,0,0,0,0.006,0,0.076,0,0.033,0,0,0.087,0.009,0,0,0,0,0,0.268,0.409,0.402,0.188,0.278,0.491,0.349,0.151,0.257,0.297,0,0.059,0.057,0.006,0.004,0,0,0.022,0,0.053,0.014,0,0,0,0,0.069,0.042,0.091,0.41,0.772,0.777,0.397,0.585,0.926,0.546,0.177,0.051,0,0.058,0,0,0.148,0.046,0.086,0.09,0.038,0.001,0.02,0,0,0.056,0,0.047,0,0.015,0.075,0.508,0.662,0.6,0.397,0.503,0.723,0.519,0.188,0.038,0,0.028,0.044,0.027,0,0.046,0.019,0,0.011,0,0,0.045,0.044,0.026,0,0.003,0.035,0.001,0.002,0.162,0.399,0.347,0.148,0.337,0.528,0.221,0,0,0,0,0,0.002,0.032,0,0.038,0.028,0.048,0,0,0,0,0.005,0,0.038,0,0.127,0,0,0,0,0.049,0,0.008,0,0.022,0,0,0.078,0.024,0,0.113,0,0.017,0.08,0,0.012,0.075,0,0,0,0,0.07,0,0,0.019,0,0,0,0,0.029,0.005,0.068,0,0.023,0,0,0,0.024,0,0,0,0.06,0.049,0.048,0.047,0.05,0.073,0.057,0.068,0,0,0,0,0.049,0.122,0.08,0,0.021,0.002,0,0.019,0,0,0.005,0.035,0.046,0.031,0.087,0,0.084,0.051,0.034,0.047
0,0.064,0.057,0,0.102,0.057,0.414,0.748,0.568,0.418,0.458,0.629,0.732,0.398,0.427,0.722,0.627,0.37,0,0,0.023,0.034,0,0,0.033,0.028,0.019,0,0,0,0.094,0.004,0.092,0.14,0.393,0.746,0.81,0.442,0.437,0.72,0.778,0.481,0.487,0.8,0.753,0.381,0.031,0.009,0.014,0.076,0.01,0,0.041,0.013,0.01,0,0.016,0.036,0.002,0.004,0.016,0,0.274,0.342,0.524,0.266,0.32,0.425,0.505,0.188,0.354,0.477,0.378,0.309,0.052,0.01,0.063,0,0.084,0,0.007,0.019,0,0.009,0,0,0.171,0.383,0.418,0.185,0,0.157,0.043,0,0,0.066,0.088,0.02,0,0.068,0.057,0.034,0.21,0.445,0.337,0.146,0.02,0.021,0,0.011,0,0,0,0.014,0.28,0.668,0.709,0.501,0.067,0,0.005,0.074,0.001,0.034,0.109,0,0,0,0.076,0.106,0.486,0.729,0.689,0.32,0.001,0.002,0.008,0,0,0.027,0.004,0.102,0.411,0.68,0.747,0.439,0.063,0.004,0,0.016,0.078,0.075,0,0,0.017,0.073,0.08,0.159,0.44,0.824,0.751,0.342,0.067,0.01,0.042,0,0.047,0.073,0,0,0.247,0.454,0.461,0.291,0.036,0,0,0,0,0.077,0,0.027,0,0.062,0,0,0.341,0.489,0.362,0.246,0.054,0.022,0,0.046,0.011,0,0,0.011,0.168,0.373,0.365,0.171,0.026,0.065,0.042,0,0.003,0,0,0,0.309,0.369,0.351,0.134,0.195,0.423,0.412,0.008,0,0,0,0.022,0.042,0.06,0.01,0.136,0.351,0.731,0.798,0.434,0.026,0.056,0,0.044,0,0,0.089,0.003,0.335,0.714,0.699,0.406,0.47,0.781,0.715,0.327,0.031,0,0.014,0,0.051,0,0.003,0.048,0.381,0.779,0.714,0.432,0.089,0,0.005,0.016,0,0,0,0.12,0.38,0.682,0.7,0.344,0.461,0.752,0.676,0.254,0,0.026,0,0.04,0,0.017,0.025,0,0.177,0.301,0.385,0.301,0.11,0,0,0,0.088,0.115,0,0.074,0.211,0.48,0.394,0.259,0.279,0.536,0.455,0.153,0,0.035,0,0,0.034,0.072,0,0.006,0.188,0.463,0.335,0.203,0.019,0,0.03,0,0.234,0.43,0.359,0.196,0.06,0.123,0.104,0,0.176,0.496,0.447,0.142,0,0.036,0.132,0,0,0.038,0,0,0.43,0.794,0.687,0.371,0.058,0,0.021,0.062,0.449,0.81,0.738,0.39,0,0,0,0.106,0.526,0.694,0.742,0.448,0.055,0.027,0,0.006,0,0.025,0.004,0.065,0.384,0.857,0.762,0.453,0.047,0,0,0.088,0.336,0.761,0.76,0.408,0.038,0,0,0.102,0.497,0.758,0.711,0.425,0.062,0.023,0.025,0.101,0,0.018,0,0,0.235,0.369,0.356,0.258,0,0.061,0.117,0.04,0.264,0.423,0.346,0.115,0,0,0,0.102,0.259,0.453,0.36,0.068,0.032,0.013,0.01,0.042,0,0,0,0.04,0.242,0.448,0.474,0.21,0.186,0.485,0.49,0.254,0,0.047,0.138,0,0,0.036,0.056,0.091,0.271,0.438,0.427,0.186,0.047,0.002,0.027,0,0,0.016,0.032,0.021,0.377,0.673,0.725,0.45,0.328,0.671,0.691,0.453,0.024,0,0,0.152,0.085,0,0,0.021,0.463,0.834,0.671,0.369,0,0,0,0,0,0,0,0.031,0.404,0.713,0.707,0.428,0.407,0.732,0.617,0.358,0.06,0.028,0.007,0.02,0.016,0,0.015,0.126,0.453,0.74,0.658,0.429,0.061,0.125,0,0,0.024,0,0.014,0,0.194,0.43,0.397,0.263,0.261,0.457,0.467,0.221,0.079,0,0,0,0.024,0.039,0,0,0.279,0.471,0.344,0.119,0.03,0.041,0.066,0.04,0.061,0,0,0.004,0.17,0.433,0.337,0.336,0.025,0.105,0.07,0,0.067,0,0.002,0,0.056,0.049,0.004,0,0.226,0.432,0.493,0.198,0,0,0,0.048,0.016,0.028,0,0.026,0.438,0.787,0.776,0.474,0.041,0.031,0.052,0,0.019,0.039,0.01,0,0.044,0,0,0.108,0.485,0.804,0.73,0.435,0,0,0,0.099,0.082,0,0.058,0,0.341,0.748,0.687,0.449,0.058,0,0.014,0,0,0,0,0.012,0,0.016,0.058,0.07,0.475,0.721,0.642,0.376,0,0.029,0,0,0,0.026,0.108,0,0.154,0.404,0.369,0.182,0,0.156,0.109,0.039,0,0.156,0.096,0,0,0.091,0.132,0,0.22,0.461,0.375,0.179,0.091,0,0.025,0,0.061,0.01,0.051,0,0.046,0.076,0.108,0,0.285,0.416,0.437,0.289,0.236,0.483,0.444,0.183,0.273,0.42,0.502,0.219,0.025,0,0,0.04,0,0,0.032,0.113,0,0,0.009,0.054,0,0,0,0.121,0.321,0.853,0.814,0.497,0.422,0.807,0.779,0.465,0.441,0.81,0.764,0.345,0.003,0.005,0,0,0.051,0.035,0,0.018,0.042,0.055,0,0,0.057,0.01,0.019,0.044,0.414,0.741,0.653,0.325,0.323,0.663,0.728,0.368,0.449,0.7,0.656,0.336,0.034,0,0.103,0,0.06,0.068,0,0,0,0.035,0.055,0.006,0,0.032,0.029,0.122,0.183,0.418,0.384,0.102,0.17,0.379,0.391,0.146,0.228,0.393,0.44,0.108,0.038,0,0.008,0,0,0.001,0,0,0.011,0.072,0,0.036,0,0.033,0,0,0.003,0.095,0.006,0,0,0,0,0,0,0.033,0,0.015,0,0.03,0,0.008,0.069,0.032,0,0,0,0.044,0
1,0.015,0.091,0,0,0.035,0,0.084,0,0,0.046,0.275,0.569,0.573,0.389,0.053,0.026,0.032,0,0,0,0.001,0,0.038,0,0,0.01,0.032,0,0.02,0.011,0,0,0.064,0.022,0.046,0.061,0,0,0.352,0.68,0.887,0.512,0.13,0.051,0,0,0,0.079,0,0,0.08,0.059,0.104,0.001,0.049,0.016,0,0,0.029,0,0,0.051,0.031,0.049,0.074,0,0.245,0.499,0.619,0.324,0.167,0,0,0,0.013,0,0,0.01,0.064,0,0,0.053,0.046,0.046,0,0.019,0,0,0,0,0,0.328,0.439,0.424,0.186,0.382,0.585,0.186,0.04,0,0,0,0,0.009,0,0,0,0,0.074,0,0.012,0,0.053,0,0.055,0.029,0,0.048,0.093,0.549,0.771,0.638,0.38,0.622,0.813,0.529,0.057,0,0.018,0.036,0,0,0.074,0.026,0,0,0,0,0,0.019,0,0,0,0,0,0.099,0.216,0.551,0.716,0.633,0.316,0.67,0.723,0.411,0.208,0.026,0.041,0,0.037,0,0,0.005,0.046,0.002,0.013,0,0.024,0,0.033,0,0,0.037,0,0.087,0,0.257,0.342,0.326,0.154,0.427,0.428,0.228,0.016,0.022,0.028,0,0.066,0,0.009,0.022,0.06,0,0,0.012,0,0.069,0.075,0,0.045,0.07,0,0.052,0.031,0,0.096,0.041,0.238,0.491,0.563,0.37,0.066,0,0,0.001,0.016,0,0.002,0,0.026,0,0.032,0,0,0.023,0.048,0.049,0,0,0.008,0,0,0,0.051,0.038,0.344,0.774,0.844,0.521,0.147,0,0.078,0,0.037,0.004,0.035,0,0,0,0,0,0.015,0.036,0,0,0,0.038,0,0.012,0.003,0,0.025,0,0.324,0.561,0.546,0.418,0.022,0,0.004,0,0.024,0.021,0,0,0.024,0.017,0,0,0.039,0,0.033,0.02,0,0,0,0.067,0,0.045,0.001,0,0.164,0.349,0.474,0.127,0.002,0.017,0.082,0.019,0,0,0,0,0,0,0.004,0,0.076,0,0,0,0,0,0.019,0.067,0.071,0,0,0,0.38,0.683,0.687,0.508,0.201,0,0,0,0.057,0.011,0.071,0.028,0,0.154,0,0.026,0.049,0.016,0.057,0,0,0.03,0,0,0,0.01,0.076,0,0.356,0.645,0.884,0.498,0.091,0.045,0.064,0.009,0.14,0.043,0.037,0,0.053,0.029,0.035,0.042,0,0.004,0,0,0.017,0,0,0.022,0.079,0,0,0.008,0.14,0.355,0.498,0.323,0.035,0.084,0,0,0,0.02,0.054,0.063,0.041,0,0,0,0,0,0.097,0,0,0.047,0,0,0,0,0,0,0.152,0.503,0.589,0.267,0,0,0,0,0.043,0,0,0.006,0,0,0.089,0,0.006,0,0,0.048,0.061,0,0,0,0.036,0.008,0.047,0.047,0.319,0.702,0.89,0.528,0.239,0,0,0.027,0,0,0.038,0.017,0,0,0,0,0,0,0,0.123,0.072,0,0.044,0,0.016,0,0,0.07,0.295,0.538,0.69,0.438,0.195,0,0.033,0.022,0.031,0,0,0.002,0,0.004,0,0,0.056,0.013,0,0.009,0,0,0.075,0,0,0,0,0,0.054,0.382,0.368,0.172,0.058,0,0.019,0.002,0.059,0,0.034,0,0.03,0,0,0,0.053,0,0,0.087,0.03,0.02,0.045,0.009,0,0,0.038,0.016,0.372,0.601,0.66,0.481,0.149,0,0,0,0,0,0.059,0,0,0,0,0.065,0,0,0.001,0.068,0.037,0,0.074,0.036,0,0.076,0.005,0.073,0.34,0.657,0.791,0.491,0.157,0,0.037,0,0.032,0,0,0,0,0,0,0.022,0,0,0,0.024,0,0.011,0,0,0.03,0.07,0.267,0.099,0.126,0.493,0.431,0.268,0.051,0.21,0.212,0,0,0.032,0.078,0.057,0.083,0.017,0,0.005,0,0,0.022,0,0,0,0.036,0.018,0.125,0.394,0.594,0.468,0.26,0.449,0.457,0.277,0.409,0.444,0.449,0.258,0,0.007,0,0.003,0.039,0.007,0,0.044,0,0.12,0,0.09,0.025,0,0,0.116,0.177,0.549,0.832,0.673,0.371,0.757,0.952,0.424,0.514,0.8,0.681,0.377,0,0.024,0,0.039,0.049,0,0,0.049,0.023,0,0,0,0.014,0,0.101,0,0.101,0.505,0.745,0.585,0.295,0.684,0.664,0.408,0.46,0.709,0.663,0.35,0.079,0,0.057,0,0.007,0.061,0.045,0,0.015,0.013,0.042,0.019,0.01,0.122,0.006,0,0,0.295,0.286,0.286,0.109,0.293,0.335,0.249,0.234,0.334,0.284,0.072,0,0,0.031,0.063,0.032,0,0,0,0.001,0,0.101,0.017,0,0.03,0.006,0,0,0.006,0,0.036,0,0.062,0.046,0,0.136,0,0,0,0.105,0,0,0,0,0,0,0,0,0.01,0,0.038,0,0,0,0,0.062,0.03,0.01,0.033,0,0.002,0.006,0.012,0.001,0,0,0,0.015,0.103,0.029,0.102,0.025,0,0.017,0.007,0.015,0,0.033,0,0,0.031,0.001,0,0,0,0,0,0,0,0.123,0,0.008,0,0,0,0,0,0.07,0.048,0.029,0.03,0,0,0,0
2,0,0,0,0,0.02,0,0.037,0.164,0.485,0.657,0.49,0.31,0.613,0.594,0.316,0.399,0.684,0.533,0.288,0,0.033,0,0,0,0.03,0,0.088,0,0,0.055,0.009,0.034,0,0,0.009,0.378,0.694,0.951,0.574,0.5,0.819,0.779,0.379,0.545,0.946,0.802,0.358,0,0.022,0,0.024,0,0,0,0.047,0.024,0,0,0,0,0,0.019,0,0.168,0.459,0.587,0.359,0.302,0.654,0.576,0.468,0.37,0.557,0.541,0.216,0.038,0.058,0,0.057,0,0.099,0,0,0,0,0,0,0.025,0.244,0.345,0.337,0.143,0.158,0.227,0.155,0.061,0.164,0.152,0.101,0.123,0.169,0.174,0.172,0.258,0.302,0.275,0.087,0.034,0,0.035,0,0.06,0.062,0.127,0,0.091,0.49,0.7,0.636,0.211,0.043,0,0.057,0,0,0.014,0,0.07,0,0.013,0.322,0.622,0.903,0.462,0.211,0.027,0,0,0,0,0,0,0.062,0.047,0.453,0.837,0.787,0.395,0,0.004,0.03,0,0,0.014,0.067,0.018,0.045,0.039,0.245,0.687,0.838,0.537,0.1,0,0,0.062,0,0.006,0,0.061,0.059,0.008,0.397,0.402,0.46,0.221,0,0,0.103,0.06,0,0.003,0.031,0.037,0.009,0,0.122,0.345,0.463,0.336,0.098,0,0.049,0.018,0.027,0,0.024,0.041,0,0,0,0.078,0.176,0.043,0,0.026,0.009,0,0,0,0.087,0,0.025,0,0.201,0.435,0.496,0.452,0.023,0.066,0.038,0,0,0,0,0.046,0.013,0.08,0,0.091,0.053,0.075,0,0.045,0.065,0,0.033,0.054,0.009,0.069,0.034,0.017,0.314,0.688,0.945,0.598,0.169,0,0.031,0,0.002,0,0,0.009,0,0,0,0,0.036,0,0,0.032,0.002,0.079,0.048,0,0.018,0,0,0,0.137,0.594,0.738,0.52,0.133,0,0,0.107,0.098,0.063,0,0,0,0,0,0.03,0.032,0.026,0.017,0.036,0.015,0,0.019,0,0,0.16,0.328,0.174,0.07,0.2,0.337,0.205,0.047,0,0.016,0.025,0.012,0,0,0.009,0,0,0,0,0.077,0.014,0,0,0.02,0,0,0,0.184,0.496,0.614,0.604,0.288,0.025,0,0.056,0,0,0.016,0,0,0,0.018,0,0,0,0,0.064,0.013,0.021,0.006,0,0,0,0,0,0.203,0.581,0.853,0.647,0.299,0,0,0,0,0,0.158,0,0,0,0.06,0.06,0,0,0,0.037,0.038,0,0.034,0,0,0.02,0.097,0.054,0,0.346,0.634,0.488,0.213,0,0.156,0.08,0,0,0,0,0.018,0.071,0,0,0.017,0,0.051,0,0.055,0,0,0,0,0.233,0.463,0.437,0.299,0.032,0.132,0.16,0.002,0.029,0,0.02,0.066,0.047,0.047,0.093,0,0.02,0,0,0.048,0,0.003,0,0,0,0,0.088,0,0.327,0.688,0.743,0.497,0,0.098,0,0.043,0,0.006,0.009,0,0.079,0,0,0,0,0,0.07,0,0.042,0.062,0.023,0.03,0.006,0,0.064,0.1,0.371,0.659,0.726,0.415,0.098,0.097,0.03,0.018,0.028,0,0,0.134,0.072,0,0,0.057,0.062,0,0,0.037,0.112,0.016,0,0.029,0.035,0.133,0.217,0.239,0.115,0.403,0.477,0.259,0,0,0.022,0,0,0.064,0,0.053,0.031,0.025,0,0,0.002,0.084,0.032,0,0,0.051,0,0,0.099,0.408,0.755,0.385,0.115,0,0.05,0,0.02,0.101,0,0.057,0,0,0.078,0.024,0,0,0.05,0,0.025,0,0.119,0.026,0,0,0.076,0,0.243,0.653,1,0.543,0.278,0,0,0.014,0.062,0,0,0,0.02,0,0.026,0,0,0.01,0.049,0,0,0.018,0,0.024,0,0.015,0,0.009,0.143,0.386,0.634,0.37,0.166,0,0.037,0.02,0.073,0,0,0,0.009,0,0.03,0,0.134,0,0,0,0,0.025,0,0.006,0,0.192,0.355,0.325,0.14,0.317,0.392,0.27,0.078,0.43,0.404,0.167,0.257,0.396,0.298,0.047,0.376,0.384,0.26,0.021,0,0.115,0,0,0.011,0.005,0,0.032,0.068,0.5,0.675,0.553,0.286,0.536,0.714,0.652,0.361,0.653,0.771,0.397,0.466,0.729,0.621,0.16,0.618,0.721,0.49,0.171,0.056,0.146,0.046,0.111,0,0.053,0,0.008,0.111,0.562,0.795,0.751,0.36,0.571,0.856,0.583,0.461,0.741,0.791,0.459,0.471,0.839,0.667,0.302,0.523,0.846,0.576,0.285,0.08,0.018,0.065,0,0.043,0.063,0.077,0.017,0,0.322,0.496,0.459,0.26,0.305,0.474,0.461,0.315,0.462,0.556,0.3,0.26,0.481,0.457,0.233,0.422,0.566,0.369,0.158,0.044,0.066,0,0.073,0,0.015,0,0,0.046,0,0.171,0.117,0.046,0.111,0.154,0.018,0,0.163,0.089,0.074,0,0.189,0.123,0,0.142,0.104,0.048,0.001,0.029,0.078,0,0,0,0.006,0.032,0,0,0.018,0,0.001,0.05,0,0.03,0,0.005,0,0.058,0,0,0,0,0.034,0,0.019,0,0,0.02,0.097,0.007,0,0,0.044,0.042,0.046,0,0,0.036,0,0,0.075,0.04,0.007,0.012,0,0.034,0.003,0,0,0,0.072,0,0,0.076,0,0.001,0.046,0.02,0.006,0
3,0,0.043,0.447,0.699,0.577,0.307,0.546,0.711,0.527,0.446,0.704,0.634,0.329,0.525,0.732,0.416,0.444,0.746,0.6,0.371,0,0,0,0,0,0.018,0.032,0.067,0,0.062,0.449,0.759,0.793,0.444,0.66,0.93,0.538,0.54,0.839,0.795,0.313,0.702,0.953,0.542,0.552,0.868,0.634,0.372,0.023,0,0,0,0.008,0,0,0,0.01,0.019,0.356,0.494,0.455,0.257,0.541,0.522,0.289,0.369,0.555,0.49,0.248,0.467,0.491,0.288,0.385,0.631,0.415,0.246,0,0,0.072,0.04,0.007,0,0.052,0,0.002,0.008,0.003,0.106,0.129,0.014,0.092,0.239,0.004,0.032,0.105,0.068,0.183,0.47,0.537,0.327,0.119,0.212,0.091,0,0,0.053,0,0.085,0,0,0,0,0,0,0.071,0.031,0.084,0.025,0.044,0.002,0.045,0.043,0.019,0,0.356,0.723,0.882,0.408,0.221,0.008,0.058,0,0.095,0.014,0,0,0,0,0,0.058,0,0,0.036,0,0.043,0.09,0.106,0.014,0,0,0.018,0,0.354,0.503,0.637,0.411,0.148,0.021,0.064,0.027,0,0.037,0,0,0.003,0.001,0,0.039,0.06,0,0,0,0,0.024,0.064,0.026,0.03,0.249,0.341,0.318,0.047,0.175,0.348,0.229,0,0.025,0.013,0,0.056,0.008,0.051,0,0,0,0.043,0,0.071,0.052,0,0.036,0.056,0,0.023,0,0.108,0.371,0.711,0.653,0.443,0,0.046,0.021,0,0,0.054,0,0.093,0.024,0.005,0.049,0,0,0.045,0.075,0.068,0,0.033,0,0.019,0,0.081,0.066,0.173,0.541,0.941,0.755,0.428,0,0.05,0.005,0.054,0.016,0.013,0,0.022,0.038,0.104,0.025,0,0,0.078,0.093,0,0,0,0,0.049,0.073,0,0.039,0.126,0.287,0.503,0.442,0.115,0.129,0.296,0.038,0,0.003,0,0.014,0.065,0,0,0,0,0,0.07,0.009,0.039,0.014,0,0,0.027,0,0.007,0.046,0.048,0,0.007,0.098,0.282,0.423,0.588,0.449,0.127,0,0,0.002,0,0,0,0,0,0,0,0,0.109,0,0,0.03,0.011,0.001,0,0,0,0,0,0.016,0.339,0.776,0.87,0.614,0.126,0.038,0.006,0.021,0,0,0,0.047,0.044,0.048,0.007,0.03,0,0,0,0.01,0.026,0.042,0,0.051,0.009,0.09,0,0.028,0.229,0.426,0.734,0.44,0.128,0,0.067,0,0.003,0.006,0.022,0,0.002,0.039,0,0,0.091,0,0.029,0.09,0.015,0,0,0,0.05,0,0,0,0.114,0.217,0.279,0.09,0.25,0.492,0.363,0.132,0,0.06,0,0.125,0.024,0.095,0,0,0,0,0,0.014,0.156,0.068,0,0,0.021,0.006,0,0,0,0,0.042,0.075,0.596,0.662,0.683,0.261,0,0,0,0.119,0,0.047,0,0.044,0.008,0,0.018,0,0,0,0.028,0.001,0,0.016,0,0.122,0,0.027,0,0.147,0.444,0.82,0.672,0.352,0,0.057,0.095,0.071,0.037,0,0.016,0,0.074,0,0.083,0.219,0.167,0.106,0,0,0.065,0,0,0,0,0.107,0.088,0.011,0.308,0.392,0.491,0.139,0.061,0,0,0,0,0.017,0,0,0.024,0.096,0.39,0.573,0.548,0.335,0,0,0.016,0.031,0.101,0.022,0.022,0,0,0.087,0.385,0.619,0.507,0.159,0.093,0.099,0,0,0.05,0.029,0,0.049,0.064,0.077,0.39,0.795,0.744,0.412,0,0.048,0.079,0,0,0,0,0,0,0.172,0.608,1,0.759,0.438,0,0,0.032,0.043,0,0,0,0,0,0,0.34,0.596,0.561,0.289,0.005,0.053,0.093,0.039,0.077,0.045,0.027,0.084,0.154,0.102,0.44,0.663,0.526,0.296,0,0,0,0,0,0,0,0.034,0.007,0.037,0.03,0.301,0.251,0.144,0.286,0.538,0.327,0.307,0.447,0.399,0.116,0.403,0.465,0.237,0.181,0.291,0.202,0,0.064,0,0,0,0,0.053,0,0.005,0,0.067,0.008,0,0.029,0.299,0.585,0.817,0.498,0.586,0.774,0.697,0.351,0.647,0.861,0.501,0.157,0,0.07,0.061,0.023,0,0.075,0,0.053,0,0.084,0,0.02,0,0,0,0,0.342,0.588,0.788,0.53,0.412,0.766,0.702,0.364,0.669,0.765,0.465,0.027,0,0,0.051,0,0.033,0.023,0.069,0.05,0.058,0,0,0.061,0.023,0,0,0,0.073,0.307,0.376,0.35,0.164,0.352,0.329,0.168,0.328,0.44,0.373,0.026,0,0,0.034,0,0,0.065,0.02,0,0.124,0,0.033,0.013,0.013,0,0,0,0.063,0,0.069,0.038,0,0.073,0.035,0.017,0,0.022,0,0.026,0.05,0,0.013,0,0,0,0,0.114,0.028,0.009,0,0.058,0,0,0.003,0,0.063,0.011,0.031,0,0,0,0.041,0,0,0,0,0,0.024,0,0.066,0,0,0,0,0,0,0,0,0.024,0,0.131,0.007,0,0.007,0,0,0.011,0.075,0,0.01,0,0,0.031,0,0.015,0.122,0,0.003,0,0,0.046,0,0.045,0.027,0,0,0.106,0.119,0.059,0.02,0.014,0.055,0,0.035,0.01,0.092,0.003,0.041,0.025,0.026,0.002,0,0,0,0,0,0,0.021,0,0,0.042,0,0.045,0
4,0,0.065,0,0,0.049,0,0.034,0,0,0.009,0,0.089,0,0.261,0.522,0.377,0.263,0,0,0,0.03,0,0.007,0,0,0.028,0.026,0.019,0.109,0,0,0,0.06,0,0,0,0,0,0,0.039,0.198,0.45,0.904,0.776,0.418,0.035,0.043,0,0,0,0.023,0.015,0.023,0,0,0.001,0.061,0,0.085,0,0,0.055,0.078,0.022,0,0.01,0,0,0.079,0.49,0.698,0.605,0.307,0,0.026,0,0.046,0,0,0,0.113,0,0,0,0.062,0,0.006,0,0,0.1,0.083,0,0.017,0.023,0.299,0.3,0.098,0.108,0.37,0.344,0.16,0,0.026,0.004,0.066,0,0,0.009,0,0.066,0.035,0.005,0,0.053,0.052,0.047,0,0.038,0,0,0,0.254,0.491,0.653,0.347,0.41,0.584,0.654,0.263,0.016,0,0.014,0,0,0,0.149,0,0.086,0,0,0,0,0.045,0,0,0,0.027,0.046,0.008,0.323,0.702,0.931,0.499,0.454,0.842,0.819,0.418,0,0,0.075,0.004,0.038,0.03,0.001,0,0.024,0.05,0.046,0.044,0.003,0.034,0.026,0.031,0.002,0,0.08,0.034,0.202,0.485,0.638,0.44,0.386,0.65,0.46,0.279,0,0.012,0,0.072,0,0,0.029,0,0,0,0,0.025,0,0.016,0.091,0,0.102,0.237,0.461,0.368,0.14,0.164,0.202,0.078,0.212,0.5,0.397,0.172,0,0,0,0.012,0.036,0,0.085,0,0,0,0.076,0,0.053,0.057,0.175,0.018,0.222,0.506,0.815,0.644,0.29,0.073,0.096,0.095,0.535,0.78,0.778,0.235,0,0.028,0,0.035,0.029,0.081,0,0,0,0.023,0,0,0.091,0,0.041,0.072,0.156,0.506,0.875,0.651,0.322,0,0,0.068,0.412,0.846,0.7,0.351,0.002,0,0.012,0.053,0.053,0.059,0,0,0.048,0.089,0.031,0,0.021,0.037,0.214,0.191,0.067,0.349,0.441,0.461,0.058,0,0.048,0.028,0.12,0.397,0.354,0.206,0,0.04,0,0.001,0,0.006,0,0.013,0,0.011,0,0.088,0.096,0.405,0.507,0.528,0.299,0,0.119,0.031,0,0.037,0,0,0.336,0.683,0.593,0.261,0,0.012,0.059,0,0,0,0,0,0,0,0,0,0.028,0.466,0.82,0.823,0.53,0.167,0,0.025,0,0.021,0.019,0.23,0.531,0.936,0.73,0.36,0.021,0,0.037,0.005,0,0.085,0,0.004,0.036,0.026,0.029,0,0.019,0.253,0.604,0.624,0.374,0.065,0,0,0,0.065,0,0.055,0.414,0.599,0.658,0.345,0.022,0,0,0,0.022,0.09,0.042,0.1,0,0.077,0,0,0,0.107,0.318,0.334,0.264,0.228,0.319,0.295,0.141,0.292,0.361,0.209,0.321,0.402,0.323,0.005,0.157,0.38,0.297,0.047,0.053,0,0,0.053,0.015,0.009,0.136,0,0.049,0.411,0.739,0.693,0.316,0.467,0.685,0.496,0.259,0.67,0.689,0.532,0.517,0.824,0.755,0.321,0.512,0.805,0.5,0.102,0.08,0.038,0.062,0.041,0,0.022,0,0.047,0.054,0.424,0.729,0.865,0.565,0.559,0.946,0.638,0.442,0.702,0.821,0.515,0.578,0.775,0.784,0.368,0.663,0.9,0.641,0.19,0,0.034,0.05,0,0.037,0,0,0,0,0.284,0.46,0.532,0.238,0.349,0.456,0.367,0.222,0.454,0.505,0.321,0.325,0.561,0.43,0.31,0.416,0.627,0.454,0.128,0.024,0,0,0,0,0,0,0,0,0.047,0.195,0.153,0.076,0.025,0.136,0.159,0.009,0.101,0.1,0.088,0.313,0.474,0.455,0.227,0.115,0.22,0.041,0.087,0,0.01,0,0,0.037,0,0.067,0,0,0,0.006,0,0.042,0,0.046,0,0,0.003,0.052,0.135,0.422,0.825,0.799,0.405,0.028,0.007,0,0.03,0.034,0.045,0.025,0,0,0.024,0,0,0,0,0.082,0.021,0.018,0.055,0.03,0.016,0.008,0,0,0.089,0.489,0.828,0.67,0.331,0,0.007,0,0,0,0,0,0.07,0.015,0.052,0,0,0,0,0,0,0,0.033,0.007,0,0,0,0,0,0.09,0.394,0.348,0.242,0.102,0,0,0,0,0,0,0.026,0.015,0.038,0.081,0.079,0.042,0.045,0,0.025,0.047,0.08,0.025,0,0,0.086,0,0.035,0.4,0.725,0.569,0.317,0,0,0,0,0.095,0,0,0,0.029,0,0,0,0,0,0.071,0,0.042,0.043,0.048,0,0.034,0,0.003,0.184,0.414,0.825,0.87,0.393,0.031,0,0,0,0.041,0.091,0,0,0.035,0.053,0.052,0,0,0.108,0,0,0,0.01,0,0,0.088,0,0,0.059,0.269,0.581,0.425,0.269,0,0.079,0,0.018,0,0.03,0,0,0,0,0,0,0,0.028,0.039,0.104,0.064,0.02,0,0.006,0.034,0,0,0.018,0.056,0.215,0.3,0.067,0,0,0,0,0,0.023,0.026,0.055,0.007,0.008,0,0.005,0,0.038,0.023,0.089,0,0,0,0,0.047,0.035,0.037,0.065,0.088,0.023,0.003,0,0,0,0.031,0,0.04,0.021,0.057,0.059,0.063,0.029,0.03,0.006,0.023,0,0.02,0,0.032,0.02,0,0,0,0,0,0.033,0.038,0,0.034,0.015,0.014,0.079,0,0.039,0.036,0.02,0,0.012,0.048,0,0.026
5,0.091,0.067,0.415,0.674,0.6,0.254,0.507,0.716,0.469,0.215,0.553,0.724,0.443,0.278,0.626,0.687,0.421,0.409,0.717,0.605,0.362,0.01,0.024,0.043,0.024,0,0,0.005,0,0.227,0.579,0.941,0.696,0.427,0.563,0.949,0.566,0.34,0.727,0.949,0.575,0.377,0.667,0.844,0.478,0.425,0.779,0.772,0.462,0.024,0.119,0,0,0.004,0,0,0.003,0.073,0.415,0.571,0.368,0.102,0.388,0.568,0.44,0.122,0.438,0.559,0.434,0.314,0.513,0.56,0.335,0.311,0.506,0.509,0.305,0.03,0.005,0,0,0,0,0.018,0,0.016,0.287,0.451,0.328,0,0.159,0.21,0.13,0.009,0.217,0.244,0.145,0.006,0.115,0.19,0.11,0,0.205,0.139,0.031,0.059,0.015,0,0,0,0,0,0.012,0.226,0.444,0.792,0.608,0.238,0,0.013,0,0.057,0.048,0.019,0,0,0.003,0,0,0,0.033,0.043,0.043,0.027,0,0,0.05,0.007,0.088,0,0.031,0.21,0.641,0.947,0.741,0.258,0.036,0.004,0,0.14,0.115,0,0,0,0,0,0,0,0,0.032,0,0.048,0,0.03,0,0,0,0.003,0.006,0.109,0.392,0.494,0.427,0.12,0,0.008,0.013,0.029,0.033,0,0.024,0.052,0.019,0.097,0,0,0,0.061,0,0.082,0.007,0.023,0,0,0,0,0.057,0.06,0.318,0.481,0.373,0.12,0.255,0.429,0.266,0.092,0.324,0.466,0.211,0.142,0.407,0.394,0.173,0,0.026,0,0,0.018,0.08,0,0.019,0,0.017,0,0,0.212,0.682,0.802,0.608,0.247,0.646,0.893,0.528,0.336,0.646,0.88,0.488,0.36,0.673,0.748,0.481,0.091,0,0,0,0.048,0,0.005,0.185,0,0,0.055,0,0.282,0.642,0.877,0.677,0.219,0.632,0.78,0.505,0.445,0.581,0.787,0.53,0.419,0.689,0.791,0.368,0.162,0.01,0,0,0.062,0,0,0.064,0,0,0.017,0.031,0.077,0.338,0.49,0.372,0.088,0.354,0.414,0.242,0.164,0.314,0.457,0.334,0.312,0.41,0.351,0.279,0.061,0.112,0.082,0,0.007,0.046,0.018,0,0.005,0,0.06,0,0.027,0,0.061,0,0,0.124,0.158,0.009,0.059,0.071,0.054,0.013,0,0.016,0.008,0,0.237,0.538,0.523,0.208,0.025,0.046,0.044,0.091,0.039,0.042,0.014,0,0.037,0,0.077,0.056,0,0.071,0.011,0,0,0,0.086,0,0,0,0,0.053,0.433,0.798,0.793,0.419,0.055,0.036,0.051,0.052,0,0.009,0,0,0.03,0.056,0,0.051,0.069,0,0.003,0,0,0,0,0,0,0.039,0,0.038,0.358,0.744,0.767,0.397,0.019,0.003,0.108,0,0.015,0.01,0,0.013,0.061,0.081,0,0,0,0,0.008,0,0.019,0.029,0,0,0,0.021,0,0.062,0.207,0.371,0.408,0.227,0,0.115,0,0.103,0.007,0,0.047,0,0.17,0.042,0,0,0.022,0,0,0.052,0,0.051,0.011,0,0.022,0.047,0.055,0.042,0.294,0.589,0.517,0.162,0.017,0.012,0.03,0.012,0,0,0,0.013,0.115,0,0,0,0.027,0.04,0.132,0,0,0,0.057,0.018,0.044,0.054,0,0.156,0.47,0.757,0.709,0.477,0,0,0.07,0,0,0,0.1,0.04,0.07,0,0.095,0,0.044,0.044,0.084,0.028,0.003,0.017,0.031,0,0.006,0,0,0.087,0.412,0.593,0.717,0.374,0,0.078,0.002,0.002,0,0.017,0.054,0.041,0,0.11,0.267,0.155,0.085,0.012,0.06,0.044,0,0.025,0,0,0.073,0,0,0.021,0.236,0.322,0.357,0.124,0.03,0,0,0,0.036,0,0.005,0.012,0.099,0.347,0.554,0.426,0.244,0.032,0,0,0,0,0,0.002,0,0,0.059,0.028,0.305,0.641,0.62,0.26,0.006,0.028,0,0,0.006,0.015,0.036,0.036,0.232,0.631,0.956,0.593,0.229,0.064,0,0,0.014,0,0,0,0,0.045,0.101,0.058,0.405,0.87,0.847,0.36,0.109,0,0.035,0,0.012,0,0.026,0,0.198,0.472,0.716,0.464,0.286,0,0.026,0,0,0.02,0.012,0,0,0,0.07,0.05,0.372,0.63,0.61,0.334,0.02,0.025,0,0,0,0,0,0.039,0,0.192,0.358,0.334,0,0.187,0.394,0.151,0,0.24,0.26,0.165,0.028,0.218,0.236,0.121,0.067,0.311,0.245,0.023,0,0.054,0.03,0,0.013,0,0.005,0.013,0,0,0.07,0.044,0.245,0.516,0.634,0.437,0.365,0.526,0.708,0.422,0.352,0.622,0.595,0.381,0.097,0,0,0,0.099,0,0,0,0.062,0,0,0,0.019,0,0,0,0.334,0.688,0.966,0.573,0.332,0.649,0.762,0.448,0.382,0.719,0.837,0.536,0.101,0.073,0,0,0.057,0.018,0,0,0.023,0,0,0.04,0.004,0,0,0,0.229,0.575,0.661,0.443,0.154,0.575,0.537,0.385,0.332,0.58,0.622,0.336,0.127,0.013,0.03,0,0.034,0.01,0,0.037,0,0.006,0,0.069,0.032,0.012,0.044,0,0,0.166,0.235,0.083,0.021,0.275,0.317,0.076,0.038,0.185,0.178,0.16,0,0.034,0,0.093,0.017,0.03,0,0,0,0,0,0,0.008,0.009,0,0,0,0,0,0.022,0.006,0.012,0,0,0.043,0,0,0,0,0.062,0.01,0.012,0,0,0.051,0.018,0.002,0,0
6,0.036,0,0,0,0.018,0,0.01,0.038,0.019,0,0.011,0.251,0.557,0.509,0.334,0.22,0.477,0.555,0.172,0.092,0.058,0,0,0,0,0.051,0,0,0.039,0.014,0,0,0.012,0,0.023,0.125,0.228,0.356,0.028,0.106,0.068,0.17,0.001,0.063,0.178,0.157,0,0.002,0,0,0,0.016,0,0,0.005,0,0.008,0.033,0.071,0.067,0,0.08,0,0.437,0.678,0.668,0.36,0.09,0.072,0.026,0,0,0.015,0.005,0,0,0,0,0.031,0,0.097,0,0,0.018,0,0,0.066,0.024,0.021,0.038,0.055,0.483,0.812,0.794,0.414,0.131,0.019,0.006,0.074,0,0,0,0.029,0.027,0.029,0.02,0,0.034,0,0.045,0,0.014,0.059,0,0.013,0,0,0.019,0.002,0.347,0.534,0.582,0.363,0.031,0.048,0.101,0,0,0,0.065,0.029,0,0.088,0.091,0.029,0,0,0.085,0.14,0.058,0.103,0.016,0,0.102,0.326,0.304,0.131,0,0.095,0.139,0.03,0.045,0.022,0,0,0.079,0,0,0,0,0.027,0.048,0.065,0.052,0.017,0,0.006,0.105,0.068,0,0.069,0.444,0.735,0.749,0.299,0.033,0,0,0,0.012,0.034,0.037,0.017,0.019,0,0,0.021,0,0,0.058,0,0.008,0,0.003,0.077,0,0.055,0.002,0.089,0.411,0.748,0.877,0.468,0.05,0,0,0.017,0,0,0.127,0.038,0.073,0.039,0.062,0,0,0.069,0.001,0,0,0.026,0.033,0,0,0,0.017,0,0.308,0.552,0.573,0.415,0.031,0,0.035,0,0,0,0,0,0.059,0,0.057,0,0.063,0,0.035,0.001,0,0,0.063,0,0.041,0.014,0.036,0.028,0.163,0.297,0.357,0.131,0.139,0.354,0.304,0.212,0.162,0.297,0.333,0.141,0.125,0.503,0.42,0.12,0,0.025,0.059,0,0,0,0,0,0.013,0,0.021,0.032,0.389,0.69,0.769,0.412,0.484,0.723,0.663,0.28,0.408,0.632,0.675,0.25,0.278,0.791,0.682,0.394,0,0,0.023,0,0.06,0,0.038,0,0.03,0,0,0.012,0.433,0.807,0.722,0.496,0.372,0.739,0.732,0.398,0.453,0.825,0.821,0.432,0.439,0.809,0.696,0.453,0.043,0.014,0.065,0.015,0,0,0.044,0.08,0.126,0,0.055,0.088,0.27,0.423,0.468,0.257,0.31,0.571,0.548,0.165,0.366,0.443,0.509,0.207,0.274,0.525,0.456,0.291,0,0.062,0,0.054,0.067,0,0,0.005,0,0,0.012,0.022,0.099,0.303,0.362,0.201,0.038,0.094,0.157,0,0,0.172,0.151,0.01,0.062,0.131,0.146,0.014,0.144,0.378,0.337,0.049,0.073,0.007,0,0,0,0.014,0.015,0.105,0.447,0.602,0.681,0.358,0.063,0,0.016,0,0.069,0.036,0,0,0,0.06,0.023,0.079,0.347,0.647,0.669,0.314,0.07,0.061,0.089,0,0,0.066,0.008,0,0.396,0.77,0.793,0.389,0.058,0.027,0.06,0.02,0.042,0,0,0.01,0,0.02,0.029,0.014,0.427,0.731,0.711,0.416,0.07,0.039,0,0.088,0,0,0.007,0,0.316,0.506,0.495,0.255,0.062,0.009,0,0,0.026,0,0,0.009,0,0,0.065,0,0.267,0.43,0.501,0.314,0,0,0.103,0,0.038,0,0,0.051,0.145,0.405,0.387,0.202,0,0,0.064,0.083,0.052,0,0.008,0,0,0.087,0.021,0,0.242,0.394,0.314,0.171,0,0.035,0,0.064,0,0,0,0.098,0.353,0.611,0.701,0.424,0.047,0,0,0,0.006,0.062,0,0.042,0.016,0,0.103,0.032,0.393,0.635,0.683,0.412,0.009,0,0,0,0,0.004,0.072,0.06,0.469,0.834,0.907,0.469,0.004,0.011,0.033,0,0.085,0.013,0,0,0,0.062,0.03,0.141,0.462,0.772,0.74,0.439,0.112,0,0.017,0,0.011,0,0,0,0.236,0.392,0.498,0.214,0.065,0,0,0,0,0,0,0.044,0.031,0.066,0.026,0,0.278,0.559,0.429,0.274,0,0,0,0.03,0.034,0,0.028,0.01,0,0.047,0.179,0,0.147,0.32,0.345,0.15,0.102,0.423,0.291,0.176,0.224,0.387,0.4,0.195,0.004,0.142,0.147,0.043,0.052,0,0,0,0.031,0,0.068,0,0.154,0.04,0.039,0.012,0.392,0.645,0.736,0.4,0.311,0.719,0.668,0.42,0.412,0.602,0.667,0.34,0.037,0.106,0.041,0,0,0.053,0,0.045,0,0,0,0.079,0,0,0,0,0.468,0.861,0.792,0.386,0.456,0.825,0.769,0.353,0.483,0.664,0.787,0.441,0.08,0.067,0.106,0.066,0.028,0.162,0,0,0,0,0.075,0.063,0,0.053,0,0,0.219,0.445,0.502,0.221,0.257,0.476,0.505,0.191,0.246,0.485,0.556,0.192,0.04,0,0,0.021,0.032,0,0.014,0.051,0,0,0,0,0.021,0.052,0.043,0.013,0,0.112,0.22,0.008,0,0.106,0.11,0,0,0.097,0.095,0.06,0,0,0,0,0.091,0,0,0,0.034,0.086,0.087,0,0,0.032,0,0,0,0.08,0,0.088,0,0.012,0.055,0,0.067,0,0,0.061,0.034,0,0,0.031,0.087,0.031,0,0,0,0,0.026,0.004,0,0.026,0,0,0.021,0.023,0,0.118,0.032,0.001,0,0,0.107,0,0.025,0,0.055,0,0,0.012,0.056,0,0,0.016,0.021
7,0,0.069,0.021,0.396,0.804,0.804,0.42,0.535,0.827,0.512,0.55,0.706,0.756,0.257,0.587,0.798,0.49,0.469,0.698,0.699,0.233,0.022,0,0,0.035,0.004,0,0.067,0,0,0,0.446,0.737,0.785,0.293,0.607,0.843,0.527,0.503,0.781,0.733,0.362,0.66,0.893,0.482,0.542,0.844,0.694,0.352,0.04,0.02,0.028,0.138,0,0,0,0,0,0.056,0.147,0.4,0.425,0.375,0.357,0.506,0.389,0.128,0.476,0.331,0.209,0.466,0.441,0.234,0.3,0.505,0.375,0.138,0.076,0.08,0.022,0,0.036,0.003,0.003,0,0.051,0,0.003,0.048,0.116,0.081,0.031,0.09,0.011,0,0.104,0,0,0,0.14,0.079,0.362,0.605,0.465,0.309,0.086,0,0,0,0,0.044,0,0.078,0.058,0.079,0,0.079,0,0.095,0,0,0.038,0.058,0,0.006,0,0,0.028,0.178,0.403,0.841,0.799,0.342,0.065,0.029,0,0.043,0.055,0.007,0,0.047,0,0,0.042,0,0.008,0.013,0.006,0.071,0,0.035,0.001,0.037,0,0.175,0.143,0.14,0.515,0.679,0.641,0.397,0,0,0,0,0,0.015,0.019,0,0,0.024,0,0,0,0.039,0,0.02,0.131,0.057,0,0.017,0.111,0.402,0.391,0.345,0.174,0.186,0.171,0,0.015,0,0,0,0,0,0.073,0,0,0,0,0,0.007,0.034,0,0,0.05,0,0.033,0.011,0.3,0.699,0.812,0.586,0.212,0,0.019,0,0.016,0.12,0,0,0.061,0,0.043,0.015,0.011,0.011,0.032,0,0,0,0.053,0.002,0,0.002,0.032,0,0.311,0.738,0.825,0.551,0.211,0,0.025,0,0.014,0,0.047,0.051,0.095,0.024,0,0.022,0,0.04,0.007,0,0,0.056,0,0.006,0.026,0.167,0.325,0.239,0.133,0.345,0.423,0.289,0.06,0.067,0,0,0,0,0.034,0,0,0,0.019,0,0,0.023,0.007,0,0.024,0,0.048,0.029,0.032,0.453,0.65,0.64,0.338,0,0,0,0,0.052,0,0,0,0,0.017,0.007,0,0.006,0,0,0.04,0.035,0.029,0,0.013,0,0,0,0.152,0.467,0.858,0.736,0.464,0.034,0,0.056,0.085,0,0.016,0,0,0,0.022,0,0,0.001,0.056,0,0,0.007,0.063,0.07,0.003,0.006,0.066,0.063,0.098,0.322,0.561,0.522,0.291,0.038,0.043,0,0.079,0,0.008,0.084,0.058,0,0.035,0,0,0,0,0.024,0,0,0,0,0,0.171,0.411,0.478,0.365,0.191,0.219,0.108,0,0,0.063,0.027,0.037,0.04,0.034,0.115,0.011,0,0.046,0,0,0,0.023,0.068,0,0.017,0.115,0.001,0,0.286,0.583,0.932,0.618,0.235,0,0,0,0,0,0.017,0.031,0.085,0.049,0,0.017,0.022,0.04,0,0,0.023,0,0,0,0.033,0,0.051,0,0.212,0.51,0.771,0.529,0.232,0.029,0,0,0.027,0.041,0.002,0.06,0,0,0,0.046,0,0,0,0,0,0,0.073,0,0.022,0,0.018,0,0.1,0.291,0.393,0.238,0,0,0,0,0.001,0,0.031,0,0,0.065,0.059,0,0.011,0.073,0,0.011,0.042,0.043,0,0,0.012,0.025,0,0.156,0.26,0.571,0.752,0.562,0.215,0.015,0.146,0,0.017,0,0.012,0,0.01,0,0.152,0,0.148,0.021,0,0.02,0,0.031,0,0,0.008,0.02,0,0.057,0.197,0.592,0.875,0.62,0.138,0,0,0.094,0.043,0,0,0,0.022,0,0.095,0,0,0.032,0,0,0,0.019,0,0,0.052,0.101,0.073,0.044,0.142,0.43,0.533,0.432,0.04,0.021,0,0,0.006,0.036,0.088,0,0.012,0.025,0,0,0.102,0.004,0,0,0,0.072,0.101,0,0.044,0.011,0.037,0.155,0.137,0.369,0.56,0.431,0.133,0.032,0.086,0.016,0.031,0,0,0,0,0,0,0.051,0,0,0.003,0.044,0,0.02,0,0.028,0,0.005,0.02,0.121,0.395,0.653,0.897,0.658,0.243,0,0,0,0,0,0.022,0.103,0,0.079,0.02,0.102,0,0.078,0.115,0.071,0.019,0.057,0.009,0,0,0.089,0.017,0.014,0.155,0.494,0.657,0.496,0.242,0,0,0.052,0.025,0,0,0.053,0,0.024,0,0.016,0.065,0,0,0.131,0,0.007,0,0,0.018,0.006,0.054,0,0,0.306,0.284,0.208,0.066,0.002,0,0,0,0.018,0.017,0.019,0.034,0,0,0.022,0,0,0,0,0,0,0,0.131,0.027,0.028,0,0.077,0,0.033,0,0,0.027,0,0,0,0.052,0.077,0,0.04,0.056,0,0.012,0,0,0.034,0.062,0.058,0,0,0,0.019,0.004,0,0,0,0.065,0,0,0,0.038,0,0,0,0.02,0,0,0,0,0,0.013,0,0,0.123,0.014,0.036,0.019,0.016,0,0,0.034,0.041,0,0.005,0.012,0,0,0.024,0.059,0,0,0.036,0,0.002,0,0.132,0.021,0,0.006,0.088,0.09,0.06,0,0,0.014,0.033,0.006,0,0.007,0,0,0.081,0.08,0.017,0.041,0.073,0,0,0.029,0.055,0.087,0.033,0,0,0,0.052,0.139,0,0.11,0.042,0,0.068,0.032,0.035
8,0,0.009,0.084,0,0.044,0,0.386,0.655,0.915,0.47,0.338,0.622,0.865,0.583,0.341,0.75,0.912,0.59,0.088,0.043,0,0,0,0,0,0,0,0.018,0.01,0.085,0,0,0,0,0.206,0.599,0.687,0.556,0.2,0.609,0.646,0.489,0.317,0.645,0.703,0.425,0.126,0,0.01,0,0.084,0,0.022,0.055,0,0,0,0,0,0.097,0.266,0.131,0.132,0.337,0.229,0.175,0.054,0.308,0.342,0.192,0.101,0.313,0.409,0.098,0.053,0.124,0.074,0,0,0,0.092,0.069,0,0,0,0,0.198,0.447,0.497,0.435,0.13,0.048,0,0.069,0,0,0,0,0.057,0.079,0.061,0.075,0.259,0.561,0.541,0.334,0,0,0,0,0,0,0,0.043,0.261,0.673,0.911,0.632,0.147,0,0.006,0,0.016,0.007,0.001,0,0.039,0,0.05,0.063,0.414,0.795,0.774,0.443,0.026,0,0.024,0.057,0,0,0,0.023,0.2,0.525,0.676,0.528,0.175,0,0,0.022,0.133,0.017,0,0,0,0,0,0.043,0.27,0.567,0.651,0.399,0.029,0,0,0.022,0,0,0.024,0.034,0.021,0.265,0.346,0.3,0.035,0.057,0.047,0,0,0.031,0,0,0,0,0.081,0,0.044,0.312,0.313,0.067,0,0,0,0,0.014,0.003,0,0.035,0.256,0.429,0.547,0.421,0.136,0.028,0,0,0.03,0.016,0,0,0,0,0.03,0,0.287,0.505,0.559,0.303,0,0.06,0.007,0.012,0,0,0,0.018,0.175,0.571,1,0.576,0.308,0.059,0.036,0,0.025,0,0.019,0.055,0.003,0,0,0,0.375,0.726,0.897,0.473,0.092,0,0.011,0.051,0,0,0,0.054,0.162,0.433,0.659,0.503,0.256,0,0.032,0.035,0.023,0,0,0.106,0,0.033,0,0,0.297,0.721,0.664,0.428,0.024,0,0,0,0.02,0,0.03,0,0,0.125,0.345,0.245,0,0.189,0.201,0.172,0,0.187,0.226,0.148,0,0.25,0.263,0.133,0.094,0.197,0.257,0.145,0.059,0.057,0.028,0.02,0.045,0.026,0,0.049,0,0.091,0.023,0,0.153,0.559,0.616,0.453,0.203,0.518,0.626,0.529,0.263,0.558,0.651,0.363,0.103,0,0.006,0,0.015,0,0.04,0.05,0,0,0.005,0.007,0,0.031,0,0,0.308,0.678,0.889,0.637,0.384,0.658,0.845,0.482,0.429,0.8,0.862,0.414,0.175,0,0.063,0,0.075,0.069,0.011,0.003,0,0.014,0,0.075,0,0,0.068,0.068,0.225,0.472,0.662,0.397,0.238,0.562,0.65,0.384,0.317,0.517,0.648,0.47,0.033,0.106,0.053,0,0,0.052,0,0.004,0.008,0.045,0,0.01,0.036,0.241,0.379,0.169,0,0.305,0.22,0.194,0.082,0.196,0.262,0.182,0,0.336,0.278,0.075,0.037,0.262,0.256,0.193,0.03,0.071,0.036,0.026,0,0,0,0,0.179,0.448,0.672,0.399,0.17,0,0.046,0,0,0,0.023,0.087,0.091,0,0.03,0.034,0.475,0.599,0.709,0.427,0.094,0,0.01,0,0.053,0.14,0,0,0.291,0.521,0.962,0.593,0.254,0.028,0.045,0,0,0,0,0,0,0,0.058,0.107,0.434,0.665,0.878,0.486,0,0,0.005,0,0.06,0,0.046,0.052,0.203,0.492,0.615,0.439,0.171,0.057,0.054,0.03,0.004,0.042,0,0,0.01,0,0,0.095,0.271,0.476,0.564,0.375,0.075,0,0.009,0.005,0.034,0,0,0.009,0.055,0.352,0.409,0.24,0,0.027,0.002,0.06,0,0.078,0.02,0,0,0,0,0.059,0.1,0.345,0.318,0.093,0.028,0,0,0,0.013,0.03,0,0,0.193,0.55,0.661,0.472,0.206,0,0.021,0.117,0,0,0,0.004,0,0,0.029,0,0.375,0.614,0.661,0.443,0,0.065,0,0.046,0,0.057,0,0,0.316,0.616,0.876,0.628,0.187,0.087,0,0,0,0.062,0.01,0.028,0.021,0.037,0,0.038,0.505,0.796,0.772,0.518,0.123,0.051,0,0,0,0.074,0,0,0.175,0.384,0.506,0.478,0.122,0,0.034,0.096,0,0,0,0.027,0,0,0.001,0,0.268,0.535,0.488,0.269,0.071,0,0,0,0.081,0,0.057,0.009,0.006,0.145,0.181,0.153,0,0.337,0.361,0.233,0.175,0.313,0.303,0.151,0.096,0.362,0.303,0.177,0,0.161,0.201,0.068,0,0,0.034,0.096,0.012,0,0.009,0.007,0,0,0,0.04,0.223,0.593,0.714,0.418,0.26,0.576,0.834,0.424,0.392,0.59,0.668,0.42,0.184,0.141,0,0,0,0,0.034,0,0.005,0,0.018,0,0.03,0.054,0,0,0.261,0.609,0.934,0.568,0.326,0.688,0.927,0.529,0.444,0.681,0.873,0.514,0.084,0,0.035,0,0,0,0.106,0.044,0,0,0.06,0.048,0.012,0.065,0,0,0.157,0.424,0.528,0.44,0.195,0.483,0.532,0.288,0.219,0.424,0.45,0.338,0.002,0.008,0,0,0,0,0,0,0.013,0,0.029,0.024,0,0,0,0,0.032,0.157,0.199,0.071,0,0.142,0.1,0.051,0.011,0.223,0.174,0.029,0,0.001,0,0,0.002,0.083,0.041,0.01,0.062,0,0.039,0,0,0.045,0.069,0.024,0.104,0.046,0.003,0.017,0.031,0,0.001,0,0,0,0.027,0,0,0.036,0.026,0.137,0.027,0,0,0.062,0,0
9,0,0.07,0,0,0.008,0,0.106,0.403,0.794,0.757,0.473,0.443,0.916,0.659,0.324,0.694,0.837,0.447,0.122,0,0.01,0.03,0,0,0.019,0,0.011,0.021,0.013,0.022,0,0,0.138,0.087,0,0.357,0.75,0.703,0.354,0.461,0.681,0.556,0.261,0.612,0.758,0.472,0.074,0.027,0.012,0,0,0.075,0.043,0.068,0,0.026,0,0.013,0.025,0.038,0.155,0.351,0.23,0.128,0.284,0.32,0.135,0.222,0.309,0.252,0.158,0.274,0.378,0.207,0.144,0.409,0.282,0.068,0.002,0,0.004,0,0.035,0,0,0.014,0,0.263,0.56,0.613,0.507,0.137,0,0.069,0,0.006,0,0.028,0,0.07,0.007,0.129,0.443,0.672,0.597,0.285,0,0.031,0.07,0,0.006,0.023,0.004,0,0,0.327,0.668,0.925,0.583,0.189,0,0,0,0.051,0.028,0.016,0.081,0.049,0,0.182,0.528,0.91,0.704,0.376,0.018,0.149,0.125,0,0,0,0.064,0.044,0.048,0.139,0.537,0.565,0.43,0.071,0.008,0,0,0,0.047,0.042,0,0,0,0.029,0.422,0.562,0.512,0.3,0.015,0,0.017,0,0.017,0.065,0.043,0.076,0.04,0.151,0.414,0.454,0.382,0.08,0.03,0.022,0.068,0.026,0.048,0.006,0,0.033,0.071,0.022,0.282,0.461,0.447,0.093,0.061,0.063,0,0.013,0.035,0.062,0,0,0.06,0.286,0.57,0.885,0.598,0.264,0.036,0.055,0.043,0,0,0.017,0.058,0.017,0,0.21,0.511,0.773,0.697,0.363,0,0,0.034,0.009,0,0.021,0.053,0.031,0.041,0.373,0.651,0.822,0.503,0.191,0.037,0,0,0.046,0.043,0.037,0,0.013,0.039,0.098,0.41,0.757,0.646,0.342,0.052,0.075,0.053,0.039,0,0,0.024,0.053,0.05,0.102,0.404,0.462,0.253,0,0.219,0.196,0.042,0.164,0.26,0.171,0.072,0.283,0.139,0.194,0.305,0.405,0.453,0.139,0.003,0,0,0,0.022,0,0.004,0,0.057,0,0,0,0,0.322,0.599,0.522,0.312,0.47,0.544,0.443,0.249,0.488,0.656,0.433,0.442,0.676,0.58,0.203,0.014,0.075,0.065,0,0.038,0.005,0,0,0,0.015,0.12,0.011,0.035,0.421,0.886,0.815,0.497,0.573,0.98,0.653,0.291,0.729,0.881,0.577,0.505,0.911,0.753,0.369,0,0.027,0.063,0,0.086,0,0,0.027,0.017,0.06,0,0,0.061,0.413,0.627,0.58,0.368,0.45,0.743,0.478,0.249,0.491,0.57,0.437,0.437,0.599,0.572,0.358,0,0.045,0.073,0.064,0,0.003,0,0,0,0.004,0,0,0,0.058,0.312,0.278,0.067,0.109,0.353,0.233,0.039,0.197,0.278,0.195,0.165,0.373,0.321,0.107,0.032,0,0,0.026,0.042,0,0,0.078,0,0,0,0,0,0.035,0,0.029,0.012,0.067,0,0,0.003,0.047,0,0.142,0.492,0.73,0.683,0.338,0,0,0.005,0.033,0,0,0.02,0.038,0,0,0,0,0.038,0.004,0,0,0.022,0.118,0.068,0.001,0,0.008,0,0.059,0.452,0.932,0.678,0.353,0.04,0,0,0,0.038,0,0,0.123,0.045,0,0,0,0.044,0.04,0,0.099,0,0,0,0.037,0,0.133,0.153,0.077,0.303,0.45,0.484,0.213,0,0,0.008,0.039,0.02,0.047,0,0.003,0.052,0.044,0.062,0,0,0,0.021,0.04,0,0,0,0,0.126,0.476,0.545,0.36,0,0.058,0.108,0.004,0.069,0,0,0.011,0.058,0,0.005,0,0.048,0,0.058,0,0.005,0,0,0,0,0,0,0.062,0.314,0.681,0.789,0.517,0.096,0,0,0.04,0,0.076,0,0.012,0.039,0.034,0.055,0,0.017,0.068,0,0,0.003,0,0,0.094,0.032,0,0,0.034,0.343,0.62,0.706,0.543,0.06,0,0.002,0,0,0,0,0,0,0.015,0,0,0,0.029,0,0,0,0.105,0.348,0.292,0.162,0.178,0.294,0.236,0.182,0.251,0.416,0.123,0.055,0,0.071,0,0.007,0,0.057,0,0.096,0.01,0.007,0.047,0,0.003,0,0.082,0,0.341,0.565,0.647,0.309,0.561,0.714,0.606,0.131,0.011,0.004,0,0,0,0.035,0.037,0,0,0.006,0,0,0,0.017,0,0.048,0,0,0,0.069,0.413,0.855,0.838,0.474,0.614,0.997,0.696,0.357,0,0,0.056,0,0.127,0,0.099,0.06,0.082,0.051,0.003,0.017,0.006,0,0.023,0.049,0,0.069,0,0,0.218,0.516,0.57,0.249,0.393,0.612,0.447,0.223,0,0,0,0.025,0,0,0,0.019,0,0,0,0.035,0,0,0,0,0.133,0.021,0.015,0.089,0.09,0.132,0.235,0.073,0.12,0.247,0.183,0.018,0,0,0.083,0.013,0.09,0,0,0.059,0.115,0,0,0.087,0,0.032,0.044,0.055,0.035,0,0,0,0,0,0,0.047,0.005,0,0,0.065,0.017,0.017,0.025,0.034,0.069,0.046,0,0.005,0,0,0,0,0.011,0,0,0,0,0,0,0.029,0,0.074,0,0,0.017,0.017,0,0.051,0.114,0,0,0,0,0,0,0,0,0,0.082,0,0.063,0.119,0.001,0.052,0,0.046,0,0.078,0.122,0,0.071,0.005,0,0.052,0.075,0,0.029,0,0,0,0.014,0,0,0,0.008,0,0,0.017,0
0,0,0,0.007,0.015,0.023,0.115,0.234,0.615,0.856,0.632,0.326,0.56,0.969,0.595,0.339,0.65,0.828,0.636,0.289,0,0.029,0,0.039,0.034,0.015,0.007,0.022,0.086,0.13,0.039,0.093,0,0,0.019,0.051,0.351,0.581,0.504,0.151,0.308,0.53,0.42,0.261,0.337,0.502,0.439,0.145,0,0,0,0,0.043,0,0,0,0.043,0,0,0,0.234,0.323,0.288,0.081,0.027,0.251,0.169,0,0.119,0.139,0.16,0.02,0.067,0.118,0.146,0.05,0.283,0.334,0.234,0.03,0,0.012,0,0.022,0.028,0,0,0.214,0.501,0.862,0.482,0.243,0.009,0,0.047,0.073,0,0.056,0,0.032,0.006,0,0.001,0.178,0.58,0.775,0.508,0.218,0,0.068,0.038,0.028,0,0.022,0,0.204,0.657,0.95,0.717,0.255,0.08,0,0,0.017,0,0.029,0.002,0.047,0.06,0.051,0.064,0.266,0.443,0.879,0.711,0.176,0.058,0.015,0.003,0,0.018,0.013,0.101,0.199,0.42,0.546,0.465,0.153,0.009,0,0,0.001,0,0,0,0.051,0.114,0,0.022,0.106,0.374,0.458,0.326,0.188,0.062,0,0,0,0.146,0,0.081,0,0.206,0.376,0.282,0.031,0,0,0.039,0.051,0.033,0,0,0,0.245,0.265,0.221,0.004,0.286,0.322,0.34,0.01,0.04,0,0.03,0.019,0,0.052,0.081,0.184,0.442,0.765,0.544,0.227,0,0,0,0,0.049,0.016,0,0.163,0.512,0.805,0.638,0.3,0.441,0.746,0.604,0.231,0.074,0.04,0,0,0,0,0.033,0.258,0.525,0.941,0.658,0.232,0.028,0.07,0.116,0,0,0.048,0.04,0.15,0.51,0.887,0.737,0.341,0.626,0.868,0.62,0.269,0,0,0,0.113,0,0,0,0.047,0.408,0.508,0.408,0.157,0,0,0,0.055,0.017,0.037,0,0,0.365,0.57,0.345,0.122,0.351,0.487,0.398,0.161,0.124,0.014,0.094,0,0,0.077,0.032,0,0.209,0.29,0.299,0,0,0.023,0.026,0.012,0.187,0.324,0.234,0,0.112,0.194,0.079,0.009,0.291,0.343,0.344,0.113,0,0.05,0.054,0,0,0.046,0.011,0.243,0.485,0.709,0.512,0.189,0.003,0,0,0.164,0.605,0.677,0.537,0.262,0.078,0.021,0,0.215,0.484,0.69,0.547,0.327,0,0.043,0,0.059,0,0.035,0.091,0.217,0.653,0.894,0.7,0.266,0.038,0.065,0,0.175,0.508,0.87,0.661,0.252,0.103,0.044,0,0.209,0.572,0.855,0.641,0.292,0,0,0.006,0.041,0,0,0.074,0.136,0.328,0.481,0.383,0.169,0,0,0.059,0.168,0.357,0.521,0.481,0.079,0.005,0.031,0.023,0.13,0.402,0.475,0.422,0.179,0,0.029,0.068,0,0,0,0.023,0.105,0.201,0.364,0.229,0.047,0.196,0.358,0.356,0.029,0.124,0.173,0.078,0,0,0.029,0,0,0.24,0.403,0.226,0.134,0,0,0,0,0,0.051,0,0.222,0.56,0.659,0.554,0.196,0.536,0.808,0.611,0.301,0.003,0,0.056,0,0,0.004,0,0.17,0.526,0.772,0.548,0.279,0.036,0.036,0,0,0.035,0.014,0,0.192,0.525,0.892,0.667,0.223,0.623,0.806,0.72,0.291,0,0.013,0,0.046,0,0.015,0.014,0.196,0.586,0.977,0.67,0.356,0,0,0.013,0,0.014,0,0.086,0.048,0.3,0.583,0.42,0.17,0.359,0.534,0.432,0.138,0,0.024,0,0.127,0,0,0.049,0.148,0.413,0.596,0.399,0.137,0.012,0,0.047,0.029,0,0,0.039,0,0.2,0.349,0.284,0,0.064,0.092,0.104,0.007,0,0,0.042,0.009,0,0,0.055,0.01,0.297,0.305,0.318,0.02,0,0.096,0.067,0,0,0.036,0,0.133,0.6,0.693,0.578,0.211,0.044,0,0.046,0,0,0,0,0.002,0,0,0.009,0.267,0.481,0.707,0.525,0.288,0,0.016,0.003,0,0.019,0,0,0.183,0.539,0.895,0.709,0.221,0,0,0.019,0,0.084,0,0,0,0,0,0.074,0.155,0.551,0.866,0.731,0.332,0,0.041,0,0.009,0,0,0.09,0.069,0.297,0.545,0.403,0.193,0,0,0.023,0.005,0.062,0.009,0.104,0.079,0.005,0.046,0.01,0.159,0.374,0.498,0.384,0.115,0,0,0.007,0,0,0,0,0,0.104,0.142,0.046,0,0.27,0.401,0.29,0.053,0.327,0.408,0.254,0.056,0.166,0.338,0.317,0.065,0.06,0.17,0.071,0,0,0,0.052,0.041,0,0,0,0.053,0.059,0.016,0.034,0.154,0.494,0.768,0.575,0.223,0.543,0.802,0.528,0.266,0.488,0.686,0.568,0.26,0,0.041,0,0.018,0.005,0,0.016,0.019,0,0,0,0,0,0.04,0.02,0.26,0.539,0.939,0.739,0.269,0.554,0.83,0.634,0.354,0.517,0.945,0.66,0.306,0,0.022,0,0,0,0,0,0.021,0,0.052,0,0.015,0,0,0.035,0.127,0.411,0.502,0.405,0.188,0.381,0.526,0.491,0.088,0.428,0.499,0.399,0.106,0,0.028,0.018,0,0.019,0.032,0,0.05,0.027,0.038,0.046,0.032,0.028,0,0.02,0.009,0.004,0.118,0.103,0,0.029,0.066,0.037,0.007,0.142,0.18,0.1,0.052,0,0,0,0.002,0,0.018,0.024,0.026,0.026,0.045,0,0,0,0,0,0.097,0.023,0.027,0.021,0.016,0.077,0.093,0,0,0.093,0,0.047,0.114,0,0.032,0,0,0,0,0.025,0,0
1,0.012,0,0.013,0.074,0,0,0,0,0,0.041,0,0.309,0.583,0.936,0.655,0.309,0,0,0,0.02,0.042,0.028,0,0,0.002,0,0,0,0,0.086,0,0.029,0.031,0.096,0.058,0,0,0.017,0.034,0.231,0.44,0.612,0.48,0.189,0,0,0,0,0,0,0.001,0.05,0.007,0.019,0.114,0,0,0,0.071,0.01,0.025,0.039,0,0.022,0.194,0.374,0.281,0.077,0.295,0.298,0.232,0.032,0.026,0,0,0.021,0.083,0,0.078,0.006,0,0,0.03,0,0.041,0,0,0.027,0.017,0,0,0.113,0.475,0.607,0.659,0.287,0.492,0.733,0.577,0.257,0.04,0.049,0,0.007,0.024,0,0,0.016,0,0.059,0,0.104,0.008,0.077,0,0,0,0,0.022,0.129,0.424,0.757,0.67,0.385,0.54,1,0.598,0.283,0.009,0,0.048,0,0,0.028,0,0,0.032,0.01,0,0.011,0,0.021,0.04,0.03,0,0,0,0,0.285,0.56,0.433,0.278,0.392,0.532,0.457,0.085,0,0.096,0,0.024,0.004,0.085,0.032,0.008,0,0.062,0.01,0,0.019,0.054,0.014,0,0.009,0,0.01,0.012,0,0.14,0.032,0.069,0.349,0.559,0.421,0.16,0,0,0.044,0,0,0.008,0,0.006,0.017,0,0,0,0.026,0,0.016,0.092,0.007,0,0,0,0.009,0.054,0,0.334,0.679,0.788,0.61,0.19,0.08,0,0.023,0.038,0,0,0.025,0,0.023,0,0.022,0.01,0.053,0.11,0,0,0.002,0.028,0.018,0,0,0.027,0,0.196,0.573,0.75,0.538,0.173,0,0.001,0,0.051,0,0.043,0.051,0.017,0,0,0,0,0,0.006,0,0.041,0.01,0.036,0.04,0.046,0.03,0.066,0.041,0,0.303,0.402,0.353,0.138,0,0,0.047,0,0,0,0,0.075,0.012,0.044,0.051,0,0.003,0.024,0,0,0.057,0.08,0,0.02,0.068,0.049,0,0.145,0.53,0.606,0.493,0.269,0,0.003,0,0,0.035,0,0.005,0.024,0,0.015,0.012,0,0.031,0,0,0,0.031,0,0.007,0,0,0.067,0,0.301,0.72,1,0.629,0.328,0,0,0.094,0.042,0.01,0.041,0.027,0,0.016,0.072,0.056,0.023,0,0,0,0,0,0,0.066,0,0,0.022,0.044,0.114,0.492,0.658,0.424,0.116,0.072,0.004,0,0,0.077,0,0.001,0.044,0,0,0,0.107,0.012,0.028,0.137,0.076,0.07,0,0.05,0.028,0,0,0,0,0.273,0.431,0.344,0.085,0.015,0.035,0.066,0,0.015,0.044,0,0.037,0.015,0.031,0,0,0.031,0,0,0,0.011,0,0.036,0,0,0.023,0.024,0.264,0.605,0.703,0.576,0.195,0,0.086,0.004,0.052,0.068,0.02,0,0.055,0.02,0,0,0.018,0,0.026,0.055,0,0.013,0.055,0.057,0.052,0.027,0,0,0.296,0.63,0.876,0.549,0.217,0.011,0.012,0.039,0.011,0.023,0,0.033,0,0,0.037,0.082,0.052,0.014,0,0,0.018,0.026,0,0.06,0.024,0.072,0,0,0.085,0.4,0.452,0.403,0.086,0.015,0.02,0.033,0,0.052,0,0,0.035,0.051,0,0,0,0.047,0,0,0.014,0.064,0.015,0,0,0,0.04,0,0.117,0.484,0.471,0.355,0.087,0.075,0.033,0.043,0.004,0,0,0.082,0,0.053,0.062,0.011,0.011,0,0,0,0,0.089,0.034,0.046,0,0,0,0.028,0.283,0.636,0.913,0.618,0.271,0.036,0,0,0.079,0.077,0.013,0.028,0.004,0,0.061,0.01,0.001,0.053,0,0.025,0.006,0.024,0.055,0.093,0,0.051,0,0.02,0.239,0.504,0.667,0.592,0.197,0.08,0.02,0,0.02,0.113,0.048,0,0.025,0,0,0.047,0,0,0,0,0.023,0.055,0.028,0,0,0.145,0.299,0.15,0.195,0.183,0.311,0.244,0.16,0.219,0.249,0.164,0,0,0,0.008,0,0,0,0.086,0,0.001,0.114,0,0.018,0,0.033,0.083,0.116,0.401,0.636,0.554,0.31,0.506,0.664,0.485,0.306,0.653,0.615,0.353,0.081,0.035,0.003,0.034,0,0,0,0.013,0,0.08,0.025,0.086,0.042,0,0,0.018,0.109,0.431,0.896,0.832,0.371,0.545,0.972,0.562,0.39,0.706,0.874,0.463,0.171,0,0,0,0,0,0,0.008,0.019,0,0,0,0,0,0,0,0.024,0.425,0.52,0.52,0.309,0.477,0.634,0.428,0.322,0.591,0.55,0.397,0,0.044,0.088,0.007,0,0,0.013,0,0,0,0.027,0.023,0,0,0.007,0,0,0.093,0.163,0.158,0.024,0.143,0.234,0.214,0,0.172,0.213,0.081,0.039,0,0,0,0.008,0.021,0,0.006,0,0,0,0.004,0,0,0.012,0,0,0,0,0.036,0.007,0,0.017,0.017,0,0,0,0,0.032,0,0.012,0.003,0.039,0,0,0,0.035,0.082,0,0,0.001,0,0.094,0,0.008,0.022,0.057,0,0.034,0.041,0,0.013,0.016,0.005,0.007,0,0,0.107,0.042,0,0,0.025,0.001,0.033,0,0.11,0,0.019,0.075,0.034,0,0,0,0.031,0.01,0,0.003,0,0,0.022,0.069,0.031,0,0,0,0,0,0.023,0.004,0,0,0,0
2,0.048,0.012,0.027,0.01,0,0,0.215,0.603,0.91,0.647,0.264,0.581,0.996,0.579,0.29,0.643,0.981,0.565,0.305,0.084,0.064,0.106,0.027,0,0,0,0.047,0.036,0,0,0.033,0.003,0.057,0,0.096,0.37,0.581,0.455,0.129,0.38,0.543,0.503,0.195,0.394,0.713,0.436,0.17,0,0,0,0,0.051,0.052,0.048,0,0.063,0,0,0,0.255,0.39,0.31,0.03,0.082,0.137,0.175,0,0.141,0.163,0.097,0.006,0.109,0.208,0.164,0.07,0.317,0.362,0.114,0.002,0.023,0.081,0,0,0.042,0,0.023,0.096,0.465,0.706,0.55,0.188,0,0.025,0,0.047,0.108,0,0.023,0,0,0,0.016,0.274,0.586,0.735,0.463,0.075,0,0,0,0,0.078,0,0,0.282,0.619,0.933,0.638,0.333,0.063,0.042,0.007,0,0,0.011,0,0,0,0.038,0.061,0.295,0.677,0.917,0.583,0.205,0.038,0.046,0,0.052,0.025,0,0,0.113,0.418,0.476,0.449,0.15,0.026,0.048,0,0,0,0.115,0,0,0.007,0,0.036,0.127,0.376,0.503,0.3,0.088,0,0.006,0,0,0,0.007,0.043,0.048,0.097,0.155,0.14,0.085,0.027,0,0,0.035,0,0.016,0,0.083,0.028,0.016,0,0.027,0.22,0.357,0.222,0.03,0.002,0,0,0.011,0.01,0,0.003,0,0.039,0.031,0.007,0,0.057,0.111,0.041,0,0.037,0.024,0.049,0,0.009,0,0,0.241,0.568,0.793,0.509,0.237,0,0.013,0.061,0.036,0,0.021,0.056,0,0,0.01,0.083,0.028,0,0,0.013,0,0,0.032,0,0,0,0,0.09,0.302,0.584,0.892,0.542,0.187,0.057,0,0,0.107,0.135,0.033,0,0.041,0,0,0.025,0.062,0.003,0.026,0,0,0,0.038,0,0.02,0.096,0,0,0.156,0.403,0.478,0.356,0.17,0,0,0,0,0,0.034,0,0,0.012,0.032,0,0.043,0,0.071,0.007,0.001,0.025,0,0,0.086,0.272,0.489,0.357,0.013,0.135,0.153,0.024,0,0,0.03,0.002,0.005,0.054,0,0.117,0,0.079,0.014,0,0.112,0,0.015,0.021,0.072,0,0,0,0.179,0.57,0.821,0.524,0.222,0,0.001,0.037,0,0,0.013,0.057,0,0.011,0,0.02,0.067,0.042,0.047,0,0.007,0.094,0,0,0,0.038,0.085,0.081,0.3,0.662,0.917,0.674,0.194,0,0,0,0,0,0.045,0,0,0,0.025,0,0.013,0.004,0.036,0,0,0,0.135,0.012,0,0.03,0.06,0,0.105,0.301,0.509,0.455,0.161,0.032,0,0.01,0.102,0,0.027,0.051,0.039,0,0.008,0.023,0.092,0.025,0,0.081,0.074,0,0.022,0.041,0.038,0.319,0.424,0.318,0.122,0,0.126,0.065,0.011,0,0,0,0.034,0.012,0.024,0.056,0,0.026,0,0,0.039,0,0,0.045,0.046,0,0,0,0.196,0.604,0.816,0.577,0.158,0.018,0.007,0.033,0.013,0.025,0,0.102,0,0.013,0.006,0.056,0,0.047,0,0.018,0.018,0.046,0,0,0,0,0.015,0,0.245,0.614,1,0.577,0.195,0,0,0,0.067,0.042,0,0,0,0.059,0,0.019,0,0,0.026,0.008,0,0.103,0.047,0,0.027,0,0.004,0.005,0.073,0.274,0.561,0.384,0.096,0.031,0,0.001,0,0,0,0,0.044,0,0.021,0.032,0,0.038,0.042,0.033,0.016,0,0.08,0.004,0,0.243,0.511,0.286,0.028,0.074,0.147,0.049,0.01,0.065,0.079,0.018,0,0.021,0.066,0,0,0,0,0.028,0.078,0,0.096,0.026,0.064,0.006,0.008,0.004,0.189,0.513,0.758,0.572,0.251,0,0,0.009,0.005,0.002,0.049,0.019,0,0.085,0.1,0.006,0,0.012,0.062,0,0,0,0.05,0,0.058,0,0,0.012,0.183,0.598,0.837,0.482,0.134,0,0.027,0.123,0.09,0,0,0,0.019,0.047,0,0,0.009,0,0.017,0.023,0.006,0,0,0.086,0.055,0,0.083,0,0.077,0.311,0.472,0.346,0.15,0.033,0.096,0.052,0,0.125,0.134,0,0.104,0,0.091,0.011,0.011,0,0,0.149,0,0,0,0,0.094,0.229,0.482,0.341,0.063,0.331,0.465,0.357,0.143,0.278,0.311,0.347,0.191,0.414,0.415,0.361,0.153,0.383,0.412,0.339,0.052,0,0.062,0.048,0.05,0,0,0.091,0.125,0.661,0.95,0.623,0.314,0.659,0.752,0.577,0.257,0.624,0.857,0.578,0.311,0.664,0.753,0.489,0.272,0.67,0.92,0.458,0.117,0,0.03,0.017,0.004,0.059,0.035,0.027,0.221,0.556,0.806,0.616,0.285,0.612,0.851,0.626,0.281,0.63,0.904,0.542,0.224,0.58,0.85,0.659,0.146,0.581,0.855,0.617,0.279,0,0.041,0,0,0.06,0.039,0,0.06,0.397,0.436,0.372,0.054,0.471,0.452,0.243,0.057,0.338,0.476,0.29,0.055,0.332,0.46,0.336,0.124,0.369,0.436,0.346,0.012,0.024,0,0.042,0,0,0.016,0.018,0.036,0.026,0.155,0,0,0,0.04,0,0,0.087,0.022,0,0.002,0.003,0,0,0,0,0.122,0,0.022,0.003,0,0.009,0,0,0,0.107,0,0.059,0,0.066,0.02,0,0,0.067,0,0,0.075,0.021,0.112,0.042,0.024,0.034,0,0.021,0.122,0,0.08,0.068,0.017,0,0.104,0
3,0,0,0.007,0.221,0.644,0.698,0.404,0.43,0.616,0.627,0.293,0.454,0.749,0.527,0.249,0.47,0.69,0.444,0.372,0.54,0.693,0.351,0.047,0.016,0,0.017,0.026,0.169,0.001,0.023,0,0.367,0.804,0.926,0.47,0.51,0.772,0.761,0.433,0.546,0.926,0.623,0.294,0.703,1,0.732,0.364,0.724,0.903,0.403,0.125,0.058,0.08,0.05,0.043,0.023,0,0.036,0.003,0.296,0.573,0.616,0.334,0.389,0.55,0.567,0.341,0.421,0.577,0.568,0.214,0.612,0.529,0.404,0.382,0.554,0.711,0.316,0.107,0.034,0.03,0.013,0,0,0.017,0,0.021,0.055,0.293,0.195,0.103,0.119,0.227,0.214,0,0.116,0.243,0.086,0,0.362,0.422,0.253,0,0.233,0.232,0.094,0,0,0,0,0,0.01,0,0.06,0,0.049,0.051,0.036,0.007,0,0,0.015,0,0.023,0.024,0,0.338,0.593,0.801,0.506,0.307,0,0.045,0.036,0.096,0,0.026,0,0,0.03,0,0,0,0.082,0,0,0.03,0.054,0,0.005,0,0,0.029,0,0.278,0.665,0.903,0.52,0.208,0.069,0,0,0,0.001,0,0,0,0,0.114,0,0.062,0.03,0.015,0.02,0.053,0.01,0,0.015,0,0,0.067,0.063,0.208,0.507,0.508,0.359,0.017,0.012,0,0,0,0,0,0.019,0,0.024,0.009,0.028,0.074,0,0,0.01,0.048,0.014,0.021,0,0.017,0.199,0.444,0.328,0.162,0.018,0.11,0.024,0,0,0,0.058,0.017,0,0,0.039,0.032,0,0.073,0.041,0.008,0.059,0.038,0,0,0,0.05,0.021,0.119,0.542,0.894,0.62,0.379,0.048,0.01,0.023,0,0.026,0,0,0,0.007,0.014,0,0,0.023,0.04,0.025,0,0.045,0.025,0.072,0,0,0,0,0.186,0.498,0.72,0.599,0.393,0,0.044,0,0,0.025,0,0.006,0.045,0,0.028,0,0,0.007,0,0,0.1,0,0,0.068,0,0.023,0.025,0,0,0.296,0.392,0.279,0.092,0.16,0.219,0.08,0,0,0,0.075,0,0,0,0.109,0.044,0,0,0,0,0.005,0.099,0,0.02,0,0.047,0.009,0,0.016,0.012,0,0.068,0.422,0.547,0.388,0.129,0.041,0,0.041,0.066,0,0,0,0.034,0.042,0.004,0.081,0.006,0.034,0,0.041,0,0,0.005,0.041,0.031,0.052,0,0,0.265,0.697,0.93,0.636,0.125,0,0,0,0,0,0,0.059,0,0,0,0.001,0.007,0,0.006,0,0,0,0,0,0,0,0,0.005,0.19,0.525,0.687,0.475,0.197,0,0.029,0.075,0.002,0,0,0.072,0,0.073,0.003,0,0,0,0.024,0.031,0.019,0,0,0.067,0,0.032,0,0.013,0,0.27,0.333,0.244,0.177,0.248,0.316,0.026,0.094,0.021,0,0,0,0.007,0.007,0.063,0,0,0,0.099,0,0.012,0,0.065,0,0.026,0,0.003,0,0.058,0.077,0.051,0.371,0.631,0.718,0.414,0.113,0.023,0.08,0,0.104,0,0.06,0.078,0,0,0.023,0.024,0,0.027,0,0.021,0,0,0.083,0,0,0,0.047,0.008,0.461,0.736,0.879,0.494,0.14,0.019,0,0.01,0.014,0,0.023,0,0,0.028,0,0.03,0.08,0.04,0.005,0.022,0.004,0.089,0.042,0,0.015,0.04,0.05,0,0.312,0.499,0.571,0.331,0,0.083,0.083,0,0,0,0.005,0,0.074,0.127,0.263,0.404,0.341,0,0.04,0,0.04,0,0,0.095,0,0.004,0,0.125,0.109,0.359,0.334,0.235,0,0,0,0,0.027,0,0,0,0,0.342,0.611,0.675,0.435,0.086,0.037,0.055,0,0,0,0,0.022,0.022,0.055,0,0.415,0.71,0.775,0.453,0.018,0,0,0,0,0.037,0.02,0.024,0.042,0.382,0.735,0.813,0.447,0.033,0.052,0.007,0,0,0.009,0,0,0,0,0,0.413,0.769,0.801,0.368,0.085,0,0.048,0.055,0,0,0,0.04,0,0.19,0.539,0.555,0.343,0.035,0.047,0.196,0,0.05,0.116,0,0.016,0,0.127,0.089,0.149,0.509,0.489,0.314,0.037,0,0.027,0,0.054,0,0.009,0.083,0.026,0.051,0.069,0.106,0,0.321,0.426,0.392,0.225,0.385,0.483,0.431,0.047,0.43,0.521,0.357,0.094,0.14,0.106,0.059,0.057,0,0.086,0,0.022,0,0.008,0,0.063,0,0,0.022,0.105,0.426,0.793,0.787,0.423,0.506,0.856,0.642,0.321,0.635,0.936,0.572,0.24,0.023,0.043,0.032,0,0,0.007,0.03,0.014,0.028,0.059,0.022,0.007,0.01,0.037,0.02,0.063,0.514,0.71,0.71,0.425,0.53,0.799,0.599,0.292,0.532,0.67,0.516,0.216,0,0.068,0,0.001,0,0.029,0.056,0,0.081,0,0.079,0.006,0,0,0.046,0,0.257,0.239,0.284,0.163,0.215,0.443,0.329,0.033,0.17,0.44,0.372,0.087,0.038,0,0.037,0,0,0,0,0,0.003,0,0.04,0.041,0,0,0.1,0.05,0.023,0.054,0.013,0.017,0.049,0.034,0,0.055,0.08,0,0.028,0.058,0,0.108,0,0,0,0,0,0.027,0.047,0,0.096,0.039,0,0,0.049,0.078,0,0.066,0.047,0,0,0.01,0,0.031,0,0,0.082,0,0,0.005,0.005,0,0,0,0,0,0.022
4,0.068,0.019,0.017,0.046,0.009,0,0,0,0.057,0.037,0,0,0.223,0.493,0.673,0.615,0.273,0,0,0,0,0.116,0.028,0.075,0,0.01,0,0.072,0.001,0,0.031,0,0,0,0,0,0.026,0,0,0.013,0.164,0.55,0.929,0.648,0.332,0,0.019,0.068,0.021,0,0,0,0.004,0.082,0.023,0,0.019,0.07,0.063,0.033,0.014,0,0,0,0,0,0.227,0.2,0.067,0.382,0.463,0.344,0.14,0.09,0.006,0.019,0.033,0,0.068,0.053,0.075,0,0.058,0,0.072,0,0,0,0,0,0,0.059,0.037,0.362,0.601,0.531,0.343,0.444,0.501,0.451,0.136,0.009,0.034,0,0.01,0.093,0.073,0,0,0.012,0,0,0,0,0,0.011,0.071,0,0,0.019,0.065,0.422,0.794,0.835,0.466,0.601,1,0.574,0.212,0.042,0.015,0.038,0,0.045,0,0,0.004,0.008,0,0,0.039,0.008,0.023,0.006,0.078,0.033,0.037,0.02,0.051,0.418,0.686,0.669,0.358,0.447,0.773,0.449,0.213,0.019,0,0.041,0.092,0.004,0,0,0.034,0.012,0,0.003,0.013,0.062,0,0.038,0.009,0.088,0.311,0.418,0.23,0.094,0.327,0.344,0.084,0.285,0.346,0.336,0.097,0.011,0,0,0,0,0.094,0,0.002,0.106,0.045,0,0,0,0.056,0,0,0.251,0.466,0.76,0.594,0.249,0.056,0.022,0.263,0.451,0.821,0.577,0.255,0,0,0.008,0,0,0,0,0,0.003,0,0.003,0.055,0,0,0,0.031,0.228,0.553,0.812,0.611,0.308,0,0.041,0.316,0.487,0.875,0.675,0.222,0.017,0,0.032,0.01,0,0,0.037,0,0,0,0.007,0,0.067,0.015,0.174,0.165,0.085,0.44,0.474,0.365,0.163,0.084,0,0.093,0.33,0.54,0.394,0.22,0.005,0,0,0.035,0,0,0.009,0,0,0,0.083,0,0.084,0.183,0.476,0.61,0.374,0.065,0.135,0.044,0,0.024,0.148,0.14,0.465,0.571,0.41,0.1,0,0,0.007,0.038,0.01,0.028,0.04,0.07,0,0.022,0,0,0.041,0.445,0.798,0.789,0.383,0.068,0,0,0,0.06,0.006,0.269,0.595,0.977,0.615,0.225,0.12,0.053,0,0.009,0,0.045,0.012,0.03,0,0,0,0,0,0.326,0.674,0.636,0.371,0.078,0.003,0.029,0,0,0,0.123,0.532,0.641,0.489,0.182,0,0,0.059,0,0.022,0,0.004,0.096,0,0,0,0.009,0,0.104,0.381,0.341,0.209,0.334,0.335,0.268,0.146,0.348,0.335,0.199,0.306,0.36,0.338,0.032,0.308,0.391,0.091,0.083,0,0.059,0.01,0,0.055,0.014,0.07,0.09,0.074,0.425,0.711,0.737,0.33,0.541,0.855,0.573,0.27,0.667,0.789,0.341,0.606,0.687,0.539,0.333,0.695,0.696,0.344,0,0,0,0,0.076,0.001,0,0,0,0.101,0.373,0.734,0.818,0.406,0.647,0.865,0.644,0.469,0.745,0.791,0.489,0.624,0.897,0.524,0.339,0.72,0.764,0.435,0.069,0,0,0.014,0.033,0,0,0,0,0.061,0.254,0.47,0.458,0.299,0.375,0.548,0.483,0.249,0.407,0.383,0.292,0.268,0.637,0.417,0.258,0.379,0.452,0.269,0.104,0.036,0,0.011,0.014,0.003,0.026,0.086,0.028,0.04,0.001,0.126,0.115,0.016,0.044,0.151,0.093,0,0.108,0.214,0.156,0.492,0.516,0.423,0.294,0.12,0.135,0,0,0.014,0.089,0.002,0,0,0,0.002,0,0.054,0.109,0,0.032,0.022,0.024,0.005,0.032,0.098,0,0,0.261,0.617,0.929,0.561,0.255,0,0,0.076,0.005,0,0.008,0,0,0.026,0.01,0.071,0.003,0,0,0.015,0.027,0,0.022,0,0.032,0,0.003,0,0.163,0.533,0.686,0.573,0.242,0,0.115,0.066,0,0.054,0.005,0.016,0,0.037,0,0,0,0.085,0,0,0.027,0.029,0.002,0.012,0.06,0.031,0.012,0.03,0,0.203,0.407,0.264,0,0.018,0,0,0,0.088,0.088,0.019,0,0,0,0.08,0,0,0.032,0,0.058,0,0.058,0,0.078,0.025,0,0.07,0.294,0.599,0.782,0.464,0.184,0.063,0,0.097,0.002,0,0,0,0.032,0,0.032,0.051,0,0.018,0.035,0,0,0.046,0,0.064,0,0.123,0.047,0,0.237,0.569,0.909,0.56,0.266,0.006,0.064,0,0,0.107,0,0.028,0,0,0.016,0.046,0.007,0,0,0.035,0.017,0,0,0.028,0,0,0,0,0.077,0.399,0.453,0.297,0.112,0.026,0.027,0,0.017,0,0.054,0.003,0,0,0.088,0.027,0,0,0,0.003,0,0,0.037,0.008,0.034,0,0.017,0,0,0,0.116,0,0,0.008,0,0,0.039,0.002,0.029,0,0.027,0,0,0,0.037,0.008,0,0,0.04,0.019,0,0,0.049,0,0,0.027,0,0,0.04,0.016,0.061,0,0.024,0,0.038,0.083,0,0.002,0.058,0.044,0,0,0,0.008,0,0.022,0.058,0,0,0.047,0,0.04,0,0.085,0,0,0.062,0,0,0,0,0,0,0.005,0,0.019,0,0.008,0,0.031,0.006,0.112,0.016,0.014,0.091,0.063,0,0.021,0,0,0,0,0,0,0.065,0.031,0.045,0,0,0,0.052,0.029,0,0.06,0.011,0.073,0,0.003
5,0,0,0,0.033,0.274,0.527,0.701,0.449,0.371,0.64,0.558,0.324,0.505,0.634,0.561,0.353,0.507,0.716,0.465,0.373,0.697,0.577,0.33,0.037,0,0,0,0,0,0.027,0,0,0.324,0.619,0.87,0.554,0.413,0.834,0.72,0.429,0.576,0.956,0.648,0.382,0.735,0.943,0.62,0.555,0.879,0.684,0.38,0.015,0.062,0.115,0.051,0,0.057,0.079,0,0.07,0.248,0.382,0.594,0.356,0.322,0.575,0.592,0.277,0.449,0.562,0.484,0.289,0.518,0.63,0.285,0.356,0.546,0.509,0.319,0.014,0.011,0.086,0,0,0.035,0.056,0,0,0.095,0.46,0.295,0.305,0.031,0.188,0.19,0,0,0.188,0.164,0,0.097,0.216,0.094,0.147,0.194,0.253,0,0.029,0,0,0.03,0,0.051,0,0.031,0,0.22,0.611,0.815,0.505,0.131,0.03,0.002,0.053,0.063,0.057,0.003,0.065,0,0.071,0.027,0,0.013,0,0,0,0.061,0.042,0,0.078,0,0,0,0,0.336,0.635,0.698,0.457,0.138,0.061,0.013,0,0.026,0,0,0.053,0,0,0,0,0.031,0,0,0,0.047,0,0,0,0,0,0,0,0.177,0.438,0.349,0.284,0.106,0.221,0.173,0,0.138,0.163,0.127,0,0.224,0.232,0.093,0.026,0,0.031,0,0.003,0,0.036,0,0,0,0,0.039,0.019,0.144,0.471,0.452,0.419,0.317,0.523,0.584,0.223,0.411,0.542,0.444,0.196,0.489,0.569,0.361,0.043,0,0.012,0,0,0.138,0.026,0,0.061,0.013,0.065,0.048,0.011,0.471,0.647,0.871,0.575,0.514,0.815,0.803,0.403,0.546,0.92,0.649,0.458,0.772,0.867,0.575,0.219,0,0.047,0,0.012,0.085,0,0.035,0,0,0.02,0.013,0,0.257,0.609,0.857,0.442,0.352,0.655,0.574,0.379,0.445,0.649,0.577,0.283,0.64,0.735,0.447,0.116,0.012,0,0.029,0,0.066,0.033,0,0,0,0.058,0.001,0.039,0.089,0.353,0.293,0.194,0.255,0.285,0.314,0.201,0.168,0.34,0.214,0.008,0.245,0.304,0.212,0.156,0.29,0.276,0.099,0.015,0,0,0,0,0.018,0,0.035,0.04,0,0.038,0.013,0,0.083,0,0.057,0,0.07,0.01,0.035,0,0.006,0.065,0.064,0.442,0.713,0.714,0.409,0.02,0.117,0,0,0.047,0,0,0.061,0,0.017,0.076,0,0.005,0.092,0.077,0.006,0,0,0.079,0.019,0.039,0,0.026,0.147,0.438,0.918,0.7,0.301,0,0,0,0.034,0,0.026,0.027,0,0,0,0.055,0.113,0.034,0,0,0.017,0.033,0.105,0,0.035,0.017,0,0.056,0,0.299,0.615,0.433,0.289,0,0.02,0,0.001,0,0,0,0,0.049,0.027,0.087,0.048,0.013,0.117,0.033,0,0.048,0.006,0.017,0,0,0,0,0.045,0.264,0.459,0.455,0.22,0.008,0.076,0,0,0.011,0,0.032,0,0.027,0,0.034,0.081,0.015,0.003,0.063,0,0.063,0,0,0,0,0,0.039,0.17,0.551,0.881,0.709,0.401,0.093,0,0.055,0,0.024,0.101,0,0,0,0,0.082,0.037,0.005,0.02,0.123,0.044,0.055,0,0.108,0,0,0.045,0.084,0.097,0.441,0.783,0.704,0.323,0.069,0.071,0.033,0,0.023,0.006,0.005,0,0.036,0.041,0.213,0.149,0.127,0,0.053,0.03,0,0,0,0.075,0.006,0,0.042,0,0.263,0.351,0.447,0.228,0,0.049,0,0.05,0,0,0.045,0,0.035,0.25,0.504,0.625,0.429,0.126,0.043,0,0.015,0,0,0.101,0.175,0.058,0.093,0.114,0.368,0.557,0.429,0.254,0.032,0,0,0,0.022,0.006,0,0.032,0.017,0.383,0.727,0.894,0.547,0.117,0,0.035,0.026,0.068,0,0,0.022,0,0,0.176,0.479,0.888,0.805,0.356,0.102,0.07,0,0,0.096,0,0,0,0,0.294,0.647,0.697,0.443,0.17,0,0.007,0,0,0.075,0,0,0,0,0.062,0.338,0.7,0.563,0.374,0.078,0,0,0,0,0.051,0,0.04,0.104,0.022,0.216,0.168,0.193,0.118,0.325,0.2,0.089,0.233,0.365,0.276,0.075,0.329,0.331,0.244,0.008,0.314,0.247,0.059,0.111,0,0,0,0.032,0,0.084,0,0,0,0.032,0,0.073,0.344,0.72,0.645,0.282,0.506,0.677,0.602,0.28,0.636,0.621,0.415,0.176,0.027,0,0,0,0,0.01,0.13,0.075,0,0,0,0,0,0.038,0,0.06,0.468,0.734,0.79,0.468,0.564,0.999,0.662,0.349,0.772,0.816,0.561,0.135,0,0.032,0,0,0,0,0.005,0.02,0,0.01,0.018,0.081,0,0,0.053,0,0.298,0.479,0.433,0.281,0.419,0.632,0.367,0.21,0.457,0.552,0.312,0,0.034,0.041,0.024,0.032,0.102,0,0.084,0,0.029,0,0.01,0,0,0,0.036,0.019,0.087,0.183,0.223,0,0.093,0.128,0.054,0.03,0.089,0.225,0.025,0,0.011,0,0.032,0,0.032,0,0.024,0.005,0.057,0,0.046,0,0.071,0.004,0,0.066,0.107,0,0,0,0,0.003,0.013,0,0.005,0,0,0.187,0.006,0,0.114,0.042,0,0.062,0,0,0,0.002,0.034,0.062,0,0.034,0,0,0.095,0,0,0.006,0.018,0,0.091,0,0.054,0.003,0,0,0,0.015,0.028,0,0,0.04,0,0.061
6,0.014,0,0,0,0.114,0.015,0,0.084,0.023,0,0,0.201,0.166,0.058,0.091,0.084,0.057,0,0,0,0.027,0.084,0.074,0,0.077,0.002,0.002,0,0,0.016,0.022,0,0.018,0,0,0.055,0,0.028,0.304,0.499,0.386,0.263,0.353,0.433,0.467,0.126,0.054,0,0.039,0.117,0.039,0.045,0,0,0.042,0.05,0,0.025,0,0.063,0,0.005,0.015,0,0,0.036,0.491,0.788,0.811,0.528,0.661,0.881,0.689,0.327,0,0.048,0,0,0.007,0.001,0,0.014,0.031,0,0.013,0,0,0,0.022,0.031,0.061,0,0.037,0.078,0.306,0.695,0.683,0.337,0.541,0.82,0.524,0.282,0.021,0,0.003,0.053,0,0.023,0.11,0,0,0,0,0,0.029,0,0.019,0,0,0.243,0.319,0.229,0.16,0.348,0.304,0.206,0.245,0.443,0.312,0.102,0,0,0.004,0,0.004,0.022,0,0,0.038,0,0,0.025,0,0.038,0.112,0.002,0.203,0.561,0.678,0.537,0.192,0.025,0.007,0.007,0,0.01,0,0.025,0,0.07,0,0,0,0.046,0.034,0,0,0,0,0.055,0,0.049,0.082,0,0.143,0.575,0.973,0.7,0.229,0.026,0.051,0,0.037,0.022,0.09,0,0,0.084,0,0,0.014,0.026,0.044,0.052,0.017,0,0.024,0,0,0.083,0.212,0.11,0.063,0.38,0.587,0.43,0,0,0,0,0,0.011,0,0.075,0,0,0.038,0.057,0,0,0.073,0.027,0,0.08,0,0,0,0.26,0.393,0.507,0.28,0.141,0.202,0.111,0.042,0.006,0.041,0.092,0,0.017,0.017,0.033,0.008,0,0.024,0,0.021,0,0.072,0,0,0,0,0.027,0.093,0.456,0.811,0.754,0.414,0,0.031,0,0,0.004,0,0.071,0,0.051,0,0.035,0.012,0.078,0,0.041,0,0.057,0,0.058,0.008,0,0.001,0.04,0,0.37,0.547,0.729,0.394,0.056,0,0,0,0,0.057,0,0.035,0,0,0,0,0.052,0.01,0,0,0,0,0,0.003,0.054,0,0.03,0.056,0.117,0.303,0.482,0.159,0.333,0.275,0.228,0.188,0.334,0.239,0.091,0.241,0.326,0.209,0.062,0,0.001,0,0,0,0,0,0,0.093,0.058,0,0,0.077,0.363,0.669,0.663,0.388,0.618,0.826,0.515,0.411,0.64,0.735,0.393,0.503,0.727,0.511,0.256,0,0.01,0.035,0.051,0.016,0.01,0,0.025,0,0,0.023,0.024,0.069,0.454,0.767,0.802,0.429,0.699,0.969,0.628,0.443,0.796,0.861,0.452,0.677,0.885,0.574,0.344,0.05,0.06,0,0.009,0.03,0.002,0,0,0.026,0.011,0,0,0,0.241,0.45,0.557,0.241,0.49,0.482,0.453,0.259,0.512,0.452,0.182,0.381,0.497,0.446,0.047,0.194,0.166,0,0,0,0,0,0,0.014,0.087,0,0,0,0.246,0.454,0.521,0.315,0.11,0.254,0.091,0,0.169,0.072,0,0.152,0.222,0.129,0.252,0.489,0.556,0.307,0,0,0.06,0.007,0.026,0.022,0.017,0.015,0.071,0.134,0.397,0.698,0.815,0.526,0.094,0,0.033,0,0.02,0.04,0,0,0,0.111,0.391,0.826,0.795,0.457,0.06,0.05,0.037,0,0,0.006,0.034,0.057,0,0.062,0.399,0.686,0.655,0.336,0,0.013,0,0,0,0.096,0,0.015,0.023,0,0.407,0.748,0.608,0.339,0,0.093,0.02,0,0,0,0.011,0.062,0,0.005,0.162,0.257,0.304,0.118,0,0.032,0,0,0,0,0,0.051,0,0,0.161,0.395,0.384,0.119,0.028,0.014,0,0.056,0.049,0,0,0.02,0.026,0.024,0.325,0.601,0.743,0.446,0.051,0.054,0,0,0,0,0,0,0.066,0.024,0.403,0.74,0.676,0.351,0.05,0.016,0.01,0.024,0,0.041,0.03,0.087,0,0,0.437,0.798,0.862,0.388,0.106,0,0.014,0.065,0,0,0,0,0.001,0.112,0.438,0.9,0.753,0.403,0.043,0.061,0,0,0.035,0.047,0,0,0,0.014,0.258,0.49,0.476,0.288,0.058,0.187,0.059,0,0.252,0.239,0.009,0.306,0.19,0.13,0.236,0.527,0.444,0.138,0,0,0.013,0,0,0,0,0.022,0.005,0.037,0,0.148,0.072,0.142,0.396,0.654,0.399,0.311,0.459,0.515,0.176,0.536,0.533,0.464,0.153,0.196,0.172,0.035,0,0.042,0.005,0.019,0,0.033,0.006,0,0,0,0.014,0,0,0.263,0.62,0.951,0.609,0.567,0.793,0.772,0.446,0.714,0.98,0.725,0.19,0,0.072,0,0.036,0,0,0.015,0,0.027,0,0,0.032,0,0.022,0.021,0,0.171,0.458,0.807,0.451,0.325,0.634,0.632,0.369,0.571,0.658,0.455,0.234,0,0,0.032,0.023,0.04,0.062,0.059,0.032,0,0,0,0,0,0,0.055,0,0.039,0.203,0.352,0.268,0.144,0.339,0.305,0.101,0.239,0.394,0.231,0,0.007,0.111,0,0.088,0,0,0,0.046,0,0,0,0.072,0,0.027,0,0,0.072,0,0,0.006,0,0.03,0.018,0.12,0,0,0,0.062,0,0,0.021,0,0,0,0,0,0,0,0.103,0.044,0,0.08,0.06,0,0.067,0.037,0,0.009,0.032,0,0,0,0,0.137,0,0,0,0.125,0.049,0,0.014,0,0.002,0.026,0.014,0.016
7,0.187,0.559,0.935,0.72,0.479,0.411,0.9,0.689,0.377,0.641,0.823,0.634,0.343,0.639,0.931,0.658,0.34,0.638,1,0.598,0.234,0,0,0,0.061,0,0.051,0.064,0.068,0.341,0.666,0.498,0.29,0.404,0.512,0.506,0.232,0.416,0.583,0.424,0.238,0.487,0.506,0.418,0.15,0.53,0.601,0.368,0.092,0.033,0,0.068,0.091,0.012,0.024,0,0,0.039,0.154,0.1,0.077,0.072,0.244,0.135,0.052,0.075,0.008,0.247,0.081,0.186,0.249,0.113,0.069,0.204,0.408,0.175,0.029,0.032,0.053,0,0,0.031,0.051,0.068,0.004,0,0.07,0,0.001,0.064,0.025,0.04,0,0.034,0,0,0,0,0.068,0.073,0.29,0.599,0.676,0.509,0.192,0,0,0,0,0,0.01,0,0,0,0,0,0,0.062,0.04,0,0,0.059,0,0,0,0,0,0,0.256,0.717,0.889,0.649,0.216,0,0.081,0.016,0.061,0.038,0.101,0,0.033,0,0.034,0.026,0,0,0,0.094,0,0.013,0.038,0,0.089,0,0.061,0.009,0.189,0.417,0.485,0.363,0.1,0,0.108,0.049,0,0,0.022,0.038,0,0,0,0.026,0.143,0,0.026,0,0,0,0.051,0,0.011,0.224,0.442,0.287,0.034,0.166,0.145,0.122,0.056,0.019,0,0,0.014,0,0,0,0,0.081,0.007,0.083,0,0.073,0.098,0,0,0,0,0,0.264,0.49,0.667,0.524,0.172,0,0.004,0,0,0.003,0.076,0.013,0.045,0,0,0.037,0.039,0,0.014,0.046,0,0,0,0,0.022,0,0,0,0.234,0.721,0.834,0.64,0.238,0,0.052,0,0.059,0.004,0,0.018,0.001,0,0,0,0,0,0.005,0,0,0.045,0.04,0,0.053,0.029,0.102,0.013,0,0.418,0.464,0.295,0.015,0.133,0,0.026,0,0.066,0,0.108,0,0,0,0.049,0,0,0,0.01,0,0,0.027,0,0,0.286,0.462,0.375,0.163,0.065,0.145,0,0,0,0.016,0.083,0.037,0.033,0,0.002,0.072,0,0,0,0.032,0,0,0,0.005,0,0,0,0.218,0.48,0.853,0.652,0.274,0.077,0.096,0.069,0,0.019,0.101,0,0.03,0,0,0,0.001,0,0.01,0,0,0.018,0,0.12,0,0,0.039,0,0.211,0.566,0.767,0.628,0.341,0.008,0.027,0,0.053,0,0.039,0.069,0,0,0.023,0.088,0,0,0.009,0,0,0.039,0.043,0.018,0,0.023,0.121,0.036,0,0.288,0.416,0.376,0.144,0,0.041,0,0.031,0.021,0.016,0.003,0.003,0,0.101,0.033,0,0,0,0,0,0,0.006,0.036,0.069,0.262,0.425,0.358,0.11,0.01,0.181,0.024,0,0.016,0.016,0,0,0,0,0.058,0,0.045,0.04,0,0.005,0,0,0.159,0,0.057,0,0.025,0.166,0.47,0.827,0.737,0.458,0,0.038,0,0,0.031,0,0.026,0.031,0.042,0.055,0,0,0.051,0,0,0.099,0.063,0,0,0,0,0,0,0.068,0.483,0.789,0.658,0.283,0.094,0,0,0,0,0,0.027,0,0,0.031,0,0,0.04,0,0,0,0,0,0.01,0,0,0.011,0.123,0.083,0.257,0.422,0.31,0.082,0.095,0,0,0.039,0.025,0,0.052,0.008,0,0,0,0.01,0,0.051,0,0,0,0,0.029,0.036,0,0.019,0,0.049,0.319,0.485,0.487,0.189,0,0.018,0.02,0.068,0,0.069,0,0.008,0.007,0.026,0,0.005,0.021,0.015,0,0,0.009,0.019,0,0,0,0.045,0.005,0.142,0.612,0.919,0.717,0.379,0.008,0.005,0,0.001,0,0,0.092,0,0.041,0.063,0.036,0.024,0,0.047,0.016,0.102,0.047,0,0,0,0.016,0,0.053,0.151,0.451,0.749,0.605,0.292,0.002,0,0.04,0,0.023,0,0,0.009,0,0,0.072,0.14,0.029,0,0,0.128,0.031,0,0,0,0,0.065,0,0,0.186,0.305,0.312,0.116,0.007,0.074,0.042,0,0.068,0.043,0,0.06,0,0,0.006,0,0,0,0,0.041,0,0,0,0.063,0,0.038,0,0.064,0.396,0.493,0.567,0.267,0,0,0,0.007,0,0,0.077,0,0.053,0,0.106,0.102,0.039,0.065,0,0,0.152,0.023,0,0,0.075,0,0,0.178,0.545,0.953,0.789,0.268,0,0.015,0.043,0,0,0,0,0.002,0,0,0,0,0.069,0.026,0,0.058,0.009,0.09,0,0,0,0.019,0,0.11,0.439,0.724,0.549,0.267,0.01,0.041,0.054,0,0,0,0,0.015,0,0,0.081,0.011,0,0,0.007,0.136,0,0,0,0,0,0,0,0,0.256,0.305,0.185,0.148,0,0.158,0,0.05,0,0.042,0,0.007,0.075,0,0.107,0.034,0,0,0,0.011,0,0,0,0.006,0,0.054,0.058,0,0.049,0.04,0,0,0,0,0,0,0.081,0.026,0.062,0,0,0.101,0,0,0.153,0.018,0,0,0,0,0,0.105,0,0.032,0.028,0,0,0,0.065,0,0,0,0.059,0,0,0,0,0.034,0,0.005,0,0.007,0,0,0,0,0,0,0.004
8,0.066,0.04,0.006,0,0,0,0.047,0,0.316,0.497,0.492,0.202,0.403,0.572,0.438,0.158,0.424,0.51,0.255,0.004,0,0,0,0.01,0,0.033,0,0.1,0,0,0,0,0,0,0,0.036,0.382,0.827,0.798,0.423,0.542,0.815,0.608,0.46,0.723,0.759,0.471,0.093,0,0,0.055,0.021,0,0,0.003,0,0.011,0.02,0.04,0,0,0,0.092,0.068,0.409,0.661,0.702,0.363,0.59,0.798,0.45,0.436,0.751,0.706,0.361,0.088,0.067,0.008,0,0,0.018,0.062,0.011,0.072,0,0,0,0.085,0.007,0.283,0.242,0.331,0.161,0.414,0.347,0.279,0.298,0.362,0.326,0.114,0.292,0.301,0.16,0.258,0.319,0.122,0,0.066,0.011,0,0,0,0.041,0.031,0,0.038,0.179,0.53,0.818,0.569,0.221,0.022,0.013,0.037,0.06,0,0,0.039,0,0.019,0.153,0.563,0.67,0.555,0.204,0,0,0.033,0,0,0,0,0.012,0,0.215,0.505,0.916,0.685,0.264,0,0,0,0.058,0,0.035,0.033,0.094,0.033,0.322,0.621,0.904,0.639,0.156,0,0.045,0.026,0,0,0.028,0,0.008,0.017,0.15,0.397,0.607,0.429,0.105,0.038,0.02,0,0,0,0.058,0,0.03,0.015,0.167,0.394,0.565,0.487,0.077,0.034,0,0,0.013,0,0.06,0.064,0.005,0,0.209,0.343,0.588,0.539,0.208,0,0,0,0,0,0.009,0.017,0,0,0.13,0.457,0.516,0.391,0.139,0,0.038,0.01,0.007,0,0.031,0.143,0.028,0.029,0.226,0.714,0.847,0.555,0.332,0,0.019,0,0.026,0.06,0,0.013,0,0.056,0.283,0.622,0.878,0.605,0.327,0.022,0.042,0,0.013,0,0.009,0,0.042,0.03,0.134,0.565,0.726,0.605,0.301,0,0,0,0,0.013,0,0.055,0.014,0,0.205,0.58,0.768,0.573,0.227,0.091,0.026,0.05,0,0.013,0,0,0.04,0,0,0.209,0.38,0.253,0.157,0.259,0.284,0.082,0.188,0.347,0.251,0.151,0.319,0.349,0.138,0.339,0.392,0.323,0,0,0,0,0.028,0.026,0,0.05,0.031,0.062,0.078,0.094,0,0.029,0.287,0.738,0.74,0.355,0.563,0.794,0.561,0.391,0.63,0.66,0.391,0.003,0,0.005,0.088,0.045,0,0.135,0.058,0.034,0.051,0.062,0.035,0,0.065,0,0.036,0.058,0.342,0.773,0.859,0.478,0.608,0.883,0.675,0.456,0.858,0.754,0.436,0.038,0,0,0.049,0,0.08,0,0.009,0,0,0.05,0,0,0,0.091,0.238,0.109,0.168,0.544,0.581,0.272,0.466,0.511,0.475,0.293,0.489,0.591,0.224,0.098,0.27,0.033,0.009,0,0,0.031,0.116,0.047,0.034,0.005,0,0.055,0.139,0.381,0.517,0.407,0.15,0.119,0.096,0.009,0.172,0.185,0.087,0,0.113,0.16,0.113,0.43,0.59,0.382,0.154,0,0,0.003,0,0,0.019,0,0.005,0,0.178,0.59,0.904,0.694,0.244,0.006,0.075,0.014,0.029,0.024,0.009,0.04,0.007,0.013,0.299,0.649,0.954,0.598,0.227,0,0.054,0.065,0,0,0,0,0,0.01,0.222,0.45,0.656,0.659,0.184,0,0.044,0,0.023,0.044,0.129,0,0.004,0,0.247,0.496,0.78,0.463,0.213,0.021,0,0,0,0.011,0.004,0.043,0.017,0.008,0.001,0.275,0.45,0.255,0,0,0.022,0,0,0.015,0.004,0,0,0.059,0.032,0.272,0.36,0.345,0.05,0,0.063,0.035,0,0.017,0,0,0.077,0.002,0.184,0.509,0.708,0.521,0.297,0.019,0.037,0.064,0.031,0.058,0,0.022,0.013,0.005,0.25,0.664,0.775,0.547,0.123,0,0.034,0,0,0,0.134,0.099,0,0,0.22,0.588,0.915,0.623,0.313,0,0,0,0.068,0.015,0,0,0,0,0.277,0.559,0.847,0.627,0.303,0.028,0,0.005,0,0,0.079,0.051,0.028,0,0.055,0.43,0.488,0.364,0.105,0.176,0.218,0.056,0.127,0.136,0.158,0,0.222,0.236,0.063,0.416,0.594,0.402,0.103,0,0.04,0,0.039,0,0,0.009,0.066,0,0,0,0.25,0.066,0.338,0.55,0.591,0.345,0.415,0.562,0.404,0.234,0.568,0.498,0.24,0.073,0.173,0.052,0,0.011,0.074,0,0,0,0.032,0.031,0.095,0.064,0.079,0.042,0.055,0.011,0.4,0.731,0.872,0.421,0.607,0.932,0.562,0.482,0.787,0.896,0.42,0.065,0,0.056,0.115,0.036,0,0,0.013,0.046,0.006,0,0,0.001,0.032,0,0.041,0,0.368,0.571,0.663,0.424,0.546,0.682,0.551,0.336,0.645,0.682,0.405,0.004,0,0.053,0,0,0,0.031,0,0,0.046,0,0.019,0,0,0,0,0.035,0.123,0.215,0.343,0.147,0.141,0.296,0.321,0.144,0.255,0.237,0.167,0.014,0,0,0,0,0.016,0,0.047,0,0.051,0.022,0.013,0,0.065,0.012,0,0,0,0,0.002,0.063,0.111,0,0.048,0,0,0.033,0.033,0.057,0,0.021,0.074,0,0,0.013,0,0.085,0.027,0.01,0.016,0.011,0,0,0.062,0.022,0.001,0.029,0,0.015,0.129,0.027,0,0.014,0,0,0,0,0,0.024,0.048,0.036,0.007,0.03,0.037,0.052,0,0,0.035,0.022,0.026,0,0.037,0,0.028,0,0,0,0.124,0,0,0,0,0,0.079,0,0.053,0,0.046,0.02,0.033,0,0,0.013
9,0.021,0.029,0,0,0,0,0.085,0.243,0.278,0.196,0.106,0.318,0.241,0.032,0.291,0.227,0.247,0,0,0.062,0.043,0.043,0.046,0,0,0,0.096,0,0.007,0.037,0,0,0.001,0,0.33,0.572,0.704,0.399,0.586,0.682,0.618,0.242,0.566,0.698,0.339,0.134,0,0.012,0.047,0,0.008,0.051,0.017,0,0,0,0.028,0,0,0.01,0.131,0.098,0.377,0.852,0.848,0.436,0.606,0.877,0.658,0.366,0.653,0.933,0.492,0.116,0,0.062,0.028,0.008,0,0.056,0,0,0,0.018,0,0,0.033,0.107,0.111,0.019,0.304,0.561,0.471,0.36,0.406,0.493,0.486,0.2,0.498,0.522,0.4,0.136,0.044,0.093,0,0.109,0,0.04,0,0,0,0.073,0.063,0,0.041,0.304,0.31,0.437,0.072,0.163,0.194,0,0.135,0.182,0.131,0.036,0.188,0.263,0.09,0.319,0.392,0.45,0.237,0.053,0,0,0.061,0.047,0.025,0.047,0,0.046,0.296,0.642,0.786,0.667,0.166,0.036,0.064,0.058,0,0.006,0,0.029,0,0,0.147,0.523,0.764,0.706,0.342,0.052,0.025,0,0.008,0,0,0,0,0.046,0.251,0.684,0.788,0.562,0.237,0.021,0.024,0,0.012,0.02,0,0.09,0,0,0.152,0.375,0.802,0.731,0.362,0.15,0.113,0.056,0.003,0,0,0,0.031,0,0.158,0.255,0.468,0.388,0.094,0,0,0.027,0.003,0.018,0,0.103,0.061,0,0,0.234,0.366,0.339,0.175,0.068,0.029,0,0.06,0.023,0,0.044,0.07,0.037,0.15,0.512,0.621,0.538,0.181,0,0.049,0.019,0.021,0.008,0,0.008,0,0,0.02,0.376,0.53,0.546,0.249,0.014,0,0.045,0.014,0.092,0.053,0.069,0,0,0.233,0.63,0.993,0.625,0.243,0,0.055,0.015,0.01,0,0.003,0,0.143,0,0.153,0.496,0.855,0.746,0.348,0.042,0,0,0.011,0,0.018,0,0,0,0.165,0.508,0.668,0.453,0.111,0.027,0,0,0,0.056,0.063,0.126,0,0.062,0.021,0.311,0.669,0.59,0.275,0.019,0,0.103,0.064,0,0.018,0.006,0.021,0.067,0,0.234,0.338,0.131,0.17,0.295,0.405,0.196,0.285,0.357,0.391,0.046,0.285,0.273,0.288,0.148,0.264,0.27,0.184,0,0,0,0,0,0.072,0,0,0.008,0,0.147,0,0,0.426,0.705,0.585,0.501,0.56,0.791,0.606,0.266,0.626,0.721,0.531,0.412,0.707,0.637,0.216,0.002,0.003,0,0,0,0,0.017,0.118,0,0.032,0.022,0.02,0.11,0.465,0.813,0.868,0.387,0.582,0.852,0.645,0.305,0.677,0.816,0.528,0.48,0.798,0.643,0.383,0,0,0.065,0.089,0,0,0,0,0,0,0.053,0.003,0,0.264,0.485,0.554,0.273,0.318,0.481,0.308,0.212,0.456,0.558,0.403,0.299,0.44,0.35,0.186,0,0,0,0,0,0.012,0.097,0,0.042,0,0,0,0.154,0.006,0.108,0.127,0,0.001,0.231,0.03,0,0.109,0.204,0,0.321,0.494,0.542,0.117,0,0,0.01,0,0.05,0,0.067,0,0.068,0,0.065,0.012,0,0.064,0,0.106,0.009,0.027,0.052,0.006,0,0.018,0,0.112,0.497,0.926,0.796,0.415,0.071,0,0.023,0.022,0,0,0,0.126,0,0.014,0.01,0,0.013,0,0,0,0,0,0.042,0.012,0,0,0.102,0.122,0.432,0.76,0.716,0.395,0,0.123,0,0.077,0.062,0,0.04,0.028,0,0,0.066,0.11,0,0,0,0,0.08,0,0.051,0,0,0.244,0.274,0.09,0.094,0.32,0.284,0.149,0.021,0.01,0.007,0,0.025,0,0.121,0,0,0,0,0.063,0,0,0,0,0.013,0.057,0,0,0.235,0.612,0.61,0.433,0.082,0,0,0.055,0.029,0,0,0.019,0.001,0,0,0.027,0,0.023,0.007,0,0,0.047,0.005,0,0.005,0.136,0,0,0.269,0.733,0.907,0.564,0.138,0,0,0.007,0.086,0.011,0,0.008,0.035,0,0,0,0,0.075,0,0.025,0.004,0.104,0,0.019,0.055,0.011,0.165,0.117,0.197,0.472,0.639,0.377,0.1,0.051,0.03,0,0,0.035,0.016,0,0,0,0.056,0.036,0.039,0.039,0.003,0.041,0,0.174,0.367,0.442,0.264,0.308,0.385,0.477,0.152,0.18,0.26,0.176,0.059,0,0.058,0.043,0,0,0.011,0,0.001,0.052,0,0,0,0.006,0,0.027,0.047,0.331,0.774,0.763,0.418,0.552,0.834,0.623,0.271,0,0,0,0,0,0.05,0,0,0,0.023,0,0,0,0,0,0.027,0.064,0,0.046,0,0.393,0.692,0.844,0.503,0.606,0.764,0.626,0.231,0,0.023,0.045,0,0.054,0,0,0.012,0,0.065,0,0,0,0,0,0,0,0.005,0.075,0,0.236,0.405,0.29,0.265,0.388,0.361,0.373,0.105,0.028,0,0,0,0.067,0.033,0,0,0,0.075,0.005,0.078,0.068,0.066,0,0.008,0,0,0,0.055,0.016,0.022,0,0,0,0.074,0.122,0,0,0.019,0.067,0,0.037,0,0.012,0,0,0,0,0.033,0.028,0,0.043,0.02,0.1,0.122,0,0,0,0.025,0,0,0,0,0.041,0.035,0,0,0,0,0,0.069,0,0,0.04,0,0,0,0.058,0.033
0,0.016,0.003,0.019,0.017,0,0.013,0.392,0.771,0.776,0.576,0.385,0.828,0.864,0.441,0.345,0.752,0.823,0.482,0.115,0,0.031,0,0,0.074,0,0.008,0,0.021,0,0.016,0.006,0,0,0.074,0.246,0.555,0.545,0.343,0.257,0.469,0.55,0.321,0.318,0.53,0.579,0.332,0.052,0.042,0.079,0,0.099,0.055,0,0,0,0,0,0.024,0.141,0.16,0.211,0.151,0,0.109,0.217,0.021,0,0.261,0.219,0.066,0,0.145,0.164,0.014,0.156,0.315,0.325,0.183,0,0.06,0.039,0.021,0.066,0,0.032,0.005,0.38,0.588,0.678,0.405,0.029,0,0.086,0,0,0,0.029,0,0.006,0.054,0.03,0,0.325,0.743,0.708,0.383,0,0.047,0.041,0.063,0.111,0,0,0,0.49,0.678,0.857,0.461,0.141,0.041,0.022,0.082,0,0.037,0,0.109,0.019,0,0,0.089,0.413,0.831,0.708,0.463,0,0,0,0,0,0.029,0.047,0.009,0.212,0.535,0.521,0.35,0,0,0.013,0,0,0.029,0.075,0,0,0,0,0,0.339,0.521,0.544,0.326,0.044,0,0,0.016,0,0,0.012,0,0.074,0.24,0.338,0.114,0.049,0.007,0,0,0.027,0,0,0,0.105,0.252,0.335,0.195,0.124,0.308,0.305,0.135,0.066,0,0,0,0.074,0.031,0,0.039,0.365,0.555,0.655,0.385,0.09,0.034,0.024,0.023,0.018,0,0.042,0,0.384,0.597,0.68,0.357,0.42,0.584,0.614,0.35,0.134,0.007,0.031,0,0.008,0,0.062,0.032,0.321,0.8,0.821,0.536,0.05,0.012,0,0,0.078,0,0,0.07,0.358,0.719,0.917,0.44,0.407,0.816,0.815,0.579,0.185,0,0.026,0.081,0.004,0.134,0,0.038,0.243,0.478,0.498,0.317,0.072,0.087,0,0.057,0,0,0.074,0.011,0.252,0.562,0.505,0.218,0.253,0.55,0.479,0.264,0.018,0,0,0,0.089,0,0,0,0.106,0.258,0.376,0.071,0.066,0,0,0,0,0.28,0.33,0.167,0,0.151,0.212,0.088,0.185,0.272,0.362,0.095,0.006,0.012,0,0.031,0,0,0,0,0.313,0.665,0.636,0.444,0.07,0,0,0.05,0.399,0.661,0.645,0.453,0.068,0.027,0.007,0,0.277,0.645,0.644,0.392,0.03,0,0,0,0,0.076,0,0,0.289,0.78,0.841,0.452,0.107,0,0,0,0.305,0.761,0.81,0.474,0.1,0.103,0,0.021,0.383,0.767,0.901,0.415,0.143,0,0,0,0,0,0,0,0.262,0.43,0.497,0.409,0,0,0.012,0.076,0.287,0.541,0.553,0.331,0.192,0.002,0.001,0,0.31,0.578,0.485,0.35,0,0,0.027,0,0,0.044,0,0,0.051,0.323,0.334,0.125,0.123,0.383,0.311,0.179,0,0.223,0.221,0.03,0,0,0,0,0.181,0.373,0.335,0.266,0.009,0.055,0,0.081,0.048,0.016,0.026,0.034,0.319,0.595,0.598,0.375,0.361,0.516,0.613,0.329,0.04,0.082,0.038,0.013,0,0.07,0.015,0,0.36,0.61,0.604,0.436,0.039,0.098,0.028,0,0.023,0.02,0,0,0.427,0.793,0.852,0.495,0.446,0.8,0.803,0.46,0.118,0,0,0.075,0,0,0.023,0.006,0.432,0.746,0.895,0.409,0.05,0,0.043,0.009,0,0.132,0.073,0,0.251,0.52,0.571,0.32,0.226,0.448,0.564,0.351,0.023,0,0.02,0.025,0.037,0.073,0.021,0,0.238,0.531,0.656,0.25,0,0,0.011,0,0,0,0.03,0.01,0.096,0.401,0.273,0.162,0,0.151,0.168,0,0.024,0,0.025,0,0,0.047,0.052,0.019,0.113,0.206,0.317,0.224,0.082,0.052,0.006,0,0,0,0,0,0.319,0.661,0.699,0.439,0.113,0.052,0.052,0.064,0,0,0,0,0,0.055,0,0.063,0.264,0.593,0.627,0.4,0.079,0,0,0,0,0,0.079,0.016,0.447,0.716,0.798,0.545,0.018,0,0,0.032,0,0,0.061,0,0,0,0,0,0.5,0.761,0.863,0.527,0.148,0.019,0.046,0.02,0.071,0,0,0,0.233,0.476,0.519,0.345,0.071,0.054,0.017,0,0.008,0,0.01,0,0,0.057,0.01,0.035,0.263,0.537,0.563,0.274,0.001,0,0,0.039,0.013,0.014,0,0.038,0.055,0.071,0.2,0.111,0.098,0.309,0.268,0.201,0.085,0.288,0.28,0.178,0.163,0.351,0.379,0.195,0,0.099,0.16,0,0,0,0,0,0,0.001,0,0.028,0,0,0,0,0.292,0.617,0.808,0.43,0.293,0.702,0.672,0.474,0.291,0.583,0.644,0.347,0,0.013,0,0.032,0,0,0.024,0,0,0,0.052,0,0.019,0.052,0.004,0.039,0.338,0.767,0.842,0.378,0.389,0.738,0.909,0.344,0.397,0.83,0.853,0.52,0.107,0,0.038,0,0,0,0.016,0.035,0,0.024,0,0,0.002,0,0.011,0,0.281,0.486,0.602,0.275,0.292,0.477,0.574,0.251,0.284,0.468,0.488,0.286,0.028,0.036,0.043,0,0.07,0.034,0,0,0.065,0.1,0.099,0.018,0.023,0.049,0,0.115,0,0.192,0.184,0.028,0,0.15,0.216,0.051,0.036,0.08,0.167,0.032,0.108,0.045,0,0,0.031,0.005,0.027,0.033,0,0.046,0.028,0,0.027,0,0,0,0.062,0,0.008,0,0,0,0,0.015,0,0,0,0.034,0.046,0,0,0.015,0,0.011,0,0.013,0.029,0.055
1,0,0,0.02,0,0,0.01,0.087,0,0,0,0.303,0.499,0.816,0.652,0.169,0.017,0.054,0,0,0,0,0,0,0.132,0.008,0,0,0,0.001,0.035,0,0,0.025,0,0.079,0.039,0,0.044,0.211,0.66,0.815,0.628,0.121,0.032,0.044,0.021,0,0.022,0.04,0,0.047,0.033,0.045,0.103,0,0,0.065,0.021,0.066,0,0.052,0,0.008,0.07,0.088,0.058,0.144,0.354,0.486,0.33,0.048,0.033,0,0,0.017,0.066,0,0.024,0,0,0.042,0,0,0.069,0,0,0,0.095,0.023,0,0.101,0.35,0.472,0.316,0.127,0.334,0.48,0.258,0.002,0,0,0,0,0.069,0.038,0.046,0.036,0,0,0.002,0,0.033,0.061,0,0.033,0,0.047,0.034,0.22,0.557,0.809,0.577,0.27,0.658,0.82,0.564,0.254,0.032,0,0.042,0.078,0.045,0.001,0.052,0,0.015,0,0,0.018,0,0.02,0.129,0,0,0,0,0.221,0.556,0.68,0.608,0.306,0.497,0.883,0.555,0.198,0,0.047,0.02,0.015,0,0.026,0.03,0,0,0.061,0.043,0.075,0.04,0,0,0.031,0,0,0,0.047,0.286,0.424,0.308,0.123,0.422,0.387,0.196,0.112,0.053,0,0.028,0.055,0,0.026,0.039,0.031,0,0.052,0.05,0.015,0,0.098,0.012,0,0.085,0.019,0.099,0.033,0.051,0.046,0.022,0.185,0.31,0.549,0.292,0.118,0.082,0.012,0,0.069,0,0,0.057,0.05,0,0,0,0.013,0.059,0.033,0.048,0.038,0.053,0,0,0,0.032,0,0.101,0.252,0.549,0.847,0.499,0.231,0.03,0,0,0.057,0.055,0,0,0,0.064,0.057,0,0.096,0,0.047,0.042,0,0.109,0,0,0.056,0.003,0,0.053,0.233,0.534,0.77,0.538,0.208,0.063,0,0,0.018,0,0.004,0,0,0,0.009,0,0.002,0.013,0,0,0.003,0.05,0,0,0,0,0,0.022,0.042,0.322,0.413,0.314,0,0,0,0.084,0.01,0,0,0,0.002,0.012,0.053,0,0,0,0,0,0,0,0,0,0,0.056,0,0.024,0.164,0.407,0.503,0.388,0.122,0,0,0,0,0,0.081,0,0,0.006,0.009,0,0.022,0.006,0.039,0,0.005,0.073,0.025,0.008,0.052,0.027,0.1,0,0.247,0.684,0.931,0.638,0.238,0.066,0.01,0.033,0,0,0.038,0,0.068,0.059,0,0.013,0.045,0,0,0.052,0,0,0.044,0,0.059,0.029,0.02,0,0.162,0.474,0.66,0.595,0.257,0.031,0,0.001,0,0,0.002,0,0.014,0.019,0.031,0,0,0.093,0.002,0,0,0,0,0.083,0,0.021,0,0.013,0,0.266,0.379,0.283,0.041,0,0.019,0,0.075,0,0.091,0,0,0,0,0,0.076,0,0,0.034,0,0,0,0.024,0.113,0.037,0.065,0.02,0.186,0.491,0.629,0.542,0.23,0.028,0,0.015,0.112,0.068,0.02,0,0.061,0.093,0,0,0,0.058,0,0.035,0,0.036,0,0,0,0.021,0.009,0.028,0.257,0.589,1,0.634,0.284,0,0.079,0.094,0.012,0,0,0.034,0,0,0.047,0.013,0.025,0,0.034,0,0,0.054,0.019,0,0.049,0.03,0.022,0.036,0.133,0.45,0.58,0.495,0.133,0,0.041,0,0.008,0.075,0.061,0,0,0.089,0.063,0.048,0.01,0.026,0.035,0.069,0.003,0.031,0,0.065,0.013,0.071,0.047,0.007,0,0.128,0.275,0.198,0.006,0.031,0.093,0,0,0.018,0.026,0,0,0,0,0.11,0,0,0.005,0,0.009,0.065,0.062,0.099,0.066,0.05,0,0.034,0.269,0.492,0.64,0.407,0.188,0.023,0.03,0.067,0,0.032,0,0.023,0,0,0.022,0.056,0.029,0.071,0,0.073,0.019,0.005,0.04,0,0.021,0,0,0,0.295,0.633,0.963,0.633,0.174,0.022,0,0,0,0,0.059,0.165,0.012,0,0.02,0.063,0.005,0,0,0,0.086,0,0.037,0.011,0,0.005,0,0.012,0.154,0.535,0.619,0.397,0.151,0,0,0.055,0.068,0.042,0,0,0,0.077,0,0.017,0.027,0,0.012,0,0,0,0,0,0,0.205,0.399,0.188,0.045,0.252,0.286,0.252,0,0.311,0.398,0.187,0.032,0,0,0,0.091,0,0,0.012,0,0,0.023,0,0.023,0.034,0,0,0.087,0.508,0.728,0.633,0.32,0.571,0.634,0.547,0.239,0.538,0.725,0.536,0.127,0,0.025,0.103,0,0,0.029,0.001,0.001,0,0,0,0,0,0,0.126,0.229,0.52,0.972,0.686,0.391,0.606,0.922,0.631,0.37,0.799,0.988,0.638,0.316,0,0.038,0.035,0.113,0,0,0,0,0.081,0.057,0.072,0.096,0,0.035,0,0.056,0.554,0.572,0.486,0.126,0.433,0.605,0.422,0.138,0.507,0.626,0.333,0.18,0.003,0,0,0.091,0,0.034,0.109,0,0,0,0,0,0,0,0,0,0.115,0.211,0.152,0.013,0.069,0.227,0.19,0.027,0.174,0.233,0.076,0.089,0,0,0,0,0,0.044,0.108,0.011,0.149,0.061,0,0,0.109,0.007,0.058,0,0,0,0,0,0.018,0,0.018,0,0.024,0,0,0.014,0,0.026,0,0.014,0,0.088,0,0,0.01
2,0.005,0,0,0.001,0,0.032,0,0.278,0.582,0.717,0.547,0.437,0.711,0.702,0.482,0.449,0.794,0.652,0.295,0.036,0,0.029,0,0,0.02,0.015,0,0,0,0,0.052,0.045,0.023,0,0,0.336,0.633,0.867,0.567,0.305,0.805,0.819,0.54,0.531,0.903,0.61,0.364,0.045,0,0,0.011,0.002,0,0,0.005,0.058,0.003,0.047,0,0.026,0,0.052,0.035,0.19,0.431,0.421,0.296,0.201,0.43,0.493,0.288,0.367,0.331,0.453,0.223,0.072,0.093,0.156,0,0,0.065,0.004,0,0,0.016,0,0.022,0.11,0.341,0.458,0.473,0.153,0.077,0.087,0.012,0.019,0.065,0.096,0.029,0,0.14,0.069,0.133,0.424,0.386,0.486,0.124,0.083,0.039,0,0,0.004,0.07,0.03,0.022,0.193,0.519,0.901,0.686,0.363,0.038,0.072,0.034,0,0,0.014,0,0.035,0.015,0.041,0.383,0.585,0.906,0.549,0.221,0.001,0.037,0.045,0,0,0.004,0,0.053,0.105,0.461,0.716,0.601,0.239,0,0.012,0,0.049,0,0,0,0.011,0,0.041,0.254,0.59,0.773,0.528,0.166,0.052,0.021,0.113,0,0,0.023,0.113,0.002,0.059,0.267,0.392,0.363,0.11,0,0.127,0.005,0,0,0.031,0.006,0,0,0,0.002,0.318,0.341,0.258,0.025,0,0,0,0,0,0.082,0.017,0.038,0.054,0.059,0.037,0.102,0.058,0.022,0,0,0.002,0,0.015,0.047,0.065,0.028,0.016,0.118,0.588,0.729,0.443,0.166,0.031,0.05,0.027,0,0,0,0,0,0.047,0.039,0,0,0,0,0.064,0,0.116,0.078,0,0,0,0,0.032,0.139,0.676,1,0.651,0.228,0.022,0.014,0,0,0,0.082,0.015,0.018,0.081,0,0,0,0.06,0.156,0.051,0,0,0.006,0.051,0.004,0,0,0,0.162,0.404,0.648,0.432,0.256,0.021,0,0.031,0.022,0,0.031,0,0,0,0.012,0.019,0,0.05,0.038,0.031,0,0,0.011,0,0,0.226,0.386,0.331,0,0.176,0.333,0.301,0.024,0,0,0,0,0,0.073,0,0.067,0,0.037,0.005,0.122,0.072,0,0.074,0.025,0,0,0,0.133,0.432,0.703,0.635,0.297,0,0,0,0,0.002,0.012,0.027,0.006,0,0,0.105,0,0,0,0.036,0,0,0,0,0.002,0.059,0.016,0,0.146,0.453,0.872,0.652,0.346,0.055,0,0.102,0,0,0,0.067,0.049,0,0.034,0.028,0.051,0,0.041,0,0.104,0,0.042,0.063,0,0.009,0.027,0.251,0,0.343,0.535,0.408,0.229,0,0.005,0.03,0.017,0.045,0,0,0,0,0,0.044,0.043,0,0,0.035,0.039,0,0.006,0,0.059,0.172,0.42,0.381,0.227,0.028,0.205,0.17,0.018,0,0,0,0,0,0.016,0.006,0.05,0.003,0.013,0.085,0.081,0.055,0,0,0,0,0,0,0.019,0.385,0.662,0.857,0.451,0.067,0,0,0,0.004,0.048,0.124,0.007,0.026,0.033,0.033,0,0.025,0.015,0,0,0,0.054,0.03,0.012,0,0.082,0,0.111,0.415,0.755,0.717,0.444,0.147,0,0.005,0,0.056,0,0,0,0.059,0,0,0.047,0,0,0.054,0,0,0.014,0.016,0.007,0,0.181,0.217,0.049,0.161,0.501,0.453,0.123,0,0,0.026,0,0,0.024,0.04,0.002,0,0.02,0.041,0,0,0.052,0,0,0,0,0.009,0,0.242,0.431,0.586,0.506,0.115,0.014,0.103,0.034,0,0.031,0.025,0.007,0,0,0.031,0,0,0,0,0.032,0,0,0,0.026,0,0.022,0,0,0.232,0.702,0.981,0.617,0.26,0,0.003,0,0,0,0.008,0.022,0.1,0,0,0.041,0,0,0.049,0.006,0.005,0.036,0,0,0.07,0.016,0,0.092,0.267,0.567,0.664,0.436,0.089,0.066,0,0.093,0.063,0,0.05,0.022,0.019,0.032,0,0.074,0,0,0,0,0.052,0,0.02,0.028,0,0.266,0.266,0.314,0.049,0.218,0.307,0.303,0.132,0.291,0.332,0.115,0.142,0.295,0.279,0.027,0.24,0.316,0.268,0,0,0,0.017,0,0,0.032,0,0,0.108,0.445,0.628,0.562,0.281,0.563,0.661,0.475,0.285,0.695,0.64,0.368,0.421,0.72,0.603,0.361,0.501,0.584,0.505,0.16,0.007,0,0,0.075,0.08,0,0,0,0.216,0.58,0.899,0.674,0.272,0.662,0.994,0.544,0.364,0.814,0.802,0.491,0.481,0.888,0.697,0.354,0.657,0.923,0.691,0.406,0,0,0,0,0,0.048,0,0.02,0.124,0.359,0.498,0.448,0.205,0.49,0.515,0.364,0.161,0.557,0.591,0.258,0.348,0.557,0.438,0.269,0.533,0.572,0.405,0.159,0.002,0,0.007,0,0,0.029,0,0.073,0,0.103,0.185,0.114,0.027,0.166,0.216,0.1,0,0.076,0.241,0.108,0,0.267,0.146,0,0.081,0.29,0.091,0,0,0,0,0,0.037,0,0.016,0.004,0.012,0.05,0.011,0.05,0,0,0.034,0.054,0,0,0.061,0.007,0.022,0,0,0,0.064,0,0,0,0,0,0.03,0,0,0.049,0.054,0,0.115,0.016,0,0.005,0,0,0.003,0,0.114,0,0,0.044,0.058,0,0.03,0,0,0,0.019,0.06,0,0,0,0,0.023
3,0.008,0.141,0.494,0.763,0.651,0.426,0.532,0.729,0.638,0.268,0.539,0.892,0.668,0.246,0.528,0.759,0.586,0.219,0.614,0.797,0.611,0.254,0,0.006,0.1,0.02,0,0.044,0,0,0.304,0.487,0.441,0.228,0.205,0.447,0.463,0.072,0.316,0.422,0.342,0.145,0.331,0.451,0.417,0.123,0.335,0.422,0.283,0.021,0.048,0,0.026,0,0.105,0,0.033,0,0,0.034,0.045,0.05,0,0.06,0,0.027,0.029,0.04,0.009,0.118,0.404,0.5,0.354,0.092,0,0.093,0.093,0.011,0,0,0.033,0.004,0,0.043,0.037,0.069,0,0.051,0.045,0.084,0.057,0.084,0.016,0,0.069,0.039,0.071,0.358,0.554,0.789,0.52,0.304,0,0,0.028,0.018,0.052,0,0.02,0,0,0,0.05,0,0.001,0.04,0,0.023,0,0,0,0,0.064,0.017,0.026,0.212,0.556,0.851,0.608,0.291,0.025,0.01,0.012,0.03,0,0,0.109,0.015,0.018,0,0.038,0,0.072,0.028,0,0,0,0.025,0,0,0.096,0.148,0.033,0.065,0.357,0.448,0.395,0.143,0.052,0.06,0,0.081,0,0,0.04,0.023,0.019,0,0,0.008,0.031,0,0.092,0.016,0,0.032,0,0,0.365,0.516,0.381,0.099,0.001,0.131,0,0,0,0.069,0.031,0.079,0,0.053,0.106,0.002,0,0.006,0.054,0.012,0.051,0.027,0.044,0.041,0,0.007,0.025,0.166,0.551,0.828,0.725,0.323,0,0,0.093,0.039,0,0.059,0,0.037,0.007,0,0,0.059,0.041,0,0.003,0,0.111,0,0.059,0.023,0,0,0,0.258,0.49,0.81,0.576,0.297,0,0,0,0.052,0.107,0.01,0,0,0.035,0,0,0,0.089,0,0,0,0,0,0.003,0,0,0.002,0,0,0.242,0.408,0.276,0.128,0.001,0.158,0.118,0,0.037,0.122,0,0,0.048,0.096,0,0,0,0.018,0,0,0.007,0,0,0.038,0.004,0,0.02,0.043,0.011,0.109,0,0.051,0.335,0.486,0.434,0.203,0.054,0,0,0.01,0.013,0.002,0,0.005,0.049,0,0.071,0.005,0.023,0.026,0,0,0,0.065,0,0.028,0.083,0,0,0.242,0.665,0.889,0.619,0.242,0,0,0.101,0.01,0,0,0,0,0.052,0.004,0,0.063,0.028,0,0,0.009,0.028,0.091,0,0.053,0,0.03,0,0.166,0.548,0.851,0.598,0.281,0.019,0,0.02,0.01,0.006,0,0,0,0,0.045,0,0,0,0.026,0,0.006,0,0.078,0,0,0.008,0,0,0.002,0.208,0.347,0.319,0,0.034,0.173,0.127,0.053,0.046,0.038,0,0.002,0.045,0,0.039,0,0,0.037,0,0,0.005,0,0,0,0,0,0.045,0.016,0,0.035,0.055,0.133,0.429,0.537,0.469,0.12,0.063,0.021,0,0.002,0,0.036,0,0,0.003,0,0,0.055,0.02,0,0.034,0,0.023,0.054,0,0,0.031,0,0.016,0.216,0.613,0.952,0.66,0.218,0.077,0.001,0,0.114,0,0.005,0,0,0.046,0.035,0.005,0,0.074,0.048,0.062,0.022,0.008,0,0.061,0,0,0.014,0,0.194,0.51,0.673,0.509,0.131,0.017,0,0,0,0.007,0.057,0.009,0.028,0.071,0.264,0.241,0,0,0.113,0.007,0.013,0,0.078,0.023,0.029,0,0.061,0,0.032,0.246,0.3,0.161,0,0.015,0.004,0.008,0,0.027,0.081,0,0.069,0.425,0.542,0.537,0.276,0.14,0.022,0,0.033,0,0.058,0,0.011,0.043,0.034,0.1,0.167,0.468,0.598,0.472,0.184,0.045,0.011,0,0,0.028,0,0,0.195,0.517,0.945,0.794,0.314,0.024,0,0,0,0,0.075,0.115,0,0.008,0,0,0.338,0.683,0.983,0.588,0.219,0,0,0.012,0.063,0,0,0,0.06,0.455,0.616,0.517,0.242,0,0.001,0,0.034,0,0,0.014,0,0,0.019,0.022,0.198,0.499,0.581,0.508,0.154,0,0.073,0,0.052,0.048,0.105,0,0.008,0.19,0.218,0.279,0.101,0.1,0.347,0.216,0,0.079,0.264,0.162,0,0.223,0.173,0.219,0,0.273,0.216,0.099,0.024,0,0.032,0,0.02,0.027,0.017,0,0.013,0.015,0,0,0.105,0.396,0.67,0.46,0.182,0.458,0.573,0.483,0.203,0.42,0.637,0.509,0.151,0.012,0,0,0.017,0.101,0.013,0,0.082,0.045,0.04,0,0,0,0,0,0.158,0.614,0.852,0.751,0.255,0.628,0.866,0.692,0.354,0.681,0.94,0.721,0.327,0.024,0,0,0.009,0,0,0.073,0,0,0,0,0,0,0.041,0.029,0.124,0.396,0.623,0.444,0.278,0.371,0.545,0.44,0.244,0.46,0.649,0.439,0.204,0.022,0.025,0,0.078,0.029,0,0.1,0,0.103,0,0,0,0.021,0.046,0.042,0.017,0.161,0.37,0.205,0.016,0.24,0.343,0.286,0,0.199,0.225,0.17,0.05,0,0.039,0.003,0,0,0,0.016,0.102,0.001,0,0.02,0,0.011,0.012,0,0.023,0,0.008,0,0,0,0.001,0,0.068,0,0,0,0.047,0.053,0.004,0,0.004,0,0.07,0,0.049,0.001,0.061,0.031,0.01,0,0.003,0,0.023,0.027,0,0,0.076,0.055,0,0,0.02,0,0.019,0,0.021,0.026,0,0.01,0.019,0,0,0.013,0,0.06,0
4,0,0,0.012,0,0.02,0,0.036,0,0.075,0,0.024,0,0,0.057,0.072,0.092,0.032,0,0,0,0,0.012,0.067,0,0,0.047,0,0.019,0.007,0.04,0,0,0,0,0,0,0,0.06,0.043,0.02,0.064,0.245,0.549,0.675,0.283,0,0,0.024,0,0,0,0.015,0.04,0.089,0,0.046,0,0.007,0.011,0,0.044,0,0,0.017,0.003,0,0.03,0,0.09,0.486,0.716,0.747,0.434,0.124,0.017,0.001,0,0,0.032,0.087,0.018,0,0.053,0,0,0.022,0,0.036,0.046,0,0.025,0,0.112,0.079,0,0.079,0.013,0.36,0.674,0.607,0.341,0.043,0.07,0,0.009,0,0,0.018,0.015,0,0.064,0,0,0,0,0.023,0,0,0.008,0,0.054,0.077,0.375,0.428,0.227,0.203,0.389,0.419,0.149,0.015,0,0.018,0,0.036,0.028,0.031,0,0,0.002,0,0.031,0,0,0,0.024,0.055,0,0.047,0,0.305,0.48,0.761,0.561,0.377,0.722,0.669,0.421,0.06,0,0.044,0.015,0,0.085,0.014,0,0.051,0.018,0,0,0,0.016,0,0.008,0,0.131,0,0.021,0.32,0.66,0.831,0.574,0.477,0.86,0.798,0.444,0.132,0,0.04,0,0,0,0.129,0,0,0.006,0,0.002,0.044,0.077,0,0.092,0.096,0,0.207,0.193,0.056,0.359,0.456,0.377,0.188,0.473,0.447,0.247,0.047,0,0,0.036,0,0,0,0,0.033,0,0.068,0.056,0.022,0.045,0.01,0,0.124,0.357,0.562,0.517,0.271,0.052,0.097,0.032,0.294,0.542,0.497,0.387,0,0.025,0.007,0.024,0.087,0.04,0,0,0,0.046,0.063,0.067,0,0,0,0,0.105,0.489,0.744,0.815,0.393,0.073,0.003,0.132,0.403,0.769,0.76,0.369,0.045,0,0.053,0,0,0.017,0,0,0,0.047,0,0,0,0.005,0,0.033,0,0.379,0.637,0.724,0.335,0,0.005,0,0.367,0.612,0.639,0.303,0.054,0,0,0.008,0,0.051,0.026,0.025,0,0,0.063,0.074,0.055,0,0.253,0.427,0.255,0.175,0.281,0.316,0.134,0.01,0,0,0.086,0.354,0.352,0.043,0.029,0,0,0,0,0.017,0,0.032,0.024,0.008,0,0,0.015,0.18,0.6,0.76,0.561,0.193,0.032,0,0,0,0,0,0.429,0.619,0.625,0.349,0.032,0.045,0.098,0.069,0.014,0.005,0,0,0,0.003,0,0,0.011,0.246,0.701,0.917,0.642,0.174,0,0.071,0,0.052,0.025,0.096,0.455,0.769,0.844,0.399,0.034,0.023,0,0.087,0.022,0.054,0.042,0.073,0,0,0.001,0.045,0,0.121,0.355,0.484,0.448,0.169,0.148,0.174,0.085,0.159,0.105,0.065,0.299,0.449,0.546,0.248,0.08,0.149,0.091,0.026,0,0.056,0,0.015,0.052,0,0.062,0,0.032,0.08,0.404,0.534,0.413,0.313,0.482,0.477,0.204,0.438,0.58,0.424,0.303,0.483,0.553,0.213,0.453,0.546,0.346,0.041,0,0,0.036,0,0,0,0,0.089,0,0.353,0.601,0.871,0.554,0.542,0.763,0.809,0.421,0.642,0.993,0.684,0.407,0.901,0.736,0.497,0.57,0.965,0.59,0.269,0,0.006,0.059,0.097,0,0,0.022,0.054,0,0.168,0.524,0.66,0.516,0.289,0.684,0.661,0.381,0.523,0.73,0.471,0.349,0.583,0.612,0.336,0.561,0.772,0.494,0.191,0.055,0.063,0,0,0,0.001,0.038,0,0,0.046,0.295,0.426,0.207,0.073,0.295,0.288,0.213,0.254,0.31,0.217,0.158,0.391,0.364,0.033,0.251,0.301,0.278,0.036,0.008,0.016,0,0,0.001,0.034,0.14,0,0.019,0.001,0.048,0.015,0.017,0,0.01,0.048,0.055,0.002,0,0.104,0.463,0.695,0.71,0.276,0.057,0.015,0,0.059,0.039,0,0.004,0.068,0.048,0,0.025,0.004,0.086,0.003,0,0.072,0,0,0,0.077,0,0,0.004,0.065,0.457,0.722,0.846,0.448,0.055,0.052,0,0.061,0,0,0,0,0,0.087,0,0.011,0,0,0,0.065,0,0,0.078,0,0,0,0.028,0,0.31,0.446,0.471,0.338,0,0.045,0,0,0.018,0.087,0.012,0,0.05,0,0,0.086,0.034,0.01,0.042,0.007,0,0,0.009,0,0,0,0.007,0.006,0.276,0.525,0.477,0.261,0.046,0.012,0.013,0,0.068,0.036,0.057,0,0.075,0.148,0,0,0.047,0.061,0.076,0.004,0.028,0,0.061,0.012,0.02,0,0,0.081,0.452,0.763,0.775,0.437,0.103,0,0,0,0,0,0.034,0.026,0.024,0.017,0,0,0.031,0.011,0,0,0.006,0,0.063,0.009,0.064,0,0.039,0,0.488,0.66,0.657,0.34,0.068,0,0,0.003,0.051,0.053,0,0.002,0,0,0,0.05,0.04,0.044,0.016,0.031,0,0.01,0,0,0.079,0.127,0,0,0.237,0.413,0.331,0.145,0,0,0.1,0.041,0,0,0,0,0,0.041,0.123,0,0,0.057,0,0.001,0,0,0.018,0.005,0.052,0,0,0.022,0,0,0.046,0.004,0,0.062,0.004,0.029,0.069,0,0,0,0,0,0,0,0,0,0,0.065,0.005,0,0,0,0,0.083,0.054,0.013,0.057,0,0,0,0,0,0.026,0,0.002,0.017,0,0,0,0.096,0
5,0,0,0,0.144,0.531,0.834,0.712,0.345,0.63,0.792,0.579,0.516,0.798,0.615,0.389,0.725,0.775,0.576,0.455,0.854,0.706,0.342,0,0,0.011,0,0,0.002,0,0,0,0.158,0.541,0.823,0.618,0.305,0.663,0.745,0.473,0.591,0.807,0.638,0.372,0.655,0.791,0.46,0.466,0.82,0.571,0.321,0,0.022,0.039,0,0,0,0.02,0,0.038,0.034,0.228,0.431,0.433,0.214,0.326,0.478,0.25,0.242,0.427,0.34,0.159,0.379,0.443,0.223,0.219,0.488,0.442,0.136,0,0.056,0.078,0.055,0.014,0,0,0.011,0.01,0.115,0.491,0.725,0.504,0.199,0.11,0.083,0,0,0.018,0,0,0.096,0.075,0.041,0.049,0.177,0.06,0.005,0,0,0.013,0,0.028,0.043,0.014,0.015,0,0.257,0.506,0.882,0.643,0.352,0.014,0.078,0,0,0.013,0.061,0.078,0,0.05,0.081,0.017,0,0,0.002,0.007,0,0,0,0,0.073,0.017,0.059,0.033,0.033,0.344,0.52,0.568,0.139,0.117,0.047,0.108,0.002,0.069,0,0.066,0.084,0.065,0,0.003,0.024,0.023,0.009,0.057,0,0.106,0.014,0.056,0.021,0,0.028,0,0.001,0.313,0.396,0.432,0.253,0.372,0.399,0.288,0.292,0.421,0.412,0.175,0.489,0.425,0.309,0.111,0,0,0.004,0,0.018,0.052,0.011,0,0.009,0.124,0,0,0.166,0.472,0.848,0.733,0.379,0.604,0.808,0.541,0.604,0.793,0.752,0.446,0.658,0.739,0.562,0.128,0.044,0,0,0,0,0.001,0,0.013,0.002,0,0,0,0.125,0.534,0.794,0.616,0.374,0.711,0.747,0.523,0.515,0.829,0.625,0.426,0.656,0.776,0.562,0.083,0.044,0,0.063,0,0,0,0.024,0,0.053,0.049,0.03,0,0,0.222,0.343,0.346,0.156,0.362,0.365,0.295,0.29,0.482,0.362,0.142,0.372,0.383,0.228,0.178,0.27,0.223,0.055,0,0,0,0,0.009,0,0,0.013,0.003,0.033,0.006,0.08,0.01,0,0.114,0.093,0,0,0.092,0,0,0.025,0.063,0.152,0.43,0.623,0.494,0.261,0,0.025,0,0,0.033,0.094,0,0.018,0.034,0.037,0.014,0.013,0,0.013,0,0.072,0,0,0,0,0,0,0.01,0.105,0.534,0.925,0.686,0.341,0.028,0.072,0.034,0,0.047,0,0.033,0.021,0.032,0,0.031,0.04,0,0,0.017,0,0.004,0.05,0,0.033,0.043,0,0.047,0.156,0.487,0.518,0.534,0.309,0,0.023,0.03,0.029,0,0,0,0.083,0.105,0,0,0.068,0.032,0,0.079,0.053,0.049,0,0.034,0.179,0.038,0.023,0.03,0.066,0.291,0.415,0.402,0.134,0.026,0,0,0,0,0.024,0.035,0.039,0.024,0.022,0,0.026,0.072,0,0,0.009,0.032,0,0.013,0,0,0,0,0.122,0.447,0.886,0.701,0.368,0.025,0.043,0,0.11,0,0.048,0.009,0,0.026,0.001,0,0.025,0.059,0,0,0.003,0.101,0,0,0.061,0,0,0.044,0.142,0.521,0.681,0.613,0.279,0,0,0.016,0.033,0,0.015,0,0,0,0.008,0.179,0.376,0.185,0.019,0,0,0.005,0,0,0.011,0,0.033,0.001,0,0.186,0.45,0.43,0.163,0,0,0,0,0,0.004,0.01,0.076,0,0.075,0.397,0.7,0.562,0.211,0.038,0.027,0.079,0,0.041,0.033,0,0,0,0.054,0.475,0.667,0.641,0.262,0.016,0,0.022,0.07,0,0.024,0.01,0.007,0.002,0.223,0.506,0.965,0.61,0.37,0,0,0.138,0.053,0.053,0.049,0,0,0.01,0.093,0.563,0.988,0.686,0.29,0,0.069,0.061,0,0,0,0.12,0,0,0.146,0.344,0.565,0.491,0.275,0.035,0.111,0,0.004,0.019,0.131,0,0.044,0.116,0.08,0.414,0.623,0.527,0.168,0,0,0.051,0.024,0,0.023,0.031,0.037,0,0.071,0.086,0.218,0.137,0.18,0.306,0.528,0.266,0.29,0.443,0.362,0.058,0.387,0.536,0.283,0.209,0.177,0.285,0.04,0,0.066,0,0.114,0.079,0.017,0,0,0.057,0,0.032,0,0,0.328,0.733,0.782,0.506,0.533,0.77,0.602,0.268,0.695,0.778,0.598,0.095,0,0.027,0,0.081,0.011,0.046,0,0,0.005,0,0.009,0.017,0,0.068,0,0,0.3,0.711,0.688,0.495,0.516,0.834,0.662,0.388,0.667,0.787,0.562,0.115,0,0.007,0,0.002,0.004,0.023,0.039,0,0,0,0,0,0.123,0,0,0,0.171,0.386,0.382,0.183,0.241,0.508,0.368,0.194,0.273,0.367,0.249,0,0,0,0,0.001,0.039,0,0.086,0,0.076,0,0.037,0.015,0,0,0.032,0,0,0.001,0,0.022,0,0,0.004,0,0,0.066,0,0,0,0.006,0.006,0,0,0.035,0.064,0,0.038,0.078,0,0.08,0,0,0,0.061,0,0,0.075,0,0,0,0,0.006,0,0,0,0,0,0,0.024,0,0.046,0,0.015,0.015,0.027,0,0.037,0,0.022,0,0.028,0.039,0,0.02,0.013,0,0,0,0.009,0.015,0.051,0.016,0,0.024,0.034,0.017,0.016,0.045,0.043,0,0,0,0.032,0,0,0,0,0,0.033,0,0,0.009,0.018,0.003,0,0.002,0.082,0,0,0.029,0,0,0.077,0,0,0,0,0.003,0.004,0.04,0
6,0,0,0,0.009,0,0,0.057,0,0.063,0.362,0.715,0.844,0.595,0.595,0.83,0.643,0.327,0,0.072,0,0.073,0.025,0,0.005,0,0,0,0.022,0.028,0.017,0,0,0,0,0,0.01,0.093,0.376,0.685,0.783,0.473,0.517,0.887,0.625,0.318,0.055,0,0.018,0,0.043,0.057,0,0.049,0,0,0.014,0.037,0,0,0.016,0,0.016,0.198,0.226,0.16,0.036,0.32,0.473,0.382,0.258,0.446,0.378,0.018,0,0.009,0,0,0,0.046,0.052,0,0,0,0,0,0,0.052,0,0,0.058,0.499,0.731,0.604,0.349,0,0.05,0,0,0.017,0,0,0.089,0,0,0.051,0.007,0,0,0.028,0.007,0,0,0.02,0,0,0,0,0.105,0.477,0.891,0.693,0.34,0.059,0,0,0.02,0.04,0.034,0.038,0,0.066,0.009,0.097,0,0,0,0,0.06,0.017,0,0,0.025,0,0.015,0.165,0.071,0.372,0.592,0.507,0.204,0,0,0.003,0,0,0,0.152,0.033,0,0,0,0.006,0,0,0.036,0.102,0.005,0,0,0.092,0.127,0.41,0.499,0.41,0.054,0.133,0.143,0.004,0.018,0,0,0,0.003,0,0,0.03,0,0,0,0.041,0,0.024,0.03,0.041,0,0,0,0,0.298,0.593,0.908,0.571,0.238,0,0,0,0,0,0,0,0.012,0,0.03,0,0.069,0.009,0,0.047,0,0.041,0,0,0,0,0,0.015,0.238,0.686,0.757,0.542,0.122,0.017,0.067,0.062,0,0.056,0,0,0.079,0,0.017,0.072,0,0.021,0,0,0.058,0.026,0.017,0.086,0,0,0,0.033,0.038,0.336,0.304,0.218,0.118,0.257,0.309,0.059,0.283,0.28,0.249,0.246,0.286,0.35,0.036,0,0,0,0,0.085,0.024,0.018,0,0,0.046,0.035,0.084,0,0.275,0.651,0.63,0.497,0.471,0.651,0.571,0.35,0.562,0.68,0.46,0.515,0.684,0.61,0.254,0.032,0,0,0,0,0.024,0.032,0,0.014,0.02,0,0,0.016,0.311,0.597,0.844,0.592,0.549,0.846,0.732,0.297,0.669,0.886,0.533,0.608,0.885,0.621,0.478,0,0.054,0,0.032,0,0,0,0.087,0,0.101,0,0.062,0.005,0.169,0.467,0.504,0.372,0.374,0.514,0.426,0.21,0.469,0.612,0.414,0.342,0.495,0.471,0.321,0.123,0.141,0,0,0.047,0,0,0.038,0,0.006,0,0.05,0,0.094,0.45,0.54,0.403,0.101,0.151,0.146,0.001,0.19,0.188,0.012,0.03,0.097,0.147,0.201,0.425,0.507,0.396,0.054,0,0,0.018,0,0,0,0.054,0.042,0,0.253,0.651,0.838,0.641,0.152,0,0.074,0.009,0.022,0.021,0.039,0.016,0,0,0.356,0.834,0.822,0.549,0.114,0,0,0,0.007,0,0.105,0.056,0,0.063,0.223,0.635,0.641,0.575,0.198,0.035,0.008,0.035,0.021,0,0,0.087,0,0.028,0.366,0.667,0.69,0.442,0.001,0.013,0,0,0.031,0,0.022,0,0.052,0,0.102,0.377,0.303,0.239,0.017,0,0.027,0.033,0,0,0.005,0,0,0,0.105,0.293,0.324,0.234,0,0.035,0.066,0,0.006,0.05,0,0.016,0,0,0.281,0.591,0.744,0.603,0.171,0,0.027,0,0.048,0.023,0.178,0,0,0,0.355,0.623,0.702,0.47,0.116,0.049,0.081,0.081,0,0.028,0.053,0.021,0.051,0,0.344,0.597,0.867,0.512,0.18,0,0,0,0.019,0,0.004,0.02,0,0,0.403,0.748,0.786,0.519,0.048,0.005,0,0,0,0,0.024,0.023,0.021,0,0.08,0.472,0.533,0.449,0.041,0.122,0.179,0,0.183,0.132,0.132,0.004,0.194,0.171,0.126,0.465,0.464,0.342,0,0.032,0.002,0,0.008,0,0.043,0,0,0.063,0.039,0.141,0.076,0.145,0.299,0.524,0.486,0.295,0.49,0.549,0.384,0.336,0.519,0.492,0.113,0.027,0.203,0.081,0,0.051,0,0.004,0.001,0.045,0.015,0.021,0.002,0,0.025,0.018,0,0.112,0.547,0.921,0.608,0.381,0.731,0.982,0.469,0.597,0.863,0.653,0.332,0,0,0.056,0,0,0,0.031,0,0.094,0,0,0.045,0,0,0,0.082,0.073,0.417,0.608,0.625,0.318,0.657,0.739,0.448,0.382,0.704,0.624,0.266,0,0,0,0.046,0.011,0,0.006,0.006,0,0.005,0,0.044,0,0.068,0,0,0,0.215,0.28,0.239,0.015,0.275,0.335,0.175,0.194,0.273,0.226,0.029,0,0.07,0,0,0,0,0.025,0.112,0.035,0.023,0.021,0.034,0.086,0.033,0.122,0.005,0.013,0.03,0.021,0.031,0.024,0.045,0.012,0.076,0.077,0,0,0.022,0.029,0,0,0.02,0.034,0.049,0.018,0,0,0.06,0,0,0,0.045,0,0.054,0,0.06,0,0.115,0.035,0,0.055,0.005,0.002,0.009,0.08,0.055,0,0,0.028,0.035,0.046,0,0,0,0.022,0,0.028,0,0.034,0.051,0,0.009,0.014,0.004,0,0.012,0,0,0.05,0,0.014,0.043,0,0,0,0,0,0.02,0,0,0.114,0,0.027,0.076,0,0,0,0,0,0,0,0,0,0.027,0.065,0,0,0.033,0.071,0,0.028,0.082,0.012,0.037,0,0,0.055,0,0.101,0.074,0.084,0,0
7,0,0.355,0.625,0.866,0.514,0.305,0.624,0.797,0.465,0.38,0.631,0.78,0.448,0.269,0.739,0.844,0.522,0.46,0.725,0.777,0.477,0.183,0.055,0,0.049,0.026,0,0,0.054,0.057,0.405,0.433,0.318,0.206,0.439,0.407,0.24,0.175,0.383,0.396,0.252,0.211,0.402,0.518,0.209,0.24,0.453,0.434,0.209,0,0.036,0.009,0.033,0,0,0,0.024,0.055,0.026,0.054,0,0,0.046,0.033,0,0,0.112,0.024,0,0.03,0.021,0,0,0.202,0.434,0.524,0.216,0.016,0.027,0.068,0.008,0.035,0,0,0,0,0,0,0,0.017,0,0,0,0.063,0.018,0.009,0,0,0,0,0,0.423,0.672,0.779,0.5,0.159,0,0.072,0,0.002,0.056,0,0.032,0.036,0,0,0,0,0,0,0.031,0.01,0,0.048,0.089,0.072,0,0.015,0.011,0.352,0.701,0.823,0.392,0.058,0,0.059,0.003,0.019,0.028,0.007,0,0,0.011,0,0,0,0,0.012,0,0,0.027,0.033,0.04,0.044,0.001,0.114,0,0.176,0.461,0.433,0.224,0,0.004,0,0.072,0,0,0.078,0.07,0.115,0.003,0.069,0.013,0.024,0,0,0,0.038,0.011,0,0,0.169,0.458,0.378,0.216,0,0.044,0.081,0,0,0.005,0,0,0.065,0.045,0.057,0,0,0.088,0,0.081,0.028,0,0.018,0,0.041,0,0.061,0.053,0.368,0.689,0.805,0.439,0.076,0,0,0.029,0.037,0,0.049,0.012,0.056,0.066,0.076,0,0.047,0,0,0.004,0.02,0,0.005,0.005,0.05,0.05,0,0.034,0.401,0.66,0.787,0.566,0.208,0.086,0.009,0.032,0,0,0.025,0,0,0.098,0,0,0,0.002,0.015,0,0,0.061,0,0,0,0.146,0,0.022,0.233,0.273,0.377,0.308,0,0,0,0.015,0,0.009,0.012,0,0,0.045,0,0.032,0,0.021,0,0.003,0,0.086,0,0,0.206,0.337,0.517,0.193,0,0.074,0.013,0,0.038,0.089,0,0,0.019,0.111,0.016,0.011,0.021,0.036,0.073,0,0.124,0.035,0.03,0.011,0.021,0.022,0.024,0.054,0.388,0.675,0.798,0.468,0.065,0.016,0,0.034,0,0,0,0.051,0,0.116,0,0.012,0.041,0.04,0,0.117,0.047,0,0.039,0.031,0.022,0,0,0.033,0.301,0.67,0.827,0.47,0.115,0,0,0,0.001,0.015,0.009,0,0.043,0.063,0.169,0.011,0.094,0.051,0.007,0,0,0.024,0.009,0,0.033,0.133,0.077,0,0.031,0.436,0.465,0.258,0,0,0,0.054,0.002,0,0,0.025,0,0,0.005,0,0.011,0.038,0.01,0,0,0.038,0,0,0.241,0.396,0.496,0.293,0.069,0.13,0.077,0,0.07,0.015,0.042,0,0,0.052,0,0.015,0,0.021,0,0,0,0,0.095,0.022,0.034,0,0.035,0.021,0.36,0.604,0.868,0.601,0.124,0,0,0.048,0.038,0,0.051,0.096,0.062,0.074,0.001,0,0,0,0,0.07,0.035,0.015,0,0.014,0,0.005,0.02,0.026,0.391,0.648,0.786,0.572,0.1,0,0,0,0,0.01,0,0,0.024,0,0.03,0,0,0,0.032,0,0,0.001,0,0.053,0,0.002,0,0,0.026,0.352,0.489,0.228,0.027,0.02,0,0,0.047,0.038,0,0.021,0.036,0.033,0,0,0.027,0,0,0.036,0.012,0,0.115,0.047,0,0.07,0.032,0,0.09,0.414,0.449,0.257,0.062,0,0,0.022,0,0,0,0.084,0,0.012,0,0.017,0,0,0,0,0,0.012,0.004,0,0.004,0,0,0,0.344,0.652,0.833,0.541,0.145,0.016,0.023,0,0,0.01,0,0.058,0.019,0,0.123,0.042,0,0,0.019,0,0,0,0.092,0,0,0.072,0.011,0,0.381,0.677,0.7,0.445,0.207,0.074,0.068,0,0,0.009,0.064,0,0,0.065,0.047,0.047,0,0.067,0.02,0,0.007,0.053,0.008,0,0.016,0,0,0,0.13,0.405,0.426,0.258,0,0,0.007,0,0.006,0.002,0.034,0,0.114,0.017,0,0.016,0,0,0,0,0,0.032,0.042,0.006,0.047,0.041,0.052,0,0.105,0.431,0.494,0.227,0,0.018,0,0.033,0.044,0,0,0,0,0,0.029,0.055,0.051,0.017,0,0,0.034,0.043,0.111,0,0,0,0,0.054,0.363,0.691,0.837,0.498,0.203,0,0,0,0,0,0.03,0.027,0,0.059,0,0,0,0.082,0.022,0,0,0.059,0,0,0,0,0,0,0.304,0.652,0.731,0.478,0.193,0.025,0,0,0.045,0.083,0,0.027,0.057,0,0,0,0.027,0.013,0,0.015,0.018,0,0.082,0,0,0.019,0,0,0.184,0.325,0.443,0.209,0.021,0,0,0.042,0,0,0,0,0,0.031,0,0.006,0.017,0.034,0,0,0,0,0,0.021,0.013,0.019,0,0.026,0,0,0.028,0,0,0,0.016,0,0,0,0.067,0.117,0,0,0,0.037,0,0,0.05,0.124,0.008,0,0.109,0.062,0,0,0.074,0.015,0,0,0,0,0,0.045,0.112,0,0.09,0,0,0.035,0.03,0.04,0.025,0,0,0.064,0.023,0,0.017,0,0
8,0,0.07,0,0.026,0.021,0,0.206,0.586,0.681,0.566,0.367,0.637,0.684,0.268,0.473,0.641,0.577,0.303,0,0,0,0,0,0.012,0.034,0,0.082,0.012,0.06,0,0.1,0,0.073,0.027,0.345,0.702,0.986,0.57,0.436,0.755,0.876,0.38,0.596,0.961,0.704,0.266,0.051,0,0.081,0.005,0,0.05,0,0.073,0.054,0.062,0,0,0,0.001,0.069,0,0.218,0.529,0.703,0.405,0.23,0.5,0.521,0.273,0.386,0.663,0.508,0.207,0,0.068,0.006,0.011,0.002,0,0.027,0,0,0,0,0,0.002,0.196,0.481,0.333,0.155,0.065,0.252,0.173,0,0.188,0.247,0.081,0.096,0.269,0.185,0.027,0.288,0.43,0.328,0.028,0,0,0.037,0,0,0,0.028,0,0.153,0.511,0.741,0.742,0.379,0,0,0,0,0,0,0.032,0,0,0,0.308,0.573,0.77,0.524,0.215,0,0.013,0,0.001,0,0,0.041,0,0.121,0.395,0.843,0.691,0.361,0,0.033,0.038,0,0,0,0,0,0.066,0,0.354,0.634,0.813,0.525,0.176,0.066,0.077,0,0,0.012,0.009,0.078,0,0,0.262,0.472,0.426,0.139,0.049,0.005,0,0,0.048,0.078,0,0.023,0,0.068,0.125,0.338,0.462,0.259,0,0.029,0,0.022,0,0.022,0.003,0.007,0.038,0.038,0.371,0.572,0.452,0.213,0,0,0,0,0.011,0.048,0.076,0.036,0,0.035,0.153,0.472,0.581,0.336,0.158,0.039,0,0,0.035,0,0,0.049,0,0.168,0.482,0.926,0.741,0.367,0,0.069,0.006,0.036,0.073,0,0.011,0.01,0,0,0.297,0.67,0.985,0.632,0.283,0,0,0.018,0.034,0,0,0.052,0,0.054,0.342,0.718,0.631,0.336,0.078,0.012,0,0.02,0,0.007,0,0.036,0.015,0.095,0.181,0.536,0.68,0.469,0.064,0,0.066,0,0,0,0.022,0,0.018,0,0.175,0.279,0.304,0.097,0.262,0.228,0.106,0.075,0.297,0.308,0.181,0.184,0.424,0.274,0.107,0.282,0.232,0.183,0.07,0,0.047,0.033,0.007,0,0.04,0.035,0.007,0.056,0.028,0,0.008,0.278,0.474,0.748,0.537,0.382,0.616,0.646,0.403,0.541,0.607,0.552,0.37,0.063,0,0.023,0.05,0.034,0,0.026,0.032,0.058,0.02,0.086,0,0,0.059,0.054,0.008,0.198,0.656,0.882,0.577,0.367,0.691,0.798,0.44,0.512,0.9,0.688,0.331,0.046,0.02,0,0.013,0.052,0.089,0,0.059,0.026,0,0,0,0.001,0.036,0.084,0,0.147,0.375,0.523,0.399,0.314,0.551,0.514,0.291,0.356,0.598,0.4,0.155,0.045,0.172,0,0.079,0.008,0,0,0.012,0,0.071,0,0.015,0.041,0.296,0.498,0.353,0.179,0.098,0.178,0,0.034,0.118,0.142,0.079,0.085,0.157,0.129,0.176,0.517,0.499,0.301,0.068,0,0,0.034,0,0.013,0,0,0.035,0.067,0.441,0.762,0.744,0.355,0,0,0,0,0,0.019,0.009,0.05,0.007,0,0.193,0.754,0.748,0.569,0.103,0,0.09,0,0,0.062,0,0,0.087,0.173,0.437,0.733,0.639,0.318,0,0.063,0.049,0.052,0.098,0,0,0.031,0,0,0.256,0.555,0.787,0.55,0.15,0.023,0,0,0.015,0.036,0.016,0,0.024,0,0.278,0.347,0.44,0.135,0,0.053,0,0.051,0.048,0,0.016,0.015,0.007,0.032,0.045,0.359,0.455,0.183,0,0.046,0.046,0,0,0,0.018,0,0,0.141,0.408,0.603,0.584,0.199,0.104,0.053,0.02,0.027,0,0.047,0.042,0,0.026,0.063,0.21,0.537,0.661,0.449,0.154,0,0,0,0.057,0.024,0.009,0,0.082,0.245,0.526,0.927,0.77,0.346,0.05,0,0.02,0.013,0,0,0,0.034,0,0,0.305,0.8,0.932,0.496,0.219,0.12,0.031,0,0.004,0.024,0.027,0.032,0,0.111,0.41,0.647,0.557,0.211,0.058,0,0.018,0,0,0,0,0.038,0,0.045,0.191,0.552,0.626,0.381,0.123,0,0.029,0,0.021,0.07,0.008,0.013,0,0,0.139,0.263,0.103,0.061,0.269,0.336,0.184,0.116,0.358,0.371,0.214,0.279,0.418,0.286,0.047,0.189,0.247,0.157,0,0,0,0.015,0,0.091,0.048,0.054,0,0,0,0,0,0.311,0.618,0.791,0.616,0.411,0.679,0.633,0.461,0.55,0.76,0.574,0.305,0,0.029,0.007,0,0,0,0,0,0.033,0,0.029,0,0.002,0,0.055,0,0.286,0.699,0.883,0.543,0.495,0.748,0.816,0.384,0.543,0.802,0.59,0.337,0,0,0,0,0.042,0,0,0.053,0,0,0,0,0.036,0.012,0.04,0,0.125,0.328,0.475,0.422,0.172,0.496,0.439,0.313,0.416,0.551,0.413,0.174,0.054,0.008,0,0.021,0.023,0,0.002,0.047,0.006,0,0.026,0.055,0,0.021,0.006,0,0,0.029,0.134,0.012,0,0.132,0.061,0,0,0.121,0.01,0.066,0,0,0.022,0.041,0.009,0.05,0,0,0,0.004,0.081,0,0,0,0.017,0,0.001,0.071,0,0.14,0,0,0.014,0,0,0.022,0,0.004,0,0,0.024,0,0.059,0,0.058,0.019,0,0.041,0,0.104,0,0,0.05,0,0.017,0,0.004,0,0.015,0,0,0.002,0.046,0,0.081,0.033,0,0,0,0.023,0.028,0.024,0.12,0.065,0,0
9,0.039,0,0.045,0,0.085,0,0,0.023,0.314,0.54,0.462,0.237,0.436,0.55,0.543,0.188,0.497,0.606,0.427,0.186,0,0,0.041,0,0.054,0.015,0,0.082,0,0.019,0,0.085,0,0,0.043,0.185,0.44,0.871,0.744,0.348,0.576,0.853,0.62,0.331,0.622,0.912,0.54,0.276,0.124,0,0,0.005,0.028,0,0,0.077,0,0.032,0.024,0,0,0,0,0.08,0.45,0.649,0.601,0.326,0.417,0.702,0.599,0.2,0.448,0.627,0.406,0.084,0.056,0,0.018,0,0,0.07,0.048,0,0,0.044,0.019,0.057,0.088,0.293,0.272,0.187,0.118,0.335,0.353,0.044,0.207,0.252,0.256,0.061,0.347,0.273,0.186,0.134,0.242,0.281,0.171,0.005,0.03,0,0.075,0.026,0,0.045,0.058,0,0.336,0.515,0.743,0.363,0.037,0.037,0,0,0,0.019,0.054,0.017,0,0.056,0.049,0.313,0.573,0.64,0.398,0.007,0,0.046,0.129,0.034,0.009,0,0,0,0.377,0.767,0.755,0.508,0.059,0,0,0.036,0.058,0,0,0,0,0.019,0.032,0.329,0.845,0.878,0.516,0.097,0.032,0,0.008,0,0,0,0.1,0,0.285,0.53,0.619,0.315,0.054,0.037,0,0,0.051,0,0,0,0.003,0,0,0.268,0.52,0.62,0.281,0,0,0.042,0.06,0.034,0.029,0,0,0,0.18,0.357,0.379,0.139,0,0.038,0.05,0,0.038,0.053,0,0,0,0,0.011,0.114,0.369,0.368,0.114,0.023,0.05,0.063,0.025,0.026,0,0.039,0,0,0.479,0.754,0.751,0.432,0.112,0,0,0,0,0.047,0,0.059,0.059,0.084,0.001,0.447,0.739,0.664,0.449,0.009,0.054,0,0.037,0,0,0.016,0,0,0.273,0.674,0.755,0.49,0.08,0,0,0.089,0.051,0,0,0.025,0,0.108,0,0.419,0.668,0.81,0.452,0.116,0.01,0.017,0.05,0,0,0,0.017,0.034,0.271,0.332,0.521,0.25,0.018,0.146,0.096,0.009,0.11,0.117,0,0,0.093,0.105,0.061,0.242,0.464,0.481,0.254,0,0.023,0.032,0,0,0.138,0,0,0,0.043,0.076,0.061,0.054,0.323,0.511,0.469,0.163,0.309,0.492,0.442,0.19,0.361,0.687,0.317,0.232,0.482,0.515,0.312,0,0,0.024,0,0.087,0,0.087,0,0,0.046,0,0,0.028,0.448,0.79,0.665,0.349,0.54,0.838,0.722,0.234,0.658,0.867,0.513,0.502,0.812,0.651,0.546,0.038,0.063,0.042,0.049,0.021,0,0.01,0.036,0,0,0,0.033,0.144,0.408,0.659,0.662,0.338,0.54,0.737,0.651,0.349,0.566,0.639,0.418,0.46,0.719,0.672,0.409,0.025,0,0.048,0,0.02,0,0.008,0,0.014,0.028,0.033,0.027,0.083,0.166,0.372,0.26,0.207,0.243,0.362,0.444,0.118,0.317,0.454,0.162,0.192,0.282,0.315,0.15,0,0,0.1,0.15,0,0.025,0.045,0.035,0,0,0.118,0,0,0.079,0.054,0,0,0,0,0,0.007,0.001,0.028,0,0.37,0.57,0.625,0.334,0,0.015,0.003,0,0,0,0.042,0,0.068,0,0,0,0.069,0,0.034,0,0.034,0,0.033,0,0.005,0,0.039,0,0.556,0.682,0.815,0.585,0.163,0.019,0,0.017,0.041,0,0.039,0.037,0.009,0.074,0,0.032,0,0.072,0,0.022,0.011,0,0.016,0,0,0.009,0,0.032,0.279,0.51,0.55,0.447,0.055,0,0.065,0,0.024,0.031,0.085,0.031,0.106,0,0,0,0.045,0.002,0.024,0,0,0.008,0,0.023,0.02,0.255,0.232,0.221,0.058,0.212,0.214,0.154,0.037,0.064,0.066,0,0.012,0,0,0.003,0.005,0,0.047,0,0.059,0,0,0,0,0.074,0.03,0.095,0.198,0.5,0.726,0.45,0.118,0.023,0,0,0.049,0,0,0.007,0,0.005,0,0.003,0.098,0,0,0.094,0,0,0.054,0,0,0.012,0,0.046,0.31,0.747,0.932,0.57,0.236,0,0.033,0,0.038,0.008,0.09,0,0.128,0,0,0.078,0.047,0.012,0.025,0,0.016,0,0.05,0.116,0.029,0.124,0.011,0,0.243,0.448,0.49,0.351,0.069,0,0,0,0.032,0,0.079,0,0.03,0.038,0.001,0,0,0.002,0.036,0,0.075,0.233,0.44,0.401,0.233,0.305,0.441,0.364,0.091,0.073,0.031,0.248,0.067,0.067,0,0,0.09,0.103,0.034,0.051,0.003,0,0,0.002,0.062,0.003,0,0.001,0.065,0.435,0.807,0.687,0.325,0.533,0.804,0.688,0.196,0,0,0.003,0.079,0,0.003,0.016,0,0,0.001,0.063,0.026,0,0.003,0,0,0.012,0,0.005,0.09,0.447,0.762,0.653,0.349,0.625,0.983,0.621,0.199,0.013,0.018,0.001,0.027,0.016,0.004,0.005,0,0,0,0,0,0.054,0.08,0.005,0.009,0,0,0.03,0.013,0.352,0.411,0.374,0.164,0.382,0.415,0.269,0.159,0,0,0.061,0.048,0.046,0.008,0,0,0.068,0,0,0.011,0.01,0.071,0,0,0.026,0,0,0.054,0.071,0,0.017,0,0.06,0.035,0.064,0,0.035,0.029,0.035,0,0,0,0.019,0,0.086,0.033,0,0,0,0.039,0.042,0.039,0.022,0.041,0,0.018,0,0,0,0.054,0.001,0,0.007,0,0,0.02,0,0.045,0,0.012,0.023,0,0.047,0,0.026,0
0,0.007,0.008,0,0.021,0.102,0,0.364,0.745,0.694,0.434,0.655,0.768,0.556,0.386,0.734,0.664,0.374,0,0,0,0.086,0,0.064,0,0.007,0.043,0,0,0,0.045,0.024,0,0.046,0.041,0.455,0.74,0.661,0.406,0.597,0.869,0.66,0.486,0.811,0.711,0.372,0.118,0,0.014,0,0.004,0.016,0.012,0,0,0,0.017,0,0.084,0,0.204,0.243,0.208,0.145,0.471,0.458,0.201,0.373,0.52,0.333,0.209,0.495,0.388,0.221,0.186,0.325,0.148,0.026,0.019,0.024,0,0.04,0.018,0,0,0.017,0,0.173,0.495,0.602,0.407,0.278,0.115,0.075,0,0.076,0.095,0,0,0.149,0.061,0.256,0.6,0.622,0.393,0.089,0.001,0,0.054,0.053,0.03,0,0,0,0.051,0.284,0.475,1,0.68,0.355,0,0,0,0,0.005,0.024,0,0,0.002,0.277,0.718,0.958,0.601,0.161,0,0.035,0.06,0,0.031,0.03,0,0,0,0.14,0.416,0.601,0.535,0.21,0,0.026,0.021,0,0,0.006,0,0.024,0.042,0.231,0.591,0.641,0.447,0.113,0.02,0,0,0,0,0.103,0.05,0.012,0.013,0.2,0.284,0.431,0.428,0.051,0.039,0.024,0,0,0,0,0.164,0.384,0.488,0.275,0.322,0.513,0.299,0.065,0,0,0.085,0.042,0.038,0.086,0,0.005,0,0.231,0.51,0.853,0.578,0.266,0,0,0.037,0.028,0.052,0.104,0.398,0.779,0.687,0.383,0.632,0.879,0.529,0.256,0,0,0.057,0.046,0,0,0,0,0.026,0.136,0.474,0.853,0.635,0.222,0,0,0.033,0.02,0,0.059,0.414,0.679,0.767,0.444,0.614,0.727,0.614,0.238,0,0.013,0.045,0.03,0,0.024,0.008,0.007,0.035,0.013,0.304,0.408,0.363,0.029,0,0,0,0.187,0.295,0.102,0.194,0.387,0.385,0.14,0.412,0.484,0.232,0.022,0,0,0.041,0.037,0,0.02,0,0,0,0.101,0.651,0.725,0.539,0.206,0.039,0,0.134,0.521,0.578,0.495,0.188,0.095,0,0.268,0.616,0.689,0.38,0.112,0.011,0.052,0,0,0,0.013,0,0.035,0.036,0.206,0.568,1,0.708,0.264,0,0.009,0.299,0.589,1,0.67,0.255,0.07,0,0.331,0.694,0.976,0.576,0.285,0.077,0.023,0,0.02,0,0.082,0,0,0.036,0.176,0.413,0.611,0.465,0.268,0.109,0.045,0.126,0.466,0.618,0.438,0.159,0.012,0.027,0.221,0.428,0.565,0.512,0.163,0.014,0,0,0.043,0,0,0.006,0.032,0,0.078,0.362,0.495,0.385,0.361,0.41,0.516,0.275,0.168,0.177,0.168,0,0,0,0.228,0.415,0.475,0.266,0.044,0.009,0.112,0.031,0.053,0,0,0,0.029,0.045,0.218,0.552,0.872,0.623,0.424,0.837,0.756,0.4,0.093,0.004,0,0,0.024,0.025,0.264,0.669,0.821,0.538,0.129,0.047,0,0.02,0,0.074,0,0,0,0,0.192,0.505,0.837,0.597,0.36,0.689,0.8,0.38,0.023,0,0,0,0,0.03,0.279,0.614,0.759,0.593,0.16,0.011,0,0.013,0,0,0.016,0.044,0.114,0,0.062,0.365,0.353,0.341,0.254,0.28,0.287,0.135,0.068,0,0.034,0.05,0,0,0.02,0.253,0.424,0.275,0.044,0,0.054,0,0,0.011,0,0,0,0.061,0.133,0.471,0.757,0.596,0.23,0,0,0,0.07,0.045,0,0.027,0,0,0.263,0.66,0.837,0.487,0.131,0,0.027,0.06,0,0.048,0,0,0.038,0.037,0.155,0.606,0.968,0.609,0.226,0,0,0.024,0.033,0,0,0,0.06,0.005,0.222,0.602,0.908,0.592,0.19,0,0,0,0,0,0,0,0.023,0.008,0.1,0.425,0.604,0.429,0.129,0.113,0.111,0.005,0.142,0.227,0.049,0.022,0.136,0.109,0.177,0.445,0.557,0.332,0.161,0.008,0,0,0.008,0.032,0.014,0.103,0.026,0.048,0,0.163,0.215,0.12,0.253,0.45,0.509,0.408,0.413,0.475,0.447,0.288,0.526,0.412,0.143,0.183,0.176,0.089,0,0,0,0,0,0,0.015,0,0.014,0.032,0,0.041,0,0.036,0.452,0.728,0.846,0.497,0.599,0.949,0.659,0.526,0.77,0.754,0.392,0.027,0.012,0,0.008,0,0.067,0.023,0.094,0.054,0.03,0,0.001,0.02,0,0,0,0.036,0.312,0.761,0.705,0.436,0.588,0.787,0.568,0.419,0.687,0.683,0.345,0.06,0,0,0.012,0,0,0.005,0,0,0.025,0,0,0.048,0.017,0,0.002,0.017,0.037,0.364,0.314,0.228,0.243,0.438,0.19,0.277,0.343,0.29,0.248,0.006,0.061,0,0.036,0,0.001,0.082,0.013,0,0,0.08,0.012,0.043,0.026,0,0,0.041,0.047,0.072,0,0.113,0.037,0.059,0,0,0.012,0.097,0,0,0,0,0.062,0,0.054,0.038,0,0.118,0.021,0.049,0.011,0,0.071,0.002,0.019,0,0,0,0.033,0,0.001,0.039,0,0.051,0,0,0.071,0,0.004,0.095,0,0.011,0.034,0,0.019,0.03,0.007,0.04,0,0,0.029,0.029,0.036,0.061,0,0,0.001,0.022,0,0,0,0.025,0,0.065,0,0.044,0.02,0.108,0,0.007,0,0.073,0.02,0.04,0,0,0,0.011,0,0,0,0,0,0.025,0,0.036,0.066,0,0,0.042,0.005,0,0,0.033,0.109,0.033,0.001,0.022,0,0.02,0,0.086,0,0
1,0,0.002,0,0,0,0,0.011,0.037,0,0.08,0.495,0.782,0.632,0.287,0.051,0.063,0,0,0,0.045,0.01,0.016,0,0,0.022,0.023,0.037,0.038,0,0.015,0.096,0,0.042,0,0.008,0.035,0.062,0.185,0.546,0.986,0.707,0.35,0,0.095,0,0.001,0.024,0.017,0,0,0.013,0.008,0,0.054,0.033,0,0,0.002,0.1,0,0.001,0.012,0.07,0.073,0.076,0,0.274,0.469,0.524,0.097,0.048,0,0,0.083,0.016,0.015,0.005,0.029,0.073,0.005,0,0,0.007,0,0.063,0.078,0,0,0,0.019,0.262,0.391,0.482,0.285,0.263,0.51,0.423,0.196,0.03,0,0.055,0,0,0.133,0.128,0.041,0,0.048,0.088,0,0.032,0,0,0,0.011,0.037,0,0.11,0.379,0.738,0.796,0.427,0.622,0.854,0.614,0.248,0,0,0.079,0,0.029,0,0,0.024,0.008,0.118,0,0,0.009,0,0.096,0,0,0,0.084,0.063,0.405,0.745,0.687,0.36,0.553,0.762,0.593,0.405,0,0,0,0.056,0.047,0.039,0.014,0,0,0.017,0,0,0.07,0.051,0.029,0.021,0.003,0.054,0,0,0.26,0.35,0.255,0.231,0.252,0.432,0.326,0.124,0.027,0.115,0,0.004,0,0.023,0.038,0,0,0.005,0,0.044,0,0,0.017,0,0,0.011,0,0,0.037,0.034,0.038,0.044,0.487,0.568,0.526,0.134,0,0,0,0.031,0,0.016,0,0,0,0,0.001,0.01,0,0.059,0.002,0.047,0,0,0,0.049,0.029,0,0,0.128,0.515,0.871,0.759,0.335,0,0.01,0.049,0,0,0,0.04,0,0,0,0,0.026,0,0.009,0,0,0.01,0.067,0.029,0.088,0.064,0.004,0,0.094,0.397,0.667,0.506,0.351,0,0.031,0,0,0.006,0,0.055,0,0.007,0,0,0,0,0.034,0,0.015,0,0,0,0,0,0,0,0,0.188,0.385,0.296,0,0,0,0,0,0,0,0.028,0,0.064,0,0,0.003,0.029,0,0,0.004,0.083,0,0.056,0,0,0,0.037,0.101,0.499,0.739,0.584,0.273,0.005,0.029,0,0.086,0.013,0.009,0,0,0,0,0,0.048,0.014,0.004,0.028,0.078,0,0,0.025,0.002,0,0.002,0,0.162,0.441,0.902,0.78,0.299,0.013,0.049,0,0,0,0.013,0.076,0,0.043,0.02,0,0,0.054,0,0.049,0,0,0,0.027,0.04,0.011,0.023,0,0.117,0.41,0.584,0.494,0.285,0.079,0,0.008,0.066,0.071,0,0,0.007,0,0,0,0.033,0,0,0,0,0,0,0.035,0,0,0.062,0.026,0.032,0.269,0.465,0.406,0.055,0.044,0.002,0.01,0,0,0,0.004,0,0,0.052,0.068,0,0.097,0,0.01,0,0,0.029,0.01,0,0,0.052,0,0.205,0.475,0.809,0.684,0.278,0.047,0.037,0.07,0.016,0.062,0,0,0.01,0.047,0.01,0.019,0.04,0.051,0.036,0.002,0,0,0,0,0,0.086,0,0.045,0.106,0.486,0.781,0.629,0.362,0,0.067,0,0.037,0,0,0,0.015,0.027,0,0.127,0.003,0,0,0,0.095,0.035,0.047,0,0,0,0.026,0.001,0,0.301,0.514,0.307,0.191,0,0.004,0,0,0.017,0.032,0.024,0.033,0,0,0,0,0,0,0,0,0.021,0.011,0.002,0.014,0.113,0.018,0.018,0.026,0.434,0.512,0.569,0.241,0.045,0.023,0.047,0,0,0.04,0,0,0,0,0.056,0.122,0,0.011,0.077,0,0.027,0.045,0,0,0,0.12,0.033,0.157,0.553,0.828,0.736,0.354,0,0,0,0.036,0,0,0,0,0,0.081,0,0,0.061,0,0.03,0,0,0,0.011,0,0,0.019,0.054,0.209,0.425,0.717,0.525,0.301,0.004,0,0,0,0.128,0,0,0.033,0,0.075,0,0.094,0,0,0,0.043,0.021,0.046,0,0,0.125,0.214,0.38,0.12,0.211,0.228,0.256,0.017,0.144,0.334,0.178,0,0.041,0.015,0,0.017,0,0,0.035,0.054,0,0,0,0,0.045,0.066,0.006,0,0.367,0.62,0.651,0.316,0.472,0.628,0.62,0.261,0.545,0.688,0.509,0.196,0.013,0,0.026,0,0.056,0.025,0.013,0.057,0,0,0,0,0.078,0,0.049,0,0.485,0.68,0.827,0.456,0.528,0.987,0.807,0.399,0.678,0.908,0.706,0.174,0,0.087,0.081,0.017,0.026,0,0,0.056,0.017,0,0.031,0,0,0,0.005,0,0.348,0.635,0.635,0.283,0.284,0.502,0.455,0.166,0.488,0.608,0.478,0.181,0.058,0.021,0,0,0,0.009,0,0,0,0,0,0.034,0,0.023,0.051,0.003,0.056,0.237,0.157,0.111,0.029,0.207,0.188,0,0.101,0.194,0,0.054,0.031,0,0,0,0,0.054,0.097,0.032,0,0,0,0.018,0.03,0,0.033,0,0,0.047,0,0,0.074,0.021,0,0.036,0.041,0.05,0.022,0,0,0.003,0,0.067,0.022,0,0.051,0.012,0,0.035,0.101,0,0,0.042,0.044,0,0,0,0.044,0,0,0.019,0.06,0,0.003,0,0.016,0.06,0.024,0,0.028,0.016,0.002,0,0.064,0,0.023,0
2,0,0,0.008,0.026,0.015,0,0.032,0.023,0,0.118,0.043,0,0.015,0.115,0.033,0,0.088,0.136,0.026,0.092,0,0.013,0,0,0,0.071,0.025,0,0,0,0,0.021,0.017,0,0,0,0.107,0.392,0.432,0.334,0.281,0.487,0.346,0.133,0.379,0.424,0.32,0.049,0,0,0,0,0.072,0,0,0.016,0,0,0,0.014,0.001,0.079,0.004,0.035,0.272,0.648,0.815,0.494,0.568,0.894,0.708,0.401,0.82,0.773,0.427,0.096,0.011,0.028,0,0.095,0.162,0.002,0,0.048,0.004,0,0,0.086,0,0.054,0,0.032,0.309,0.582,0.776,0.518,0.471,0.805,0.596,0.367,0.663,0.66,0.483,0.15,0.029,0,0,0.008,0.001,0,0,0,0,0.026,0,0,0.071,0.166,0.385,0.229,0.118,0.336,0.456,0.217,0.25,0.44,0.363,0.148,0.426,0.412,0.234,0.26,0.272,0.275,0,0,0,0,0,0.073,0,0.006,0,0,0.067,0.428,0.713,0.467,0.202,0,0.038,0,0,0.104,0,0,0,0,0.168,0.393,0.719,0.486,0.238,0,0.034,0.03,0,0.057,0.049,0,0.082,0,0.195,0.652,0.93,0.77,0.339,0,0,0,0.04,0,0,0.023,0,0.031,0.215,0.656,0.917,0.577,0.243,0,0,0.01,0,0.06,0.031,0.027,0,0.001,0.115,0.331,0.512,0.58,0.369,0,0.019,0,0,0.003,0.002,0.122,0,0,0.091,0.372,0.584,0.366,0.155,0.014,0,0.048,0.014,0.048,0.001,0,0,0,0,0.101,0.212,0.151,0,0,0.04,0.088,0,0,0.04,0,0,0,0.047,0.379,0.657,0.381,0.11,0,0.061,0,0,0.054,0.021,0,0.052,0,0,0,0,0,0,0,0.037,0,0.011,0,0,0.007,0,0,0.175,0.634,0.804,0.594,0.273,0.067,0.03,0,0.019,0.023,0,0,0,0,0.035,0,0.008,0,0,0.007,0,0,0.02,0.019,0,0.013,0,0.058,0.181,0.491,0.89,0.539,0.19,0.021,0.001,0.082,0,0,0,0,0,0,0.016,0,0.061,0.012,0,0,0,0,0.021,0,0,0.043,0.279,0.418,0.195,0.268,0.382,0.341,0.102,0,0.042,0.018,0,0.016,0,0,0.071,0.053,0.007,0,0,0,0,0.079,0,0.03,0,0,0.051,0.349,0.629,0.695,0.405,0.06,0.07,0,0.058,0,0.114,0,0,0,0.02,0,0.036,0.055,0.048,0,0,0.015,0,0.062,0.064,0.008,0,0.035,0.039,0.358,0.738,0.842,0.548,0.066,0,0,0,0,0,0,0,0.003,0.011,0,0,0,0.021,0.027,0,0,0.005,0.05,0.027,0.091,0.112,0.214,0.101,0.242,0.361,0.571,0.323,0.029,0.035,0,0,0,0,0,0,0.003,0.029,0.045,0,0,0,0,0.002,0.069,0.001,0.057,0,0.15,0.477,0.484,0.524,0.163,0.153,0.124,0.064,0,0,0.029,0,0.005,0,0,0.018,0.047,0,0,0,0,0.094,0.024,0.04,0.076,0,0.041,0,0.214,0.567,0.859,0.67,0.394,0.02,0,0,0,0,0.003,0.055,0.068,0.018,0.056,0,0,0,0.025,0,0.083,0.051,0,0,0,0,0,0,0.072,0.558,0.737,0.545,0.344,0.017,0,0,0.069,0,0.061,0.02,0,0.013,0,0.052,0,0.051,0.021,0.079,0.029,0,0.053,0,0,0.169,0.335,0.334,0.34,0.198,0.361,0.201,0.089,0,0,0.03,0.015,0,0,0,0.051,0.034,0,0,0,0,0.059,0.081,0.064,0.118,0.082,0.036,0,0.252,0.599,0.766,0.549,0.094,0.05,0.075,0.076,0,0.115,0.005,0.023,0,0.084,0,0.011,0.03,0,0.054,0.065,0.024,0.062,0.023,0,0.008,0,0.023,0.037,0.397,0.687,0.88,0.611,0.209,0.04,0.021,0,0,0,0,0,0.014,0,0,0.016,0.056,0.034,0,0,0,0.044,0,0.062,0,0.094,0.308,0.171,0.184,0.397,0.455,0.282,0.091,0.197,0.25,0.105,0.202,0.31,0.1,0.008,0.224,0.17,0,0.037,0.066,0,0,0,0,0.024,0,0,0.015,0.35,0.481,0.52,0.301,0.51,0.578,0.441,0.376,0.546,0.403,0.279,0.518,0.618,0.301,0.378,0.647,0.524,0.218,0,0.109,0.055,0,0.038,0.022,0.067,0.013,0.077,0.128,0.561,0.864,0.776,0.374,0.704,0.85,0.503,0.584,0.958,0.647,0.478,0.752,0.817,0.481,0.516,1,0.715,0.249,0,0.099,0.037,0.071,0.002,0.033,0.04,0,0,0.055,0.413,0.715,0.474,0.257,0.514,0.67,0.435,0.45,0.68,0.468,0.244,0.519,0.616,0.353,0.594,0.717,0.543,0.178,0.027,0.011,0.028,0,0,0,0.045,0.015,0.003,0,0.067,0.186,0.245,0,0.228,0.296,0.135,0.122,0.278,0.118,0.112,0.205,0.287,0.142,0.164,0.164,0.133,0,0,0,0,0.05,0.045,0,0.058,0,0,0.021,0.021,0,0,0,0,0,0.042,0.031,0,0,0,0,0.07,0.021,0.016,0,0.007,0,0.048,0.06,0,0,0,0.032,0.054,0.069,0,0.044,0.04,0.01,0,0.067,0,0,0,0,0,0.042,0.007,0,0.057,0.014,0,0.032,0.037,0.012,0.014,0,0,0.022,0
3,0,0.039,0.199,0.459,0.624,0.362,0.207,0.546,0.563,0.339,0.281,0.578,0.517,0.261,0.338,0.602,0.528,0.256,0.377,0.529,0.482,0.194,0,0.108,0.006,0,0.004,0,0.008,0,0.025,0.22,0.227,0.031,0.024,0.193,0.15,0.108,0.032,0.244,0.215,0.058,0.152,0.305,0.342,0.063,0.005,0.265,0.154,0.027,0.031,0,0.051,0.055,0,0,0.07,0.014,0.053,0.093,0.109,0,0.075,0,0,0.005,0.01,0.095,0,0,0.272,0.556,0.587,0.323,0.034,0,0.016,0.067,0.011,0.011,0,0,0.049,0,0,0.061,0.028,0,0.061,0,0.01,0.041,0,0,0,0.058,0,0.086,0.488,0.936,0.815,0.419,0,0.051,0.039,0.082,0.01,0.001,0,0,0,0.03,0,0.036,0.026,0.002,0.08,0.023,0,0,0,0,0,0.107,0,0,0.223,0.464,0.547,0.244,0.059,0.008,0.07,0,0.007,0,0.01,0,0,0.054,0.022,0.039,0.007,0.059,0,0.025,0,0.1,0,0,0.244,0.424,0.315,0.118,0.004,0.073,0.194,0,0,0.071,0.048,0,0,0.011,0,0.015,0,0,0,0,0,0.008,0.06,0,0.056,0,0.052,0.099,0.324,0.784,0.674,0.438,0.087,0,0,0,0,0.025,0,0,0.133,0,0,0,0,0,0,0,0.056,0,0,0,0.032,0.048,0,0.022,0.457,0.744,0.889,0.422,0.076,0,0,0,0,0.004,0,0.073,0.04,0,0,0,0.027,0.085,0,0.119,0.045,0.015,0.053,0,0.089,0.006,0.031,0,0.261,0.487,0.546,0.319,0,0,0,0.022,0,0,0.016,0.008,0,0,0.093,0.14,0.041,0.021,0.013,0,0.061,0,0,0.019,0,0.061,0.022,0,0.076,0.069,0.18,0,0.229,0.314,0.343,0.082,0.059,0.043,0,0.055,0,0.027,0,0,0.042,0.052,0.021,0.02,0.039,0.004,0.029,0,0,0,0.066,0.063,0,0,0.014,0.08,0.437,0.704,0.684,0.371,0.151,0,0,0.098,0.013,0.029,0,0.093,0,0.015,0.036,0.006,0,0.004,0,0.051,0.018,0.023,0,0.005,0.021,0.018,0,0.076,0.427,0.806,0.683,0.44,0,0.052,0.001,0,0,0,0.028,0,0.036,0,0,0.016,0.089,0,0.049,0,0,0.018,0,0,0.054,0,0,0.063,0.298,0.432,0.385,0.303,0.021,0.061,0.038,0,0.096,0,0.006,0.048,0,0.026,0.008,0.024,0,0,0.134,0.015,0.022,0,0.094,0.105,0,0,0,0.009,0.105,0.104,0.036,0.008,0.189,0.464,0.309,0.097,0.056,0.015,0,0.022,0,0,0,0.043,0,0,0,0.005,0,0.082,0,0,0.038,0.034,0.048,0,0.06,0,0,0.091,0.466,0.854,0.616,0.335,0,0.032,0,0.018,0,0.129,0.004,0,0.012,0,0,0,0,0.054,0,0.03,0,0,0.039,0,0.068,0,0,0.088,0.523,0.8,0.669,0.338,0.01,0.066,0.103,0.041,0.037,0.005,0.07,0.052,0.076,0.024,0.042,0.026,0.036,0.004,0.002,0.01,0,0,0,0,0.063,0,0.005,0,0.247,0.384,0.333,0.205,0,0.005,0.081,0,0,0,0.033,0.004,0.267,0.383,0.504,0.236,0.091,0.038,0,0,0,0.1,0,0.005,0,0,0,0,0.244,0.547,0.451,0.22,0.072,0,0.022,0,0.066,0.089,0,0,0.36,0.638,0.77,0.459,0.23,0.052,0,0,0,0.005,0,0,0.008,0.037,0.038,0.18,0.441,0.8,0.713,0.382,0,0,0.053,0,0.057,0,0,0.004,0.46,0.708,0.831,0.4,0.099,0.007,0.023,0.039,0.069,0,0,0.047,0,0.073,0,0.113,0.52,0.773,0.565,0.257,0.011,0,0.032,0.031,0.057,0,0,0.039,0.18,0.376,0.437,0.271,0,0.151,0.117,0.042,0.035,0.04,0.03,0.033,0.015,0.052,0.084,0.028,0.247,0.475,0.438,0.23,0,0.019,0.042,0.054,0.006,0.032,0.047,0.008,0.052,0.03,0.048,0.007,0.193,0.454,0.465,0.197,0.157,0.45,0.49,0.199,0.19,0.43,0.424,0.334,0.024,0.065,0.128,0.015,0,0,0,0,0,0.013,0.009,0,0,0,0.069,0,0.294,0.678,0.82,0.461,0.393,0.768,0.751,0.44,0.44,0.686,0.759,0.418,0.062,0.104,0.077,0.078,0.094,0.053,0.082,0.021,0,0,0,0,0.141,0.069,0.003,0,0.384,0.665,0.816,0.465,0.363,0.695,0.723,0.394,0.379,0.655,0.735,0.387,0.084,0,0,0.009,0,0,0,0,0.075,0.052,0.061,0,0.037,0.118,0.028,0,0.103,0.337,0.385,0.157,0.25,0.319,0.436,0.183,0.166,0.384,0.297,0.145,0,0.057,0,0,0.025,0.068,0.015,0,0,0,0,0,0,0,0.05,0,0,0,0.053,0.041,0,0,0.04,0.036,0,0.026,0.037,0,0,0,0.047,0.042,0.04,0.042,0.094,0,0.047,0.037,0.025,0,0.038,0.014,0.056,0,0,0.053,0.066,0.051,0,0.052,0,0,0,0.037,0,0,0.025,0.005,0.008,0,0.023,0.037,0.018,0,0,0.062,0.016,0.07,0.016,0,0.045,0,0.115,0,0,0,0,0.04,0,0,0.017,0,0.05,0.007,0.005,0.048,0.087,0.081,0,0.018,0.044,0,0,0
4,0.052,0.081,0.12,0.04,0,0,0,0,0.037,0.08,0,0,0.057,0.36,0.5,0.426,0.177,0.027,0.101,0,0,0,0.025,0,0.044,0,0,0.104,0.019,0,0,0,0,0,0,0.029,0,0,0,0,0.195,0.61,0.901,0.57,0.206,0,0.032,0.054,0,0.08,0,0.033,0,0,0.05,0.016,0,0.022,0.049,0.036,0,0,0.042,0.035,0,0.113,0,0.016,0.102,0.494,0.839,0.576,0.254,0.036,0,0,0.109,0.024,0,0.016,0,0.03,0.026,0.023,0,0,0,0.032,0,0,0,0,0.009,0.108,0.227,0.301,0.063,0.294,0.287,0.303,0.075,0.031,0.011,0.009,0,0.046,0.108,0,0.005,0,0,0.006,0,0.008,0.073,0.053,0,0.047,0.069,0.023,0.01,0.324,0.621,0.514,0.289,0.449,0.658,0.453,0.244,0,0.113,0.063,0.095,0,0,0.041,0.03,0,0.006,0.022,0.051,0,0,0.006,0,0,0,0.091,0.039,0.506,0.827,0.771,0.502,0.552,0.866,0.798,0.285,0.009,0,0.081,0,0.002,0.101,0,0,0,0,0.007,0.03,0,0,0.016,0.009,0,0.009,0.048,0,0.447,0.659,0.632,0.302,0.501,0.587,0.525,0.13,0.05,0.038,0,0.025,0,0,0.074,0.03,0.003,0,0,0.038,0.036,0,0.07,0,0.121,0.341,0.355,0.278,0.052,0.266,0.186,0.096,0.295,0.453,0.346,0.108,0,0.006,0,0,0,0,0.036,0,0,0,0,0,0.001,0,0,0.057,0.27,0.652,0.742,0.517,0.129,0,0.033,0.244,0.538,0.776,0.564,0.238,0.023,0.065,0,0,0.041,0,0,0.091,0,0,0.048,0,0,0,0.012,0.024,0.224,0.595,0.806,0.532,0.183,0.078,0,0.207,0.665,0.779,0.577,0.241,0,0.026,0,0,0.024,0.048,0.086,0,0,0.058,0.018,0,0,0,0.142,0.112,0.099,0.326,0.471,0.274,0.014,0,0.083,0,0.308,0.493,0.395,0.091,0.05,0,0,0.014,0.038,0,0.014,0,0,0.007,0.024,0.01,0.046,0.354,0.65,0.491,0.173,0.089,0.07,0,0,0,0,0.089,0.427,0.61,0.404,0.201,0.013,0,0,0.052,0.007,0.201,0,0.088,0,0.018,0,0.087,0.105,0.469,0.833,0.729,0.391,0.02,0.082,0.03,0.037,0,0.019,0.207,0.57,0.933,0.698,0.269,0.064,0,0,0,0.049,0,0,0.028,0,0.09,0.023,0.015,0.195,0.551,0.676,0.594,0.21,0.024,0.039,0.125,0,0.058,0.018,0.226,0.534,0.739,0.493,0.326,0,0.014,0.103,0.014,0.012,0,0.05,0,0.018,0.034,0,0,0.068,0.121,0.348,0.266,0.055,0.243,0.293,0.197,0.27,0.375,0.332,0.125,0.205,0.291,0.339,0.021,0.316,0.274,0.092,0.141,0,0,0.002,0.076,0,0.007,0,0,0.046,0.563,0.709,0.598,0.23,0.642,0.752,0.446,0.384,0.746,0.713,0.349,0.424,0.664,0.512,0.293,0.68,0.568,0.422,0.159,0,0.067,0,0.008,0.097,0,0,0,0.24,0.662,0.913,0.76,0.252,0.635,0.86,0.501,0.465,0.836,0.854,0.392,0.525,0.828,0.578,0.329,0.683,0.788,0.568,0.21,0.001,0,0,0,0.041,0,0,0.086,0.083,0.409,0.597,0.422,0.206,0.418,0.466,0.367,0.201,0.546,0.456,0.288,0.429,0.579,0.422,0.139,0.491,0.571,0.359,0.105,0.001,0,0.005,0,0.049,0.061,0,0.052,0.047,0.034,0.16,0.124,0.051,0.113,0.187,0.066,0.014,0.098,0.298,0.038,0.327,0.412,0.429,0.166,0.19,0.184,0.064,0.054,0.005,0.06,0,0.003,0.086,0.067,0.038,0,0,0,0.052,0,0.004,0.078,0.043,0,0,0.037,0.052,0.275,0.615,0.85,0.614,0.275,0,0.069,0.009,0.07,0.032,0,0.019,0,0,0,0.029,0.013,0,0.005,0.035,0.011,0,0,0.059,0.001,0.104,0.022,0.01,0.15,0.527,0.807,0.616,0.234,0,0.052,0,0,0,0,0,0,0,0.023,0.064,0,0.063,0,0.064,0.063,0,0.077,0.025,0.035,0,0,0,0,0.188,0.449,0.352,0.059,0,0,0.083,0,0.013,0,0,0,0.014,0,0.045,0,0.021,0.039,0,0.003,0.018,0,0.011,0,0,0.052,0.016,0.047,0.415,0.638,0.54,0.183,0,0,0.05,0.028,0,0,0,0,0.01,0.022,0,0,0.037,0,0,0.012,0,0,0,0.057,0,0.044,0,0.264,0.564,0.933,0.636,0.306,0,0.061,0,0,0,0.053,0.017,0.026,0.009,0,0,0,0,0.005,0,0,0,0,0,0,0.043,0,0,0.222,0.477,0.669,0.545,0.246,0,0.042,0.004,0,0.038,0.068,0,0.014,0.066,0,0.019,0,0,0.012,0.005,0.022,0,0,0,0,0,0,0,0.1,0.266,0.305,0.218,0,0,0.041,0,0,0.03,0,0,0,0.051,0,0.087,0,0,0.017,0.025,0.011,0.039,0.001,0.025,0,0,0.026,0.046,0,0.018,0,0.023,0.023,0,0,0.005,0,0.005,0.021,0.064,0,0.006,0,0,0.01,0,0,0.037,0,0,0,0,0,0.068,0,0.022,0.052,0,0,0.001,0,0,0,0,0,0,0.016,0.051,0.045,0.041,0,0.002
5,0,0.031,0.031,0.051,0.412,0.902,0.83,0.4,0.547,0.952,0.775,0.348,0.664,0.911,0.605,0.38,0.641,0.997,0.584,0.44,0.838,0.822,0.481,0.062,0.085,0.002,0,0.008,0,0.001,0.025,0.016,0.311,0.56,0.525,0.273,0.268,0.589,0.467,0.226,0.473,0.611,0.428,0.31,0.522,0.624,0.466,0.246,0.547,0.6,0.345,0,0,0,0.06,0,0,0,0.038,0,0.077,0.371,0.354,0.228,0.121,0.214,0.112,0,0.133,0.183,0.205,0,0.096,0.209,0.063,0.01,0.115,0.175,0,0.068,0,0.019,0.11,0,0,0.034,0,0.009,0.547,0.737,0.753,0.416,0,0,0.028,0.01,0,0.019,0,0.113,0,0,0.114,0,0,0.009,0,0.02,0.022,0.07,0,0.094,0.011,0,0.08,0,0.487,0.751,0.715,0.47,0.092,0,0.025,0.041,0.011,0,0.02,0.052,0,0,0.005,0,0,0,0,0.006,0.019,0.01,0.037,0,0,0,0.036,0.048,0.289,0.39,0.369,0.21,0.048,0.059,0,0,0,0.043,0.067,0,0.104,0.214,0,0.021,0,0,0.031,0.077,0,0,0,0,0,0.014,0.061,0.043,0.264,0.516,0.401,0.214,0.297,0.533,0.428,0.085,0.318,0.501,0.301,0.162,0.456,0.396,0.261,0,0,0.009,0,0.109,0.056,0.122,0.005,0,0.085,0.01,0.027,0.062,0.395,0.786,0.707,0.439,0.524,0.822,0.718,0.349,0.614,0.889,0.632,0.313,0.71,0.87,0.556,0.195,0.047,0,0.013,0,0.131,0,0.045,0.092,0.009,0.02,0,0.028,0.328,0.739,0.668,0.396,0.497,0.764,0.663,0.294,0.595,0.93,0.608,0.294,0.556,0.792,0.535,0.167,0,0.08,0,0,0,0,0,0.019,0.055,0,0.058,0.027,0.19,0.42,0.402,0.243,0.317,0.526,0.402,0.19,0.291,0.502,0.273,0.073,0.426,0.336,0.338,0.071,0.161,0.162,0,0.045,0.042,0.001,0.014,0,0,0.006,0.015,0.024,0.097,0.046,0,0.04,0.026,0,0.083,0,0.026,0.049,0.004,0,0,0.167,0,0.265,0.621,0.514,0.2,0.022,0,0,0,0.033,0.103,0.029,0.05,0,0.058,0,0.154,0.026,0,0,0.019,0,0.033,0,0.055,0,0,0,0.105,0.447,0.78,0.729,0.374,0.081,0.07,0,0.017,0.107,0.069,0,0,0,0,0.028,0,0,0.052,0,0.076,0,0,0.028,0.037,0.014,0.02,0,0.031,0.365,0.65,0.638,0.37,0.005,0,0,0.014,0,0,0.059,0.111,0.04,0,0,0.073,0,0.045,0.039,0,0,0,0.028,0,0.045,0,0.049,0.062,0.132,0.271,0.342,0.148,0,0,0.027,0.038,0,0.034,0,0.003,0.068,0.09,0.004,0.004,0.057,0,0,0.006,0.004,0.016,0.027,0.083,0,0,0.03,0.039,0.355,0.578,0.658,0.316,0.021,0,0,0,0.001,0,0,0.09,0,0.012,0,0,0,0,0.037,0.035,0.025,0.065,0,0.041,0.011,0,0,0.065,0.407,0.748,0.817,0.539,0.05,0,0,0,0.06,0,0.009,0.024,0,0,0.013,0,0,0,0.004,0.021,0.019,0,0,0,0,0.019,0,0.022,0.294,0.511,0.542,0.269,0.026,0.13,0.003,0,0.092,0.026,0.035,0,0,0.09,0.317,0.389,0.264,0.047,0.053,0,0,0,0,0.062,0,0,0,0,0.145,0.35,0.342,0.106,0.008,0,0,0,0.022,0.035,0,0,0.084,0.411,0.668,0.651,0.467,0.039,0,0,0,0,0,0,0,0.057,0,0,0.258,0.656,0.656,0.471,0.067,0.09,0.097,0,0.047,0.021,0,0.028,0.012,0.427,0.845,0.703,0.501,0.11,0,0,0,0,0.047,0.051,0.022,0.037,0,0.087,0.446,0.851,0.87,0.437,0.086,0,0.052,0.045,0,0,0.017,0,0.011,0.262,0.539,0.517,0.313,0.023,0,0,0,0.008,0.067,0,0.011,0.042,0.082,0.046,0.367,0.556,0.487,0.262,0,0,0.089,0.027,0,0,0.012,0.014,0.035,0,0.169,0.071,0,0.291,0.467,0.367,0.152,0.332,0.407,0.456,0.203,0.357,0.395,0.263,0.081,0.19,0.141,0,0.039,0,0.01,0,0.024,0.018,0.04,0,0.044,0.04,0.042,0.081,0.176,0.52,0.798,0.678,0.373,0.682,0.817,0.582,0.339,0.665,0.844,0.476,0.156,0,0.049,0,0,0.01,0.027,0,0,0.008,0.113,0,0,0,0.1,0.01,0.207,0.504,0.8,0.702,0.379,0.538,0.852,0.557,0.365,0.577,0.715,0.491,0.094,0.005,0,0,0,0,0.047,0.048,0,0.02,0,0.1,0.049,0,0,0,0,0.292,0.485,0.445,0.257,0.426,0.431,0.314,0.114,0.439,0.394,0.226,0.034,0,0,0.101,0,0.029,0,0,0,0,0,0,0,0,0,0.066,0,0,0.02,0.135,0.039,0.027,0.072,0,0.13,0.033,0.121,0.005,0.068,0.069,0.044,0.004,0.066,0.105,0.02,0.025,0.02,0.025,0,0.001,0.048,0,0,0,0.019,0,0.048,0,0.075,0,0,0.046,0,0.047,0.009,0,0.034,0.022,0,0.034,0,0.021,0,0,0,0.01,0,0.008,0.099,0,0.063,0,0,0,0,0,0.02,0.05,0,0,0,0.066,0,0,0,0,0.007,0,0,0.094,0.037,0.04,0.039
6,0,0,0.005,0,0,0,0,0,0,0.076,0.04,0.146,0.448,0.626,0.562,0.295,0.509,0.681,0.565,0.025,0.033,0,0.061,0,0.01,0.034,0.03,0,0,0,0,0.074,0.034,0,0.079,0,0,0,0.02,0.154,0.572,0.99,0.755,0.35,0.784,0.947,0.555,0.137,0.007,0.088,0.006,0.09,0,0.096,0,0,0.102,0,0.023,0.013,0.091,0,0,0.114,0,0.046,0.085,0.116,0.424,0.554,0.507,0.166,0.428,0.591,0.437,0.164,0,0,0.036,0,0,0,0,0,0,0,0,0.025,0.004,0,0,0,0.098,0.429,0.44,0.162,0.166,0.245,0.075,0,0.129,0.254,0.173,0,0.096,0,0,0,0.049,0,0,0,0,0,0.07,0.065,0.034,0,0.002,0.047,0.353,0.785,0.749,0.358,0.07,0,0.043,0,0.015,0,0,0,0.04,0,0,0.017,0,0,0,0,0,0,0,0,0,0,0.001,0.048,0.395,0.764,0.765,0.522,0.088,0.07,0,0.004,0,0.004,0.007,0.053,0.021,0,0.052,0,0,0.002,0.024,0,0,0.022,0.151,0,0.06,0.099,0.206,0.201,0.256,0.432,0.452,0.293,0,0,0,0.009,0,0.001,0,0,0,0,0,0,0,0,0.032,0.054,0.078,0,0,0.019,0.128,0.471,0.574,0.383,0.106,0.08,0.07,0,0,0.03,0,0.012,0,0.011,0,0,0,0,0,0.004,0,0,0.053,0,0,0.034,0.056,0.024,0.301,0.59,0.905,0.571,0.194,0,0.083,0,0,0,0,0,0,0,0,0.046,0,0.004,0,0.004,0.051,0,0.027,0.061,0.013,0,0.077,0.014,0.245,0.58,0.673,0.589,0.188,0.01,0,0.004,0.082,0.025,0,0.019,0,0.043,0.046,0,0.059,0.065,0,0.059,0,0,0.053,0,0.047,0.051,0,0.041,0.047,0.283,0.382,0.259,0.199,0.29,0.282,0.123,0.21,0.292,0.242,0.024,0.284,0.368,0.197,0,0.075,0.026,0.022,0.083,0,0,0.026,0,0,0,0,0.021,0.189,0.598,0.704,0.557,0.364,0.636,0.654,0.43,0.419,0.632,0.581,0.209,0.629,0.748,0.465,0.038,0.02,0,0,0.067,0,0,0,0.04,0,0,0,0.025,0.306,0.633,0.851,0.614,0.355,0.785,0.885,0.47,0.516,0.949,0.738,0.293,0.695,0.9,0.56,0.242,0,0.08,0.063,0.012,0.032,0,0,0.008,0,0,0,0,0.215,0.364,0.531,0.428,0.317,0.55,0.48,0.327,0.371,0.627,0.468,0.183,0.375,0.562,0.472,0.09,0.079,0.085,0.086,0.049,0,0,0.052,0.015,0.041,0,0,0,0.115,0.348,0.439,0.344,0.083,0.203,0.215,0.073,0.107,0.218,0.082,0,0.086,0.283,0.08,0.232,0.362,0.462,0.238,0.036,0.052,0.068,0,0.084,0,0,0,0,0.191,0.556,0.809,0.571,0.225,0,0.075,0,0.077,0.102,0,0.009,0,0,0.067,0.411,0.791,0.753,0.463,0.066,0,0,0.031,0,0.042,0.018,0.081,0,0.253,0.626,0.748,0.624,0.188,0,0,0.083,0.021,0,0,0,0,0,0.044,0.514,0.693,0.691,0.389,0,0.006,0,0.031,0.02,0,0.044,0,0,0.071,0.396,0.433,0.285,0.031,0,0,0,0.031,0,0,0.143,0,0,0,0.232,0.355,0.379,0.167,0.022,0.032,0,0.032,0,0.037,0.031,0.006,0.022,0.168,0.457,0.562,0.457,0.198,0.084,0,0.041,0.017,0.016,0.029,0.058,0.013,0,0,0.321,0.654,0.552,0.354,0.068,0,0.056,0.068,0.016,0.015,0.002,0,0,0.278,0.681,0.973,0.639,0.21,0,0,0.029,0,0.026,0,0.002,0.009,0.033,0.142,0.475,0.747,0.74,0.426,0.025,0,0.086,0.01,0,0,0.073,0,0.012,0.125,0.547,0.707,0.45,0.083,0.018,0,0.086,0.044,0.015,0.092,0.004,0.03,0.061,0.019,0.366,0.61,0.614,0.328,0,0.027,0.007,0,0.055,0,0.076,0.035,0.003,0.032,0.295,0.26,0.141,0.198,0.304,0.414,0.323,0.129,0.311,0.342,0.08,0.285,0.345,0.274,0.168,0.255,0.261,0.066,0.026,0.043,0.024,0.025,0.07,0,0.051,0,0,0,0,0.023,0,0.392,0.625,0.651,0.383,0.423,0.762,0.536,0.39,0.478,0.686,0.467,0.194,0.013,0,0,0,0.049,0,0.079,0,0,0.066,0,0.043,0.044,0.046,0.026,0,0.364,0.773,0.758,0.383,0.492,0.911,0.662,0.327,0.683,0.93,0.516,0.151,0.039,0,0,0.001,0,0,0,0,0,0,0,0,0.046,0.012,0,0,0.238,0.478,0.489,0.314,0.306,0.539,0.348,0.155,0.439,0.469,0.31,0.021,0,0,0.053,0.042,0,0.035,0,0,0.022,0,0.09,0,0.036,0.076,0,0,0.012,0.208,0.138,0,0.029,0.142,0.104,0,0.07,0.177,0.005,0,0.018,0,0,0,0.07,0.023,0.064,0.038,0.001,0,0.013,0.046,0,0.024,0.048,0.07,0,0.041,0,0,0,0.002,0.077,0.03,0.012,0.063,0.028,0,0,0.002,0.039,0,0.018,0.025,0,0.025,0.05,0,0,0,0,0,0,0.012,0.096,0,0.003,0.005,0,0,0,0,0.056,0,0.046,0,0.01,0.036,0.039,0.05,0.051,0.102,0,0.023
7,0,0.015,0.077,0.358,0.551,0.511,0.208,0.332,0.673,0.435,0.051,0.489,0.553,0.501,0.178,0.433,0.561,0.497,0.21,0.469,0.513,0.3,0.132,0.005,0.045,0.034,0.016,0,0.004,0.075,0.075,0.054,0.109,0.167,0,0.107,0.203,0.177,0,0.137,0.187,0.112,0.032,0.11,0.213,0.106,0.012,0.256,0.374,0.255,0,0.057,0,0.007,0,0.009,0,0,0,0,0.03,0,0,0,0.017,0.03,0.025,0,0.011,0.004,0.01,0.06,0.089,0,0.118,0.575,0.701,0.507,0.147,0.034,0,0.019,0,0,0.041,0.036,0,0.079,0,0,0,0.01,0,0,0.101,0.081,0,0.023,0.043,0,0,0,0.312,0.582,0.879,0.623,0.238,0,0.069,0.023,0.015,0.02,0,0.053,0,0,0,0.011,0,0.038,0.025,0.019,0.057,0,0.013,0.021,0.014,0,0.069,0.099,0.103,0.365,0.503,0.388,0.093,0.038,0,0.068,0.032,0,0.097,0.029,0,0.034,0,0,0.012,0.07,0.055,0.047,0,0,0,0.065,0.039,0.205,0.372,0.262,0.04,0.12,0.252,0.013,0.011,0.012,0,0,0.009,0.015,0.063,0,0.053,0.008,0.013,0,0.072,0,0.079,0.005,0,0,0.063,0,0.192,0.522,0.729,0.513,0.324,0,0,0,0,0,0.016,0.042,0.015,0.006,0,0,0.003,0.041,0.031,0.028,0.008,0,0.017,0,0,0,0,0.01,0.282,0.607,0.813,0.73,0.309,0,0,0.009,0,0.035,0,0,0.04,0,0,0.001,0,0,0,0.018,0.045,0.01,0.061,0,0,0.034,0.029,0.021,0.13,0.379,0.492,0.397,0.119,0,0,0.026,0,0.031,0.048,0.008,0.018,0,0.071,0,0,0,0,0.044,0,0.029,0,0,0.012,0.351,0.381,0.403,0.038,0.081,0.066,0.013,0.066,0.048,0.069,0,0,0,0.019,0.012,0,0.102,0,0,0.009,0,0.032,0,0,0.045,0,0.061,0.217,0.517,0.803,0.623,0.353,0.05,0,0,0,0,0,0,0.001,0,0,0,0,0.04,0.008,0.027,0,0.083,0.002,0.066,0,0,0.003,0.039,0.232,0.566,0.884,0.614,0.292,0,0.009,0,0.035,0.05,0.059,0.029,0.04,0.035,0,0,0,0,0,0,0,0.04,0,0.066,0,0.044,0.069,0,0.083,0.336,0.608,0.381,0.173,0,0.047,0.037,0.025,0,0.003,0.007,0,0.029,0.023,0.108,0.06,0,0,0,0.038,0.013,0,0,0,0.245,0.487,0.424,0.137,0.013,0.078,0.061,0.011,0,0.037,0,0,0,0,0.028,0,0,0,0,0,0.017,0,0,0.013,0.062,0,0.026,0.231,0.504,0.755,0.624,0.206,0.019,0.067,0.028,0,0,0,0.041,0,0.007,0,0,0.029,0,0.022,0,0,0.059,0,0,0,0.003,0,0.023,0.103,0.531,0.798,0.712,0.279,0.01,0,0,0.012,0,0,0.041,0.054,0.026,0,0,0,0.015,0.111,0,0.111,0,0,0.003,0,0,0,0,0.051,0.261,0.498,0.343,0.006,0,0.014,0,0.004,0,0.022,0.025,0,0,0.043,0.023,0,0,0.069,0.067,0,0,0,0.073,0,0.007,0,0.005,0,0.314,0.483,0.426,0.044,0.013,0,0.136,0.019,0.013,0.017,0.024,0,0.016,0,0,0,0,0,0.045,0,0.085,0.074,0.003,0,0,0.084,0.095,0.174,0.555,0.82,0.724,0.256,0,0.066,0.021,0,0.042,0,0.02,0.065,0.065,0,0,0,0.021,0,0,0.061,0,0.018,0.002,0,0.111,0,0,0.256,0.488,0.802,0.701,0.245,0,0.058,0,0,0.051,0.05,0.087,0.064,0,0,0,0.1,0,0.061,0,0,0,0.023,0,0.026,0,0.026,0.028,0.002,0.264,0.517,0.356,0.132,0.084,0,0,0.116,0,0.007,0,0.022,0,0.077,0.024,0,0,0,0,0.051,0.034,0.066,0,0,0,0,0,0,0.369,0.418,0.368,0.194,0,0,0.002,0,0.01,0,0.018,0,0.068,0,0.028,0.039,0.048,0,0.027,0.062,0.02,0.099,0.03,0.002,0,0.035,0.032,0.135,0.527,0.85,0.602,0.279,0,0.002,0,0,0.02,0.032,0,0.028,0,0,0.062,0.073,0.02,0.036,0,0,0,0,0.014,0,0,0,0.093,0.114,0.483,0.772,0.618,0.264,0.036,0.038,0.07,0,0.002,0,0,0,0.028,0,0.015,0.085,0.052,0.067,0.025,0,0.057,0,0,0,0,0.063,0.026,0.051,0.235,0.473,0.331,0.12,0,0,0.088,0,0,0,0,0.047,0,0,0,0.069,0.002,0,0.014,0,0.022,0,0,0,0,0.104,0,0,0,0.079,0,0,0.065,0.081,0,0,0.01,0,0.031,0,0,0,0.016,0.089,0.002,0.081,0,0,0,0.016,0,0,0,0,0.008,0.037,0.021,0,0.076,0.011,0.079,0.079,0,0,0.045,0,0,0.019,0,0,0.045,0,0.029,0,0.014,0.056,0.118,0.031,0,0.047,0,0.041,0,0.055,0.02,0,0,0,0,0.047,0,0.056,0,0.02,0,0,0,0.044,0,0,0.074,0.087,0.049,0.058,0.004
8,0.029,0,0,0,0,0,0.235,0.254,0.34,0.094,0.207,0.416,0.279,0.105,0.283,0.243,0.284,0,0.027,0.068,0.025,0.007,0,0.008,0,0,0,0,0,0,0.087,0,0.029,0.141,0.457,0.567,0.772,0.385,0.605,0.732,0.56,0.253,0.63,0.778,0.491,0.144,0.057,0.056,0,0.093,0.022,0,0,0,0,0,0.038,0,0,0,0,0.2,0.489,0.867,0.763,0.378,0.636,0.885,0.59,0.409,0.6,0.868,0.517,0.082,0.067,0.016,0,0,0.044,0,0.024,0,0,0,0.057,0.072,0,0.123,0.085,0,0.251,0.562,0.486,0.218,0.333,0.505,0.398,0.269,0.486,0.574,0.362,0,0.198,0.041,0.041,0,0,0,0.006,0.036,0,0,0,0,0.196,0.383,0.449,0.241,0.09,0.296,0.195,0.002,0.106,0.206,0.02,0.005,0.221,0.206,0.032,0.201,0.555,0.454,0.204,0,0,0,0,0,0.042,0,0,0,0.414,0.705,0.806,0.487,0.17,0,0.029,0,0,0,0.033,0,0.011,0,0.127,0.423,0.855,0.682,0.381,0.07,0.018,0,0.064,0,0.008,0,0.004,0,0.271,0.564,0.752,0.42,0.044,0,0.012,0,0,0.002,0,0,0.09,0,0.102,0.428,0.731,0.668,0.445,0,0,0.014,0.108,0.05,0,0.015,0,0.039,0.14,0.394,0.421,0.209,0.072,0.042,0,0,0.004,0,0,0,0,0.073,0,0.246,0.371,0.284,0.156,0.032,0.004,0.009,0,0,0.024,0.045,0,0.047,0.276,0.537,0.714,0.433,0.119,0,0,0.019,0,0,0,0.054,0.058,0,0.15,0.368,0.664,0.529,0.271,0,0,0.02,0,0.001,0,0.012,0,0,0.368,0.789,0.875,0.525,0.168,0,0,0.056,0.106,0.091,0.062,0,0,0.055,0.123,0.468,0.796,0.682,0.455,0.005,0,0.004,0.085,0.046,0,0.017,0,0,0.2,0.556,0.591,0.45,0,0.034,0.009,0,0,0.012,0,0,0.03,0.006,0.014,0.371,0.624,0.579,0.221,0.012,0,0.002,0.105,0.096,0,0,0.022,0,0,0.193,0.333,0.135,0.27,0.375,0.31,0.141,0.258,0.349,0.292,0.15,0.273,0.373,0.242,0.041,0.257,0.254,0.097,0,0,0,0.024,0,0,0.006,0.068,0,0,0,0,0.121,0.403,0.75,0.6,0.362,0.507,0.762,0.611,0.329,0.615,0.704,0.424,0.042,0.007,0.104,0,0.072,0,0.022,0.006,0,0.084,0,0,0.032,0.009,0.067,0,0.112,0.513,0.81,0.777,0.427,0.632,0.905,0.606,0.359,0.752,0.908,0.48,0.14,0,0.011,0,0,0.046,0,0.033,0.065,0,0,0.105,0,0,0.169,0.149,0,0.295,0.479,0.434,0.208,0.41,0.482,0.409,0.201,0.477,0.542,0.225,0,0.122,0.121,0.024,0,0.016,0,0.006,0.034,0,0,0.015,0,0.262,0.445,0.476,0.319,0.053,0.094,0.027,0.018,0,0.177,0.097,0,0.178,0.177,0.123,0.319,0.449,0.317,0.309,0,0,0,0,0,0,0,0.087,0.02,0.358,0.66,0.836,0.598,0.095,0,0,0.069,0,0.068,0,0.124,0.033,0,0.217,0.336,0.893,0.641,0.397,0.004,0,0.026,0.018,0,0.004,0,0.017,0.004,0.319,0.625,0.735,0.558,0.051,0,0.012,0,0.033,0,0,0,0.037,0.013,0.147,0.442,0.632,0.673,0.283,0,0,0.01,0.053,0,0,0,0,0,0.128,0.23,0.325,0.215,0.056,0,0.026,0.025,0,0,0.069,0,0.06,0,0,0.288,0.353,0.443,0.103,0,0,0.06,0.017,0,0.062,0.029,0.001,0,0.256,0.611,0.64,0.351,0,0,0,0.026,0.005,0,0.011,0.004,0.051,0,0.112,0.407,0.587,0.572,0.298,0,0.066,0.033,0.011,0,0,0.078,0,0,0.452,0.734,0.823,0.56,0.189,0,0,0.024,0.034,0.096,0.042,0,0,0,0.057,0.521,0.847,0.813,0.302,0,0.028,0.022,0.014,0.074,0,0,0,0.06,0.3,0.574,0.667,0.371,0,0,0.007,0.016,0,0.083,0.059,0.043,0,0,0,0.368,0.497,0.523,0.268,0.102,0.023,0.029,0.117,0,0,0,0,0,0,0.182,0.277,0.083,0.203,0.382,0.404,0.061,0.292,0.318,0.226,0.028,0.458,0.373,0.227,0.093,0.221,0.196,0.068,0,0,0.005,0.033,0,0.03,0.019,0.006,0,0.039,0,0,0.065,0.419,0.732,0.651,0.355,0.572,0.83,0.553,0.309,0.679,0.788,0.531,0.158,0,0.082,0.054,0,0,0,0,0.036,0,0.002,0.006,0,0.032,0,0.009,0,0.376,0.749,0.717,0.4,0.569,0.781,0.603,0.409,0.662,0.823,0.494,0.067,0,0.022,0,0,0.021,0.009,0,0,0,0,0,0,0,0.022,0,0.043,0.221,0.392,0.452,0.15,0.405,0.476,0.392,0.283,0.394,0.367,0.18,0.002,0,0,0.076,0.059,0,0.062,0.044,0,0,0.003,0.014,0.024,0,0.039,0,0.055,0,0.098,0,0,0,0.19,0.101,0,0.044,0.17,0,0,0,0.049,0.045,0.067,0.018,0,0.025,0.039,0,0,0,0,0.07,0.081,0,0.035,0,0,0,0,0.026,0,0,0.038,0.104,0.008,0.015,0.039,0.035,0,0.063,0.001,0.006,0,0.045,0,0,0.029
9,0,0.05,0.059,0,0.043,0.404,0.778,0.845,0.408,0.439,0.848,0.703,0.514,0.354,0.743,0.738,0.415,0.053,0,0,0,0,0,0,0,0.038,0.016,0,0.012,0.01,0,0.066,0,0.407,0.621,0.729,0.315,0.362,0.738,0.698,0.367,0.361,0.65,0.702,0.41,0.006,0.05,0,0,0,0.039,0,0.013,0.02,0,0,0.05,0.055,0.059,0.141,0.011,0.151,0.303,0.425,0.123,0.165,0.343,0.358,0.12,0.177,0.341,0.237,0.157,0.085,0.094,0.217,0,0,0,0,0,0,0.062,0,0.005,0.214,0.505,0.577,0.288,0,0.025,0.069,0,0,0.007,0.014,0,0,0,0,0.009,0.326,0.568,0.418,0.22,0,0,0,0.035,0.016,0,0.096,0.032,0.404,0.688,0.874,0.418,0.093,0.065,0,0,0,0.007,0,0.059,0.035,0,0,0.011,0.501,0.766,0.716,0.366,0.076,0.021,0.012,0.064,0.004,0.009,0.052,0.048,0.372,0.725,0.695,0.398,0.053,0.061,0.104,0,0.051,0.025,0,0,0.068,0.028,0,0.061,0.367,0.596,0.561,0.297,0,0.065,0,0.074,0,0.009,0.056,0.071,0.204,0.262,0.292,0.146,0,0.045,0,0,0,0.008,0.029,0.05,0,0.014,0,0,0.132,0.266,0.325,0.148,0.03,0,0,0,0,0,0,0,0.321,0.554,0.619,0.329,0,0,0,0.011,0,0,0,0.044,0.011,0,0,0.04,0.252,0.588,0.513,0.286,0.019,0,0.054,0,0.054,0,0.003,0,0.4,0.756,0.888,0.431,0.068,0.035,0.093,0.023,0.121,0,0.038,0.072,0.02,0.063,0.003,0.069,0.521,0.78,0.759,0.381,0.057,0,0,0,0.051,0.039,0.007,0,0.256,0.616,0.665,0.413,0.028,0,0.045,0.025,0.015,0.116,0,0.019,0.001,0,0.01,0.028,0.297,0.683,0.536,0.329,0.013,0,0.068,0,0,0,0.057,0,0.121,0.268,0.262,0.18,0.06,0.155,0.203,0.096,0,0.295,0.213,0,0.138,0.146,0.275,0.015,0.116,0.328,0.262,0.1,0.014,0.029,0,0,0.012,0.027,0.023,0.083,0,0.051,0.088,0.006,0.381,0.468,0.571,0.253,0.26,0.476,0.591,0.312,0.366,0.527,0.536,0.307,0.434,0.567,0.553,0.362,0.064,0,0,0,0.092,0.025,0.007,0,0,0.038,0,0.098,0.392,0.826,0.843,0.473,0.393,0.764,0.821,0.604,0.459,0.752,0.712,0.382,0.503,0.8,0.752,0.497,0.017,0.014,0,0,0,0,0.034,0.093,0.011,0.073,0,0.033,0.308,0.63,0.588,0.339,0.28,0.672,0.697,0.447,0.352,0.597,0.513,0.31,0.322,0.611,0.689,0.192,0.03,0,0,0.149,0,0.076,0.013,0.057,0.008,0.032,0.044,0,0.129,0.278,0.284,0.124,0.058,0.287,0.328,0.041,0.046,0.226,0.316,0.107,0.086,0.274,0.241,0.078,0,0,0.035,0.02,0.019,0,0,0,0.044,0.013,0.007,0,0.058,0,0,0,0,0,0,0,0.002,0.055,0.018,0.077,0.29,0.566,0.51,0.3,0,0,0,0.086,0.018,0,0,0.03,0.037,0,0,0,0,0.042,0.006,0.027,0.047,0.037,0,0,0,0,0,0.088,0.479,0.806,0.784,0.4,0.03,0.044,0.006,0,0.02,0.047,0.006,0,0.066,0.071,0,0.006,0.006,0.116,0,0.07,0.004,0,0,0,0.071,0.073,0.127,0.079,0.434,0.499,0.541,0.394,0.05,0.101,0,0,0,0,0,0.021,0,0,0.026,0.006,0.059,0,0,0.079,0.004,0.044,0.071,0.012,0.044,0.295,0.193,0.051,0.052,0.317,0.238,0.018,0,0.036,0,0.04,0,0.008,0.076,0.001,0.073,0,0.01,0,0,0.032,0,0.117,0,0.038,0.024,0.038,0.221,0.617,0.581,0.34,0,0,0.006,0,0.048,0,0,0,0.022,0,0.041,0.068,0,0,0.063,0,0.012,0.07,0.031,0.062,0,0.033,0.044,0.11,0.336,0.791,0.831,0.497,0.115,0.031,0.025,0.001,0,0,0.056,0.056,0.043,0,0,0,0,0.021,0.067,0.011,0.05,0.002,0.056,0.011,0,0.08,0,0.109,0.326,0.535,0.589,0.317,0.002,0.003,0.101,0.046,0,0,0,0,0,0,0,0,0.03,0.103,0,0,0,0.26,0.234,0.126,0.004,0.349,0.354,0.07,0.042,0.205,0.331,0,0,0,0.025,0.042,0,0,0,0,0.009,0.007,0.036,0.006,0,0.035,0.09,0,0.35,0.591,0.551,0.399,0.312,0.484,0.754,0.378,0.02,0.038,0.002,0.077,0,0,0,0,0.123,0.005,0,0,0.019,0,0,0.024,0.019,0,0,0.095,0.457,0.777,0.827,0.467,0.464,0.714,0.89,0.517,0.094,0,0,0.009,0,0.015,0,0.035,0,0,0,0.035,0,0,0.057,0.024,0,0.023,0.042,0.043,0.302,0.628,0.497,0.455,0.334,0.62,0.554,0.332,0,0.034,0,0.152,0.015,0.096,0.006,0,0.021,0.048,0,0.016,0.043,0,0,0.069,0.032,0,0,0,0.001,0.193,0.164,0.072,0,0.212,0.186,0.017,0,0,0,0,0.012,0.021,0.01,0,0,0.062,0.048,0.024,0,0.04,0,0,0.05,0,0,0,0,0.038,0.01,0,0,0,0,0.023,0.056,0.037,0.032,0.043,0,0,0,0.022,0,0.044,0,0,0,0,0.02
0,0,0,0.023,0,0,0.279,0.669,1,0.506,0.262,0.758,0.936,0.5,0.377,0.871,0.858,0.529,0.207,0.044,0.005,0,0.026,0.074,0.042,0,0.054,0,0.003,0.048,0.009,0.016,0,0,0.217,0.515,0.527,0.501,0.268,0.55,0.723,0.359,0.221,0.604,0.718,0.382,0.111,0.034,0.051,0,0,0.031,0.094,0.073,0.08,0,0.065,0.08,0,0.139,0.259,0.137,0,0.218,0.357,0.194,0.045,0.199,0.428,0.111,0.065,0.306,0.217,0.024,0.078,0.26,0.299,0.104,0.052,0.074,0,0.099,0.035,0,0,0.005,0.178,0.568,0.539,0.46,0.12,0.029,0,0.054,0,0,0,0.026,0,0,0,0.031,0.261,0.465,0.633,0.343,0.099,0,0.089,0,0,0.019,0.104,0,0.297,0.597,0.97,0.625,0.2,0.008,0.067,0,0,0,0.072,0.064,0,0,0,0,0.473,0.821,0.87,0.509,0.15,0,0,0,0,0,0.045,0,0.217,0.483,0.651,0.429,0.092,0.031,0,0.013,0.01,0.017,0.053,0,0.019,0,0,0,0.369,0.527,0.585,0.392,0.034,0,0.052,0,0,0,0,0,0,0.216,0.258,0.187,0.001,0.028,0.062,0.015,0.052,0,0,0.008,0.051,0.349,0.374,0,0.129,0.223,0.277,0.017,0,0.089,0.029,0,0.019,0,0.022,0.032,0.197,0.559,0.798,0.485,0.131,0.07,0,0.029,0,0.054,0.013,0,0.222,0.529,0.726,0.484,0.288,0.558,0.573,0.41,0.082,0.038,0.065,0,0.068,0,0.001,0,0.332,0.616,1,0.631,0.27,0,0.047,0,0.052,0.034,0.096,0,0.421,0.74,0.929,0.624,0.43,0.824,0.862,0.466,0.174,0.002,0,0,0,0,0.013,0,0.122,0.484,0.602,0.359,0.077,0,0.059,0.031,0.007,0,0,0.007,0.297,0.498,0.678,0.368,0.247,0.497,0.536,0.355,0.056,0.108,0,0,0,0,0,0,0.069,0.214,0.321,0.191,0,0,0.028,0,0.126,0.225,0.35,0.129,0.017,0.133,0.219,0.044,0.04,0.264,0.283,0.117,0.109,0,0,0.016,0.017,0,0.031,0.023,0.222,0.458,0.645,0.52,0.164,0,0,0,0.287,0.553,0.63,0.48,0.163,0,0,0.008,0.415,0.66,0.669,0.37,0.097,0.055,0.088,0.007,0,0.025,0,0,0.233,0.567,0.875,0.592,0.182,0.078,0,0,0.325,0.696,0.924,0.533,0.222,0,0,0,0.331,0.826,0.837,0.455,0.198,0,0,0.068,0.012,0.017,0,0.007,0.231,0.46,0.615,0.38,0.172,0,0,0,0.263,0.438,0.539,0.41,0.065,0.01,0,0,0.279,0.506,0.534,0.299,0,0.081,0.13,0,0.058,0.056,0.044,0.068,0.029,0.299,0.324,0.15,0.049,0.28,0.282,0.244,0.004,0.2,0.252,0.062,0.026,0.032,0,0.04,0.162,0.34,0.264,0.241,0,0.02,0.069,0.062,0,0,0,0.013,0.219,0.508,0.701,0.422,0.251,0.595,0.735,0.456,0.204,0.008,0.066,0,0,0,0.053,0.08,0.277,0.68,0.613,0.402,0.084,0,0.01,0.011,0,0.057,0,0,0.23,0.642,0.87,0.578,0.287,0.668,0.946,0.602,0.188,0,0,0,0,0.07,0.017,0.004,0.404,0.749,0.917,0.478,0.119,0,0,0.052,0,0,0,0.021,0.09,0.432,0.536,0.409,0.208,0.418,0.488,0.411,0.043,0.012,0.002,0,0,0,0,0,0.297,0.43,0.487,0.297,0,0.045,0,0,0.072,0,0.034,0,0.141,0.235,0.249,0.228,0,0.17,0.14,0.125,0.019,0.005,0.027,0.113,0,0.023,0.063,0.074,0.062,0.193,0.342,0.211,0,0,0,0.012,0.011,0,0.018,0,0.172,0.588,0.69,0.482,0.133,0.071,0,0,0.112,0,0,0.06,0.038,0.033,0.083,0.003,0.354,0.609,0.727,0.517,0.059,0,0.006,0.05,0.012,0.033,0.077,0,0.217,0.742,0.849,0.534,0.228,0,0.005,0.028,0.032,0,0.015,0,0.027,0.067,0,0.069,0.433,0.725,0.857,0.573,0.146,0.065,0.106,0.054,0,0,0,0.072,0.134,0.42,0.528,0.287,0.09,0,0.018,0.011,0.086,0,0.021,0,0.078,0.014,0,0,0.161,0.423,0.571,0.323,0.083,0.022,0.009,0.004,0,0,0,0,0,0.024,0.126,0.032,0.19,0.315,0.404,0.221,0.103,0.265,0.447,0.265,0.043,0.3,0.443,0.151,0.049,0.123,0.245,0,0.039,0.044,0,0.078,0,0,0.03,0,0.02,0,0,0.053,0.316,0.557,0.73,0.499,0.373,0.596,0.72,0.538,0.373,0.688,0.64,0.553,0.153,0,0.051,0.072,0.054,0.041,0.022,0.007,0,0.106,0,0,0,0,0,0,0.276,0.697,0.787,0.513,0.299,0.747,0.755,0.471,0.29,0.676,0.87,0.504,0.066,0,0,0.037,0.034,0,0,0,0,0,0.004,0,0,0,0,0,0.152,0.295,0.436,0.315,0.099,0.403,0.553,0.335,0.241,0.462,0.404,0.362,0,0,0.007,0,0,0.072,0,0,0,0.019,0.067,0.014,0.088,0.049,0,0.029,0.051,0.115,0.239,0.059,0,0.217,0.081,0.106,0.046,0.067,0.08,0.051,0.073,0.034,0.05,0.023,0.008,0,0,0,0.071,0,0,0.04,0.013,0.06,0,0,0,0,0,0,0,0.014,0.049,0,0.022,0,0,0.009,0.016,0.04,0.006,0.006,0,0.036,0,0.054,0.032,0,0.017
1,0.018,0,0.033,0,0,0,0,0.028,0,0.412,0.698,0.848,0.516,0.077,0,0,0.078,0,0,0.124,0,0,0.065,0,0,0,0.031,0.113,0.014,0.001,0,0.036,0.03,0.041,0.058,0.056,0,0.164,0.421,0.378,0.195,0,0,0.089,0.002,0,0.007,0.05,0,0.033,0.008,0,0.066,0.105,0.056,0.049,0,0,0.064,0.037,0,0.184,0.34,0.432,0.284,0.192,0.362,0.43,0.197,0,0,0.027,0.036,0,0,0.049,0.023,0,0.013,0.01,0.02,0.017,0.078,0.055,0.079,0.003,0.007,0,0.025,0.333,0.682,0.787,0.479,0.418,0.705,0.784,0.51,0.052,0,0,0.026,0.038,0.08,0.065,0,0.009,0.072,0,0,0.02,0.006,0.045,0.041,0.014,0,0,0.018,0.323,0.69,0.775,0.532,0.384,0.774,0.691,0.417,0.057,0,0,0.072,0,0,0,0,0.053,0.111,0.009,0.107,0,0.034,0,0,0.009,0,0.006,0.049,0.259,0.417,0.432,0.231,0.204,0.367,0.409,0.208,0.142,0,0,0,0.018,0,0.034,0,0.098,0.041,0,0.058,0,0,0.016,0.135,0,0.005,0.087,0,0,0,0.043,0.02,0.186,0.443,0.428,0.373,0.03,0.027,0.03,0,0,0.027,0,0,0.103,0,0.019,0,0,0.045,0.011,0.048,0,0.067,0.037,0.037,0,0,0.025,0,0.339,0.785,0.806,0.508,0.165,0,0.016,0,0.027,0,0,0.049,0,0,0.036,0.039,0,0.04,0.013,0,0,0.056,0.022,0.05,0,0,0.059,0.04,0.361,0.592,0.732,0.447,0,0.014,0,0.032,0.038,0,0.126,0.019,0.013,0.01,0.089,0.055,0.015,0,0,0.199,0.062,0,0,0,0.029,0,0,0,0.197,0.375,0.308,0.198,0.026,0.004,0,0,0,0,0.019,0,0.082,0,0,0,0.001,0,0.058,0,0.104,0.025,0,0,0,0.062,0,0.127,0.245,0.548,0.513,0.358,0.042,0.045,0.05,0.081,0.019,0.031,0.068,0.06,0,0,0.06,0.039,0,0.065,0,0,0,0,0,0,0,0,0.046,0.038,0.408,0.676,0.774,0.384,0.086,0.028,0.029,0.059,0,0,0.042,0.011,0.046,0,0,0,0,0,0.051,0,0.067,0.03,0,0.023,0.012,0.039,0.064,0.094,0.344,0.671,0.728,0.458,0.085,0,0,0.067,0,0,0,0.028,0.068,0.04,0,0.005,0,0,0,0.003,0,0,0.035,0.031,0.015,0,0.021,0.004,0.245,0.303,0.368,0.158,0,0,0.02,0,0,0.061,0.014,0.025,0,0.049,0,0,0,0,0.057,0.043,0,0,0,0,0,0,0,0,0.279,0.436,0.499,0.394,0.013,0.094,0,0,0.012,0,0.046,0,0,0.017,0,0,0,0.001,0,0,0,0.107,0.02,0.051,0,0,0.113,0.038,0.393,0.791,0.935,0.469,0.045,0.061,0,0,0.001,0,0.039,0.005,0,0,0,0,0,0.056,0,0,0,0,0.001,0,0.135,0.039,0,0,0.292,0.58,0.641,0.424,0.076,0.047,0.02,0.045,0.054,0.003,0.021,0,0,0.01,0,0.024,0.007,0,0,0.008,0.001,0.031,0.007,0,0.042,0.013,0.004,0,0.104,0.293,0.347,0.185,0,0,0.038,0.013,0.015,0.005,0.03,0,0,0,0,0,0.04,0,0.093,0.001,0.034,0.02,0,0,0.002,0.002,0.016,0,0.303,0.54,0.523,0.295,0.022,0.076,0.044,0.048,0,0.01,0.004,0,0.048,0,0,0.067,0,0.076,0,0,0,0,0,0.032,0.006,0,0.035,0,0.459,0.799,0.806,0.419,0.128,0,0.023,0,0,0.008,0.021,0.011,0.043,0.038,0,0,0,0,0.05,0.029,0.031,0,0,0,0,0.033,0,0,0.358,0.567,0.637,0.363,0.089,0,0.033,0.014,0.046,0.034,0.028,0.009,0.031,0,0,0,0.029,0,0.026,0,0,0.047,0,0,0.01,0.221,0.278,0.128,0.097,0.338,0.326,0.151,0.017,0.209,0.17,0.196,0,0,0,0,0.023,0.063,0.01,0,0.055,0,0.001,0,0,0.029,0.026,0.092,0.289,0.552,0.524,0.28,0.289,0.504,0.577,0.318,0.278,0.602,0.62,0.358,0.056,0.015,0.038,0.007,0,0,0,0.038,0,0,0.122,0.027,0,0,0.12,0.023,0.302,0.805,0.875,0.597,0.41,0.835,0.813,0.507,0.38,0.806,0.795,0.469,0.15,0.018,0.014,0,0.077,0.004,0,0.037,0.021,0.039,0,0.095,0,0.032,0,0.033,0.298,0.575,0.692,0.391,0.226,0.608,0.642,0.334,0.39,0.712,0.64,0.338,0,0,0,0,0,0,0.012,0,0,0,0.074,0.022,0,0.077,0.038,0,0.079,0.278,0.218,0.14,0.073,0.239,0.29,0.116,0.037,0.241,0.254,0.075,0,0,0,0.037,0,0.019,0,0,0.001,0,0,0,0.028,0,0.027,0,0.007,0,0.006,0,0.025,0.082,0,0.012,0.066,0.051,0.046,0.039,0,0,0,0,0,0,0.016,0,0,0,0.054,0.009,0,0.003,0.023,0.07,0,0.004,0,0.019,0.013,0.014,0,0.009,0,0,0.051,0,0,0,0,0.005,0,0,0.02,0.022,0.013,0,0
2,0,0.009,0.012,0,0,0,0.031,0.293,0.446,0.348,0.066,0.404,0.38,0.2,0.24,0.478,0.358,0.202,0.03,0,0,0,0,0,0.046,0.014,0,0,0,0.071,0,0.071,0.017,0.116,0.22,0.435,0.782,0.65,0.265,0.605,0.789,0.506,0.426,0.78,0.63,0.358,0.017,0,0,0,0,0,0.034,0.022,0.018,0.075,0,0,0.014,0.052,0.099,0.042,0.211,0.559,0.794,0.644,0.36,0.711,0.789,0.439,0.465,0.791,0.716,0.388,0.007,0.021,0.026,0,0.043,0.059,0.001,0,0.073,0.095,0.053,0.005,0,0.042,0.319,0.272,0.158,0.285,0.464,0.348,0.182,0.427,0.363,0.256,0.279,0.503,0.394,0.263,0.213,0.211,0.197,0,0,0.014,0.067,0.001,0,0,0.105,0,0.048,0.297,0.572,0.605,0.426,0.065,0.163,0.063,0.004,0.034,0.169,0,0,0.084,0.03,0.182,0.5,0.575,0.381,0.073,0,0.016,0,0.014,0.019,0.006,0.016,0,0.007,0.366,0.804,0.841,0.547,0.087,0.008,0,0.084,0.054,0,0.008,0.059,0,0.057,0.33,0.596,0.893,0.641,0.227,0,0,0,0.031,0.04,0,0.036,0.098,0.063,0.224,0.516,0.55,0.367,0.019,0,0,0.014,0.023,0,0.038,0.012,0.055,0.015,0.174,0.462,0.685,0.412,0.1,0.019,0,0.059,0.027,0.036,0,0,0.023,0.026,0.028,0.237,0.198,0.154,0,0.034,0,0,0.066,0.005,0.03,0,0,0.015,0.082,0.331,0.351,0.254,0,0,0,0,0,0,0,0,0.034,0,0.046,0.042,0,0,0.015,0,0,0,0,0,0,0.014,0.034,0,0.292,0.594,0.884,0.58,0.12,0,0.044,0,0.006,0,0.023,0.053,0.007,0,0.052,0,0,0,0.036,0.003,0,0,0,0.007,0.024,0,0.127,0,0.283,0.658,0.808,0.455,0.198,0,0,0,0.007,0.059,0,0,0.008,0.071,0.026,0.058,0.027,0,0,0.016,0.1,0,0.092,0.04,0.027,0.069,0.23,0.164,0.12,0.329,0.547,0.338,0.073,0,0.071,0,0.018,0,0.083,0,0.003,0,0.016,0,0.007,0.007,0,0.094,0.005,0,0.026,0.027,0.07,0.383,0.537,0.5,0.193,0.028,0.073,0.051,0,0.043,0,0.006,0,0,0.017,0.064,0,0.026,0,0.073,0,0,0.049,0.036,0.078,0,0,0.068,0.182,0.461,0.827,0.814,0.325,0,0.046,0,0,0.004,0.04,0.056,0.013,0.133,0,0,0,0,0,0.056,0.021,0.107,0.012,0.012,0.018,0.001,0,0,0.119,0.44,0.621,0.603,0.213,0.045,0,0.107,0.047,0,0,0.06,0.101,0,0,0.044,0.004,0.066,0,0,0,0,0.037,0,0,0.127,0.353,0.372,0.252,0.219,0.348,0.341,0.173,0,0.086,0.045,0,0,0.03,0,0.011,0,0.058,0.004,0.047,0.03,0,0.071,0,0.013,0.05,0.047,0.103,0.271,0.607,0.787,0.462,0.084,0.02,0.001,0.109,0.082,0.059,0.024,0.033,0,0,0.041,0.001,0.012,0,0,0.064,0.1,0.007,0,0,0,0,0,0.014,0.441,0.766,0.895,0.499,0.151,0.004,0.025,0.035,0,0.012,0.029,0,0.005,0,0.001,0,0,0.009,0.108,0,0.042,0.023,0.037,0,0.037,0.069,0.149,0.058,0.249,0.37,0.506,0.361,0.04,0,0,0,0,0,0,0.085,0.012,0.014,0.001,0,0.02,0,0,0.026,0,0,0.084,0,0.09,0.429,0.586,0.422,0.216,0.064,0.104,0.035,0,0,0.046,0,0.052,0,0,0,0.098,0,0.003,0.037,0,0,0.045,0,0.031,0,0,0.008,0.211,0.543,0.951,0.648,0.322,0,0,0,0,0,0.018,0.002,0.021,0.041,0.08,0,0,0,0,0.027,0,0,0,0,0.048,0.011,0,0,0.231,0.518,0.57,0.64,0.263,0.005,0,0,0.096,0.035,0.134,0,0.033,0,0,0.06,0,0.039,0.032,0,0.027,0.033,0.09,0,0.074,0.111,0.326,0.39,0.113,0.109,0.356,0.377,0.076,0.357,0.419,0.094,0.264,0.372,0.292,0.1,0.315,0.386,0.197,0,0,0,0.03,0.073,0,0.125,0,0,0.062,0.362,0.691,0.651,0.373,0.363,0.743,0.613,0.31,0.713,0.722,0.403,0.494,0.611,0.517,0.206,0.491,0.708,0.528,0.137,0,0.03,0,0.022,0.07,0.048,0.007,0.029,0.089,0.423,0.758,0.78,0.537,0.545,0.945,0.617,0.411,0.714,0.824,0.638,0.522,0.85,0.81,0.308,0.68,0.889,0.574,0.148,0.006,0,0.073,0,0,0,0,0,0.047,0.202,0.518,0.502,0.323,0.341,0.585,0.442,0.281,0.489,0.648,0.341,0.338,0.586,0.485,0.274,0.475,0.51,0.39,0.161,0,0,0,0.003,0,0.012,0.014,0.018,0,0.03,0.127,0.197,0.087,0.176,0.172,0.138,0,0.147,0.107,0,0.08,0.196,0.151,0.056,0.056,0.115,0.078,0.052,0,0,0.057,0,0.047,0.069,0,0.005,0,0,0.014,0,0.022,0,0,0.054,0.009,0.009,0.019,0.03,0,0,0,0.045,0,0.099,0,0,0,0.06,0,0.037,0.045,0.026,0.035,0.091,0,0.059,0,0.016,0.015,0.017,0.078,0,0.007,0.046,0,0,0,0.029,0,0,0,0.014,0.014,0.003,0.015,0,0.029,0.02,0,0
3,0,0,0.243,0.426,0.474,0.18,0.401,0.492,0.418,0.12,0.465,0.597,0.402,0.179,0.479,0.484,0.194,0.263,0.51,0.325,0.266,0,0.048,0,0,0.055,0.007,0,0,0.045,0.495,0.851,0.719,0.406,0.568,0.854,0.7,0.28,0.612,0.912,0.626,0.366,0.773,0.823,0.47,0.585,0.863,0.792,0.32,0,0.04,0.006,0,0.002,0.024,0,0.139,0.103,0.375,0.68,0.628,0.444,0.515,0.824,0.458,0.287,0.54,0.755,0.563,0.453,0.642,0.71,0.41,0.466,0.656,0.553,0.368,0.022,0.1,0.028,0,0.08,0,0,0,0,0.132,0.373,0.341,0.253,0.231,0.376,0.308,0.087,0.357,0.457,0.269,0.096,0.352,0.342,0.129,0.168,0.466,0.377,0.073,0,0.025,0.02,0.109,0.064,0.035,0.014,0.064,0,0,0,0.028,0,0.091,0,0,0,0,0.012,0.029,0.299,0.517,0.471,0.444,0,0.032,0,0.032,0.023,0.083,0,0.052,0.048,0,0,0.014,0,0.054,0,0.083,0,0.036,0.006,0,0,0.057,0,0.065,0.426,0.772,0.859,0.462,0.028,0.051,0,0.026,0.062,0.026,0,0,0,0,0,0.099,0.061,0,0,0,0,0,0,0,0.015,0,0,0,0.299,0.554,0.598,0.378,0,0.064,0,0.024,0,0.093,0,0,0,0,0,0,0.056,0.044,0.055,0.098,0,0.016,0.065,0.05,0.032,0.271,0.286,0.154,0.036,0.206,0.15,0.03,0.049,0,0,0.035,0.019,0,0.019,0.036,0,0.017,0.031,0.029,0,0,0,0,0,0,0.024,0,0.233,0.537,0.65,0.465,0.161,0,0,0.012,0.032,0,0.038,0.006,0,0.004,0.03,0.042,0,0.081,0,0,0,0.015,0.032,0.028,0,0.065,0.002,0.002,0.376,0.639,0.856,0.513,0.256,0,0.013,0,0,0,0,0.07,0,0,0,0,0,0,0,0,0.025,0.039,0,0.032,0,0.03,0.028,0.063,0.253,0.507,0.624,0.336,0.047,0.009,0.114,0.089,0,0.007,0.061,0,0,0,0.074,0.009,0,0.006,0,0,0.004,0,0,0,0.065,0.047,0.092,0,0.055,0.1,0.235,0.089,0.261,0.416,0.394,0.206,0.037,0,0.042,0,0,0.092,0.025,0.015,0,0,0,0,0.004,0.054,0.026,0,0,0,0,0,0,0.071,0.074,0,0.453,0.67,0.779,0.402,0.12,0,0.088,0.004,0,0.003,0.008,0,0,0.034,0,0.016,0.018,0.013,0.068,0,0.087,0.043,0.066,0.064,0,0.075,0.047,0.045,0.388,0.753,0.606,0.468,0.072,0.043,0.028,0,0.022,0.024,0.098,0.06,0.104,0,0.087,0,0,0.079,0,0.021,0,0,0.048,0.003,0.029,0,0.034,0.073,0.154,0.407,0.428,0.241,0,0.207,0.176,0,0.023,0.053,0,0.028,0,0.022,0,0.066,0.005,0,0.08,0.039,0.116,0,0.118,0.041,0.037,0,0.054,0.076,0,0,0.017,0.087,0.257,0.603,0.435,0.266,0,0,0,0.002,0.069,0.04,0.025,0,0.038,0.034,0.048,0.039,0,0.056,0.012,0,0,0,0,0.038,0.056,0,0,0.158,0.448,0.861,0.666,0.447,0.06,0,0.013,0,0.087,0.051,0.016,0.045,0,0.003,0.005,0.09,0,0,0.05,0,0,0.031,0,0,0.04,0,0,0.123,0.43,0.716,0.645,0.348,0.073,0,0.068,0,0.009,0.053,0.022,0,0,0.148,0.184,0.317,0.078,0,0,0.052,0.04,0.04,0,0,0,0.023,0.023,0,0.201,0.3,0.216,0.059,0,0,0.041,0.103,0.076,0,0.075,0,0.036,0.299,0.612,0.624,0.25,0,0,0.012,0.033,0.041,0,0.003,0,0.064,0,0.239,0.409,0.547,0.573,0.302,0.046,0,0,0,0.033,0.048,0.028,0,0.128,0.366,0.854,0.75,0.511,0,0,0.018,0.032,0,0.013,0,0,0,0.086,0.153,0.514,0.905,0.714,0.421,0.04,0.037,0.046,0,0.007,0,0.022,0,0,0.258,0.564,0.566,0.263,0,0.023,0.008,0.047,0.025,0.012,0,0,0.039,0.069,0.163,0.366,0.554,0.581,0.25,0,0.004,0,0,0.015,0.15,0,0,0.055,0.064,0.195,0.196,0.043,0.235,0.433,0.333,0.144,0.396,0.453,0.23,0.119,0.301,0.408,0.176,0.141,0.234,0.177,0,0.033,0,0,0,0.009,0.038,0.008,0.02,0.04,0.059,0.006,0,0.226,0.448,0.773,0.648,0.261,0.552,0.809,0.567,0.327,0.735,0.686,0.47,0.015,0,0,0,0,0.012,0.006,0,0,0.087,0,0.005,0,0,0.002,0.037,0.209,0.575,0.841,0.647,0.317,0.631,0.814,0.538,0.472,0.729,0.739,0.451,0.157,0.015,0,0.001,0.007,0.101,0.035,0,0,0.071,0.002,0.117,0,0.118,0,0,0.163,0.332,0.364,0.372,0.193,0.449,0.485,0.367,0.184,0.463,0.461,0.201,0.061,0.016,0,0,0.061,0.009,0.095,0,0,0.006,0.063,0,0.01,0,0,0,0,0.04,0.153,0.042,0.016,0,0.079,0.032,0.034,0.015,0.11,0,0.056,0,0,0.032,0.031,0.033,0.112,0.052,0.045,0.027,0.007,0,0,0,0,0,0,0,0.076,0.043,0,0.037,0.014,0,0,0.039,0,0.047,0,0,0,0.003,0.01,0.005,0,0.008,0.077,0,0.067
4,0,0.042,0,0.013,0,0,0,0,0.064,0.043,0.05,0,0,0,0.091,0.195,0.486,0.428,0.324,0,0,0.012,0,0,0.041,0,0,0.037,0.01,0.037,0.081,0,0.033,0.019,0,0.045,0,0.032,0.073,0,0.006,0,0.102,0.442,0.793,0.714,0.448,0.14,0.027,0,0.104,0,0.043,0.005,0,0,0.085,0,0,0.026,0.054,0.039,0,0,0.007,0.103,0.063,0,0,0,0.015,0.324,0.678,0.746,0.457,0.1,0.059,0,0.07,0.017,0,0.048,0.019,0,0,0.027,0.049,0,0.043,0.049,0.035,0.007,0.04,0,0.014,0,0.179,0.315,0.215,0.085,0.366,0.309,0.098,0.095,0,0,0,0,0.004,0,0.093,0,0,0.087,0.059,0.053,0.001,0,0,0.051,0.032,0,0.038,0.177,0.468,0.737,0.672,0.347,0.653,0.744,0.439,0.06,0.009,0.056,0.105,0.036,0,0,0.03,0,0,0.028,0.025,0,0.019,0,0,0.14,0,0,0.007,0.252,0.613,0.815,0.668,0.39,0.808,0.812,0.422,0.116,0.018,0.019,0,0,0,0,0.103,0.011,0,0.066,0.029,0.019,0,0.058,0,0.098,0,0.212,0.135,0.098,0.288,0.421,0.44,0.261,0.583,0.55,0.365,0,0,0.123,0.041,0,0,0.045,0,0.016,0.098,0,0,0,0.08,0.058,0,0,0.224,0.624,0.513,0.289,0.02,0.248,0.025,0.291,0.524,0.565,0.26,0,0,0.053,0.043,0,0,0.023,0,0.053,0.034,0.013,0.084,0.041,0.071,0,0.013,0.014,0.441,0.804,0.883,0.552,0.218,0,0.013,0.293,0.702,0.884,0.401,0.063,0.05,0.027,0.048,0.077,0,0,0.028,0.005,0.017,0,0.027,0,0,0,0,0,0.288,0.624,0.689,0.445,0.186,0.002,0,0.262,0.65,0.613,0.368,0.097,0.052,0,0.026,0,0.076,0.016,0,0.112,0.049,0,0,0.074,0.048,0.214,0.488,0.435,0.176,0.345,0.312,0.137,0.033,0.152,0.094,0.179,0.343,0.376,0.128,0.003,0,0.079,0.06,0,0,0.009,0.024,0,0,0,0.059,0,0.052,0.546,0.831,0.7,0.326,0.015,0,0.009,0.036,0.001,0.043,0.378,0.65,0.695,0.408,0.111,0,0,0.023,0,0.006,0.048,0.072,0,0.031,0.008,0,0.031,0.163,0.53,0.797,0.795,0.324,0.042,0,0.014,0.044,0.053,0.064,0.365,0.887,0.775,0.484,0.105,0,0.029,0,0,0.053,0,0,0.025,0.081,0.079,0,0.082,0.016,0.263,0.486,0.327,0.131,0.174,0.194,0.105,0.102,0.207,0.245,0.282,0.431,0.376,0.26,0.23,0.218,0.139,0.043,0.038,0,0,0,0.01,0.055,0,0.105,0.026,0.036,0.422,0.646,0.58,0.282,0.54,0.614,0.488,0.35,0.753,0.553,0.333,0.607,0.653,0.333,0.506,0.631,0.37,0.176,0.107,0,0.069,0,0,0,0.006,0,0,0.206,0.533,0.944,0.602,0.335,0.805,0.905,0.509,0.566,0.912,0.606,0.373,0.731,0.783,0.387,0.58,1,0.583,0.283,0.053,0.016,0.003,0,0,0.025,0.073,0,0,0.005,0.38,0.627,0.58,0.245,0.518,0.648,0.439,0.424,0.588,0.482,0.455,0.621,0.553,0.371,0.541,0.649,0.384,0.189,0.057,0,0.01,0.016,0.042,0,0,0,0,0,0.109,0.215,0.241,0,0.167,0.252,0.094,0.059,0.291,0.133,0.226,0.393,0.405,0.21,0.112,0.236,0.314,0,0,0,0,0.059,0.058,0,0.007,0,0,0,0.075,0,0.052,0,0.054,0,0.049,0,0.007,0.06,0.455,0.798,0.783,0.438,0.081,0.02,0.081,0.008,0.003,0,0.088,0,0.066,0,0.033,0,0,0.009,0.064,0.03,0,0.034,0.081,0.017,0.034,0.027,0.021,0,0.38,0.628,0.752,0.386,0.055,0,0,0,0,0,0,0,0.02,0,0,0.034,0.01,0.01,0.021,0,0,0.067,0,0.002,0,0,0.076,0.094,0.208,0.389,0.403,0.321,0.005,0.018,0.041,0,0,0,0,0.039,0,0.018,0.048,0.072,0,0.043,0,0.014,0,0.017,0.014,0.005,0.075,0.014,0,0,0.334,0.591,0.666,0.411,0,0.01,0,0.013,0,0,0.08,0.124,0,0.043,0,0,0.052,0.009,0.087,0.058,0,0,0.016,0,0.018,0.08,0.082,0.047,0.365,0.745,0.854,0.516,0.171,0,0.039,0.036,0.104,0.004,0.037,0,0,0,0,0,0.052,0.002,0,0,0,0,0.041,0.09,0,0,0.147,0,0.368,0.51,0.478,0.335,0.006,0,0,0,0.056,0,0.041,0.017,0,0.029,0.071,0,0.09,0.021,0,0,0,0,0,0,0,0,0,0,0,0.228,0.128,0.059,0.035,0,0,0.075,0,0.005,0.049,0,0.076,0,0.09,0,0,0,0,0,0.022,0.03,0.047,0.088,0,0.017,0.029,0.004,0.067,0.031,0.05,0,0.011,0.024,0,0.031,0.026,0.102,0,0,0,0,0,0,0,0,0.061,0.009,0.043,0,0,0.078,0,0,0,0,0,0,0,0.075,0,0,0.064,0,0.039,0,0,0.032,0,0.037,0,0.019,0.02,0.017,0.036,0,0,0.034,0.001,0,0.033,0,0.013,0,0.006,0,0,0.009,0.099,0,0,0,0,0,0.098,0.029,0.072
5,0,0.237,0.615,0.82,0.738,0.293,0.806,0.906,0.487,0.493,0.771,0.805,0.487,0.622,0.857,0.71,0.335,0.737,0.8,0.466,0.125,0.065,0,0.05,0.043,0,0,0.044,0.008,0.11,0.379,0.582,0.423,0.199,0.369,0.528,0.431,0.321,0.529,0.429,0.213,0.459,0.56,0.426,0.245,0.484,0.426,0.306,0.045,0,0,0,0,0.027,0,0,0.008,0.108,0.274,0.483,0.379,0.012,0.204,0.172,0.079,0.088,0.174,0.139,0,0.037,0.192,0.131,0.074,0.059,0.153,0.001,0.048,0,0,0.013,0,0.069,0,0,0,0.22,0.62,0.859,0.667,0.239,0,0,0.006,0,0,0,0,0,0,0.113,0,0.01,0,0,0,0,0.097,0,0,0,0.034,0,0,0.272,0.585,0.829,0.667,0.292,0.088,0,0.058,0,0,0,0,0.026,0.006,0.046,0.046,0,0,0.04,0,0.058,0,0.055,0,0,0,0.064,0.023,0.081,0.354,0.393,0.33,0.007,0.242,0.238,0.076,0.086,0.159,0.191,0.027,0.082,0.171,0.073,0,0.014,0.029,0.057,0.004,0,0.055,0,0,0.082,0.026,0.022,0,0.198,0.314,0.553,0.463,0.231,0.514,0.511,0.395,0.326,0.536,0.467,0.301,0.556,0.658,0.478,0.204,0,0.068,0,0.054,0,0,0,0.021,0.061,0,0.053,0,0.21,0.673,1,0.605,0.371,0.7,0.918,0.491,0.541,0.916,0.855,0.376,0.571,0.95,0.663,0.333,0,0.01,0,0.04,0,0,0.049,0,0.101,0,0,0.013,0.084,0.402,0.642,0.442,0.286,0.562,0.684,0.421,0.332,0.617,0.558,0.262,0.531,0.657,0.482,0.15,0.001,0.021,0.009,0,0,0.032,0,0,0,0.025,0,0,0,0.176,0.28,0.281,0.019,0.2,0.15,0.116,0.057,0.223,0.295,0.094,0.119,0.281,0.185,0.143,0.268,0.254,0.253,0,0.071,0.001,0.032,0,0,0,0,0,0.005,0.037,0.002,0.051,0.029,0.037,0,0.009,0,0,0,0.019,0,0.025,0,0.241,0.573,0.663,0.462,0.078,0.021,0,0,0.042,0.012,0.033,0,0.01,0.016,0,0.041,0.025,0,0,0.092,0.049,0.02,0,0.031,0.13,0,0,0.016,0.31,0.837,0.795,0.541,0.111,0.048,0,0,0.012,0.041,0,0,0.069,0.063,0.065,0.075,0.009,0.031,0.036,0.006,0.019,0,0,0.015,0.012,0.074,0,0,0.282,0.46,0.441,0.265,0,0.007,0.038,0,0.027,0,0,0,0,0.011,0.106,0,0.114,0.015,0.07,0,0.007,0,0.01,0,0.085,0.106,0.06,0,0.14,0.475,0.472,0.275,0,0,0.006,0,0,0,0.037,0,0.009,0,0,0,0.015,0,0.05,0.064,0,0,0,0.013,0,0,0,0.012,0.403,0.722,0.787,0.482,0.137,0.059,0.014,0,0,0,0,0.019,0.062,0,0,0,0,0.006,0,0.005,0.065,0,0.006,0,0.023,0.019,0.029,0,0.375,0.593,0.671,0.422,0.077,0,0,0,0.03,0.008,0,0.011,0,0.005,0.24,0.261,0.124,0,0,0,0.085,0.103,0.019,0.091,0,0,0,0,0.092,0.382,0.499,0.271,0,0.004,0.025,0.021,0.084,0.022,0,0.03,0,0.181,0.399,0.703,0.455,0.182,0,0,0,0,0.037,0,0,0.066,0.043,0,0.325,0.571,0.652,0.445,0,0.027,0,0.096,0.066,0.061,0.028,0.017,0.063,0.242,0.66,0.908,0.592,0.352,0.054,0,0.034,0,0,0.002,0.075,0.009,0.08,0.007,0.4,0.733,0.754,0.543,0.162,0.007,0,0,0.03,0,0.038,0.023,0,0.167,0.463,0.595,0.421,0.181,0.041,0.072,0.032,0.031,0.02,0.072,0.02,0.009,0,0.046,0.28,0.505,0.514,0.474,0.038,0.091,0.095,0.01,0,0,0.058,0.106,0.021,0,0.224,0.279,0.105,0.171,0.375,0.402,0.373,0.25,0.36,0.293,0.195,0.339,0.43,0.283,0.034,0.274,0.255,0.007,0.042,0.052,0,0.003,0,0.118,0,0.006,0,0.06,0,0.023,0,0.34,0.679,0.769,0.563,0.396,0.672,0.782,0.34,0.555,0.797,0.579,0.163,0,0,0.006,0.036,0,0.052,0.013,0.005,0.038,0,0,0,0.023,0,0.048,0,0.46,0.702,0.839,0.491,0.511,0.714,0.709,0.312,0.617,0.839,0.711,0.154,0.008,0,0,0,0.053,0.061,0.068,0.015,0.01,0.03,0,0.028,0,0,0,0.014,0.237,0.485,0.515,0.289,0.185,0.505,0.536,0.2,0.417,0.384,0.379,0.208,0.066,0,0.035,0.042,0,0,0,0.021,0,0,0,0.023,0,0.002,0,0.004,0.066,0.079,0.155,0,0,0.143,0.056,0,0.133,0.205,0.044,0.015,0.027,0,0.041,0,0.029,0.041,0,0,0,0.017,0,0,0,0.045,0,0,0.086,0.099,0.02,0,0,0,0,0,0.035,0.039,0.094,0.043,0,0.072,0.025,0.013,0.044,0,0,0,0,0.006,0.074,0,0.03,0.049,0,0,0.044,0.025,0,0.008,0,0,0.009,0.033,0.034,0.093,0,0,0,0,0,0,0.029,0,0,0,0.024,0.031,0.071,0.007,0.071,0.064,0,0,0,0.111,0.046,0,0,0,0.035,0,0,0.066,0.121,0,0.012,0,0,0.011,0,0.035,0.013,0.036,0,0,0
6,0,0,0.044,0,0.07,0.02,0,0.072,0.089,0.046,0.007,0.285,0.618,0.822,0.685,0.349,0.553,0.88,0.619,0.105,0.023,0,0,0,0.008,0.05,0.005,0,0.03,0,0.022,0.011,0.001,0.001,0,0.067,0.039,0.002,0.01,0.196,0.524,0.755,0.59,0.256,0.59,0.689,0.593,0.151,0,0.059,0.058,0.069,0.03,0.032,0.071,0.072,0.037,0,0,0.042,0.041,0,0,0,0.097,0.219,0.192,0,0.343,0.357,0.261,0.157,0.312,0.498,0.173,0,0,0,0.055,0.081,0,0,0.017,0,0.001,0,0.014,0.022,0.098,0,0,0.026,0.412,0.59,0.59,0.214,0,0,0.073,0.034,0,0.007,0,0.031,0.002,0.027,0.031,0,0.046,0.076,0,0.027,0.047,0.025,0.088,0,0,0,0.022,0.057,0.474,0.884,0.671,0.344,0,0,0,0.054,0,0.048,0,0.119,0.037,0,0,0.053,0.112,0.067,0.086,0,0,0.056,0.051,0,0,0.084,0,0.083,0.378,0.681,0.621,0.276,0,0,0,0.081,0,0,0.001,0,0,0,0,0,0,0,0,0,0,0,0.024,0,0.087,0.331,0.243,0.138,0.133,0.274,0.255,0.065,0.042,0.077,0,0,0.036,0,0,0,0,0,0.023,0,0.04,0,0.013,0,0.066,0.02,0.037,0.024,0.296,0.56,0.595,0.586,0.122,0.012,0.035,0.01,0,0.001,0.086,0,0,0.013,0.074,0,0,0,0,0.057,0,0.019,0,0.032,0,0.064,0.036,0.037,0.363,0.742,0.809,0.496,0.139,0.01,0.028,0.127,0,0,0.019,0,0,0.083,0.039,0.031,0.089,0.054,0.06,0,0.077,0.048,0.035,0.018,0,0.003,0.014,0,0.264,0.604,0.551,0.264,0.071,0,0.057,0.084,0,0.026,0,0.011,0.077,0.054,0,0.005,0,0,0.039,0,0,0,0,0,0.025,0.072,0,0.035,0.282,0.417,0.482,0.181,0.244,0.439,0.345,0.199,0.272,0.403,0.334,0.214,0.337,0.401,0.273,0,0.015,0,0,0,0,0,0.01,0.012,0.032,0.001,0,0,0.252,0.68,0.805,0.455,0.563,0.761,0.699,0.352,0.55,0.782,0.575,0.298,0.684,0.825,0.531,0.114,0.003,0,0,0,0.074,0.012,0,0.076,0,0.015,0,0,0.381,0.606,0.763,0.478,0.497,0.785,0.66,0.347,0.549,0.789,0.562,0.312,0.789,0.808,0.46,0.104,0,0,0,0.065,0,0.003,0.043,0.072,0.05,0,0,0,0.204,0.386,0.461,0.199,0.285,0.327,0.303,0.093,0.308,0.479,0.29,0.12,0.459,0.456,0.403,0,0.103,0.142,0.002,0.009,0,0,0,0.002,0.018,0.083,0.057,0,0.227,0.581,0.505,0.363,0.097,0.051,0.062,0,0,0.023,0.006,0.043,0.041,0.103,0.013,0.264,0.512,0.49,0.238,0.018,0,0,0,0.003,0.089,0,0,0,0.428,0.735,0.829,0.557,0.061,0,0.02,0,0.054,0,0,0,0.014,0.021,0.054,0.441,0.868,0.778,0.439,0.106,0,0.01,0,0,0.025,0.013,0,0.001,0.342,0.705,0.697,0.414,0.008,0,0.021,0,0.024,0,0,0.006,0,0,0.069,0.409,0.672,0.709,0.284,0,0,0.055,0,0,0.045,0.005,0.072,0.029,0.12,0.253,0.319,0.158,0,0.038,0.003,0,0,0.016,0,0,0.016,0.07,0.054,0.165,0.335,0.313,0.164,0.027,0,0,0.027,0.056,0,0.114,0,0,0.244,0.605,0.631,0.349,0.037,0.01,0.024,0,0,0.029,0.035,0.035,0.02,0,0.067,0.336,0.682,0.611,0.343,0.004,0,0,0.065,0,0.002,0.004,0,0.067,0.447,0.823,0.83,0.555,0.152,0,0,0.004,0,0.025,0,0,0.022,0,0.002,0.461,0.795,0.874,0.423,0.08,0.004,0,0.001,0.008,0.003,0,0,0,0.229,0.569,0.552,0.375,0,0.075,0.058,0.013,0,0.001,0.187,0,0,0,0,0.257,0.523,0.6,0.368,0,0.044,0.037,0,0.016,0.035,0.058,0.05,0,0.012,0.244,0.256,0.117,0.222,0.286,0.367,0.186,0.246,0.503,0.317,0.108,0.331,0.414,0.249,0.022,0.247,0.144,0.116,0,0,0,0,0,0,0,0,0.048,0,0.034,0.112,0.119,0.519,0.702,0.613,0.293,0.571,0.768,0.685,0.346,0.619,0.691,0.459,0.085,0.009,0,0.043,0.022,0,0,0.075,0,0.064,0.001,0.017,0,0,0,0.046,0.211,0.546,0.771,0.682,0.365,0.617,0.856,0.676,0.339,0.68,0.819,0.547,0.117,0.023,0.029,0.042,0.019,0.087,0,0,0.111,0.068,0,0.002,0.101,0,0.097,0,0.012,0.291,0.429,0.296,0.255,0.411,0.427,0.409,0.202,0.503,0.437,0.447,0.024,0.045,0.038,0,0,0,0.042,0,0,0,0,0,0.027,0,0.043,0,0.026,0,0.16,0.113,0.105,0.018,0.156,0.127,0,0.113,0.121,0,0.015,0,0,0,0.047,0.021,0,0,0,0.027,0,0.05,0.04,0,0.019,0.01,0,0,0,0.075,0.008,0.094,0,0.007,0.016,0,0,0,0,0.014,0.052,0.003,0.016,0,0,0.041,0,0.047,0,0.036,0,0.035,0.011,0.094,0.076,0,0.106,0.024,0,0,0,0,0,0.064,0,0,0,0.035,0,0,0.003,0.08,0.072,0,0
7,0,0.264,0.613,0.917,0.62,0.358,0.752,0.855,0.49,0.423,0.891,0.774,0.409,0.668,0.872,0.7,0.275,0.765,0.958,0.52,0.153,0.059,0,0,0.012,0.044,0.09,0,0,0.202,0.429,0.557,0.378,0.339,0.446,0.534,0.264,0.344,0.477,0.436,0.281,0.379,0.561,0.507,0.203,0.477,0.549,0.342,0.04,0,0,0.05,0.003,0,0.003,0,0,0.018,0.073,0.118,0.021,0,0.211,0.153,0,0,0.201,0.075,0.024,0.013,0.252,0.079,0.112,0.347,0.449,0.22,0.037,0,0.113,0,0.04,0.023,0.013,0,0,0,0,0.038,0.021,0,0,0.052,0.001,0.03,0,0.037,0,0,0.028,0.013,0.308,0.619,0.783,0.586,0.076,0.043,0,0.02,0.046,0.037,0,0.058,0.008,0,0.055,0.003,0.004,0.009,0.054,0.021,0.006,0.01,0.014,0,0.011,0.007,0,0,0.26,0.659,0.771,0.516,0.101,0.057,0,0.099,0.029,0,0.014,0.015,0,0.003,0,0.005,0,0,0,0,0,0.035,0.021,0.015,0.056,0.034,0.169,0.066,0.13,0.276,0.403,0.286,0.003,0,0.052,0,0,0.048,0.006,0,0.057,0.056,0.01,0,0,0.12,0,0,0.015,0,0.027,0,0.203,0.435,0.528,0.463,0.207,0.005,0.007,0.021,0.048,0.055,0.019,0,0,0,0,0,0.001,0.016,0,0,0.011,0,0.07,0,0.029,0,0.034,0.032,0.284,0.64,0.886,0.693,0.244,0,0,0.019,0,0.022,0,0,0,0.013,0.039,0.006,0,0,0.092,0.024,0.043,0.008,0.037,0,0.067,0,0,0.03,0.216,0.493,0.719,0.59,0.149,0.028,0,0.05,0,0,0.008,0.023,0.051,0.03,0.032,0.111,0.038,0.049,0,0,0.022,0.024,0.08,0.013,0,0.091,0.287,0.285,0.118,0.21,0.34,0.173,0,0.047,0,0,0,0,0.033,0,0,0.008,0,0,0.032,0.048,0,0,0,0.085,0,0,0.043,0.483,0.614,0.616,0.223,0,0.082,0.059,0.028,0,0.023,0,0,0.108,0,0,0,0,0.064,0.04,0,0,0,0.058,0,0,0,0,0.092,0.43,0.828,0.73,0.287,0,0,0.005,0,0.034,0.013,0,0,0.025,0,0.043,0.053,0,0.015,0,0,0,0.013,0.033,0,0.008,0,0.004,0.056,0.277,0.571,0.555,0.266,0,0,0.024,0,0,0.029,0,0,0,0,0.007,0,0,0.073,0,0.106,0.044,0,0,0.06,0.226,0.322,0.396,0.176,0,0.172,0.212,0.016,0.104,0,0.066,0,0,0,0.032,0,0.006,0.044,0,0.023,0,0,0.079,0,0.035,0,0.033,0,0.358,0.612,0.752,0.396,0.191,0,0.047,0,0.032,0,0.013,0,0,0,0.027,0.002,0,0.058,0.067,0.035,0,0,0.053,0,0.014,0.025,0,0.112,0.335,0.788,0.764,0.461,0.094,0.001,0.051,0.065,0.037,0.025,0,0,0,0,0.034,0,0.018,0.023,0.089,0.05,0,0.008,0,0,0,0,0.01,0.074,0.245,0.436,0.503,0.29,0.006,0,0,0.01,0,0,0.058,0,0.073,0,0.086,0.164,0.012,0,0,0,0,0.019,0,0,0.011,0,0,0,0.181,0.479,0.462,0.212,0,0.048,0.059,0,0.063,0,0.049,0,0.03,0,0.007,0,0.018,0.031,0.031,0,0,0,0,0.037,0,0,0.034,0,0.385,0.759,0.734,0.499,0.123,0.077,0,0,0,0.022,0,0,0.021,0,0,0.093,0.007,0,0,0.012,0,0,0,0,0,0.021,0.011,0.029,0.333,0.631,0.707,0.458,0.106,0.026,0.004,0,0,0,0.09,0.012,0,0.019,0,0,0.001,0.053,0,0.021,0,0.05,0,0,0,0,0.01,0.022,0.153,0.266,0.262,0.23,0.034,0,0.017,0.069,0.002,0,0.031,0.008,0,0.104,0.042,0.004,0,0,0.024,0.004,0,0.059,0.007,0.076,0.01,0.054,0,0,0.322,0.553,0.572,0.377,0,0,0,0,0,0,0.024,0.035,0.038,0,0,0.037,0,0.042,0,0.031,0.013,0.008,0,0.033,0.045,0.033,0,0.038,0.396,0.683,0.886,0.462,0.104,0.002,0,0,0.094,0.07,0,0.012,0.004,0.024,0,0.038,0,0,0,0,0.076,0.072,0,0,0,0,0.002,0,0.396,0.657,0.599,0.362,0,0.011,0,0.034,0,0.049,0,0.012,0,0,0,0.058,0.018,0.088,0,0.059,0.035,0,0.081,0,0,0.034,0.043,0.039,0.065,0.274,0.223,0.172,0,0.008,0,0.031,0,0,0,0.068,0,0.06,0,0,0.028,0.035,0,0,0,0,0,0,0.004,0.011,0,0.051,0,0,0,0,0.005,0,0,0.025,0,0,0.023,0.076,0,0,0,0.034,0.002,0,0,0,0,0.043,0.038,0.021,0,0,0.096,0.054,0.035,0,0,0,0,0,0,0.044,0.041,0,0,0.055,0,0,0.005,0,0,0.021,0.041,0.003,0,0,0,0,0.029,0,0.078,0.026,0,0.045,0.059,0.088,0,0.046,0.03,0.034,0.015,0,0,0.02,0,0.06,0.014,0,0.007,0.035,0,0,0.043,0.031,0
8,0.044,0.027,0.012,0,0,0,0.013,0.164,0.648,0.921,0.606,0.236,0.667,0.906,0.452,0.488,0.777,0.84,0.453,0.045,0.058,0.079,0.031,0.087,0.03,0.012,0,0,0.025,0,0,0,0.038,0.167,0.105,0.053,0.356,0.518,0.433,0.116,0.355,0.464,0.294,0.248,0.43,0.406,0.24,0.079,0.048,0.077,0.002,0,0,0.01,0.086,0,0.046,0.001,0.035,0.043,0.343,0.517,0.466,0.265,0,0.186,0.099,0.032,0.043,0.086,0.046,0.01,0.08,0.162,0.086,0.389,0.506,0.506,0.258,0,0.023,0,0,0,0.011,0,0,0.06,0.425,0.843,0.701,0.412,0.095,0,0,0,0,0,0.053,0.042,0.003,0,0.132,0.478,0.871,0.628,0.348,0.003,0.006,0.037,0,0,0.031,0,0.074,0.092,0.459,0.748,0.616,0.36,0.055,0.022,0,0.1,0.072,0,0.014,0.02,0.012,0,0.174,0.482,0.763,0.694,0.344,0.083,0,0,0.03,0.041,0,0,0.033,0,0.179,0.383,0.343,0.22,0,0.011,0,0.031,0,0.035,0,0,0,0,0.045,0.195,0.375,0.216,0.079,0,0,0,0.02,0,0.02,0.054,0,0.008,0.284,0.662,0.515,0.315,0,0,0.014,0.057,0,0,0,0.053,0,0,0.06,0.408,0.652,0.541,0.303,0.064,0,0.061,0.052,0,0,0.048,0.015,0.041,0.446,0.926,0.8,0.417,0.076,0,0,0.014,0.009,0,0,0.039,0,0.004,0.174,0.528,0.923,0.699,0.306,0.014,0,0,0,0,0.083,0,0.001,0.038,0.257,0.513,0.456,0.305,0,0,0.012,0.022,0.003,0,0.003,0,0,0.003,0.216,0.345,0.584,0.46,0.214,0,0.047,0,0,0.029,0.011,0,0.035,0.022,0.05,0.235,0.112,0.076,0.228,0.383,0.284,0.041,0.225,0.481,0.247,0.144,0.311,0.347,0.199,0.198,0.313,0.191,0,0,0,0.04,0,0,0,0.006,0.055,0,0.048,0,0,0.142,0.563,0.713,0.525,0.231,0.62,0.674,0.49,0.389,0.691,0.677,0.394,0.048,0.022,0,0,0,0.01,0,0,0.012,0,0,0.015,0,0,0,0,0.12,0.594,0.97,0.596,0.301,0.693,0.942,0.583,0.525,0.817,0.887,0.355,0.077,0,0.098,0.042,0.039,0.009,0,0,0,0,0,0.02,0,0,0.081,0.188,0.034,0.266,0.549,0.364,0.174,0.381,0.547,0.385,0.219,0.46,0.503,0.217,0.037,0.135,0.039,0,0,0.05,0.025,0,0.117,0.078,0.012,0.047,0.044,0.321,0.425,0.474,0.229,0.107,0.155,0.045,0.058,0.05,0.084,0,0.119,0.215,0.096,0,0.322,0.384,0.422,0.261,0,0.053,0,0.034,0,0,0,0,0.076,0.528,0.783,0.822,0.498,0.073,0,0,0,0,0.006,0,0,0.052,0,0.117,0.452,0.775,0.665,0.243,0,0.033,0,0.007,0,0.002,0.112,0,0.132,0.391,0.778,0.811,0.427,0.011,0,0,0.014,0,0.038,0.043,0.039,0,0,0.211,0.598,0.771,0.675,0.37,0,0,0,0,0.018,0,0.017,0,0.046,0.16,0.398,0.365,0.227,0,0,0.035,0,0,0.035,0.087,0.051,0,0.144,0.052,0.212,0.456,0.311,0.102,0,0.039,0,0.011,0,0,0.007,0,0,0.286,0.63,0.644,0.336,0,0.018,0.041,0,0.001,0.049,0,0,0.018,0,0.114,0.351,0.572,0.444,0.138,0,0,0.078,0,0.063,0.017,0,0,0.094,0.493,0.848,0.764,0.383,0.037,0,0,0,0,0.001,0.06,0,0.085,0.029,0.212,0.548,0.937,0.659,0.296,0,0.006,0,0,0.052,0.047,0,0.002,0.087,0.379,0.61,0.608,0.296,0.041,0.052,0,0,0,0.02,0.008,0.015,0.016,0.014,0.155,0.47,0.587,0.561,0.207,0,0,0.01,0,0.008,0,0.027,0.003,0,0.145,0.204,0.274,0.08,0.251,0.402,0.142,0,0.216,0.405,0.28,0.061,0.291,0.375,0.082,0.251,0.23,0.199,0.044,0.018,0,0,0,0,0.03,0.02,0,0,0,0,0.05,0.078,0.492,0.714,0.645,0.091,0.591,0.686,0.437,0.367,0.578,0.622,0.391,0.064,0.033,0.037,0,0,0.025,0.067,0,0.029,0,0,0.031,0,0.047,0,0,0.142,0.54,1,0.664,0.368,0.618,0.91,0.5,0.448,0.876,0.838,0.528,0.099,0.003,0.037,0,0,0,0.001,0,0.007,0.03,0.073,0,0.06,0.03,0.091,0.026,0.077,0.323,0.545,0.459,0.166,0.44,0.601,0.361,0.277,0.4,0.49,0.294,0,0.001,0,0.06,0,0.011,0,0,0.045,0.019,0.071,0,0,0.084,0.044,0,0.052,0.061,0.236,0.194,0.025,0.099,0.188,0.085,0.024,0.14,0.104,0,0,0,0,0.019,0,0.081,0,0,0,0,0,0.054,0.053,0.037,0.105,0.051,0.068,0.036,0,0.024,0,0.002,0,0.032,0,0,0,0.014,0,0.063,0,0,0,0,0,0,0.021,0.013,0,0,0.117,0.038,0,0,0,0,0.038,0.032,0,0,0.046,0.065,0,0,0,0,0,0.11,0.015,0,0.049,0,0,0.019,0,0,0.012,0,0,0,0.018,0.015,0.026,0,0,0,0.07,0,0.036,0.017,0,0,0.002,0.026,0,0,0.034,0,0,0,0,0.05,0.058
9,0,0,0.017,0.021,0,0,0.202,0.424,0.584,0.35,0.322,0.492,0.487,0.287,0.521,0.527,0.412,0.12,0.065,0,0.071,0.035,0.059,0,0,0,0,0.054,0,0,0,0.012,0,0,0.244,0.648,0.917,0.553,0.47,0.848,0.844,0.46,0.657,0.954,0.621,0.235,0.021,0.008,0.033,0,0.021,0.048,0,0,0,0,0,0,0,0.013,0.035,0,0.317,0.59,0.627,0.335,0.378,0.66,0.523,0.323,0.467,0.649,0.481,0.247,0,0,0,0,0.042,0.061,0,0,0,0,0,0,0.031,0.269,0.361,0.331,0,0.312,0.195,0.273,0.095,0.253,0.236,0.111,0.2,0.273,0.344,0.174,0.393,0.298,0.138,0,0,0,0,0,0,0,0,0,0.145,0.542,0.7,0.507,0.245,0,0,0.008,0.06,0.016,0,0.049,0,0.032,0.063,0.376,0.734,0.592,0.495,0.1,0.002,0.044,0.023,0,0.041,0.05,0.022,0,0.178,0.56,0.921,0.648,0.266,0.059,0.095,0,0.094,0,0,0,0.028,0,0.017,0.408,0.78,0.757,0.444,0.076,0,0,0,0.061,0,0,0,0,0.057,0.32,0.599,0.414,0.136,0,0,0.058,0,0.036,0.072,0,0.106,0,0,0.248,0.507,0.474,0.274,0.023,0.032,0,0,0,0,0.07,0,0,0.085,0.432,0.384,0.405,0.214,0.062,0,0,0.038,0,0.061,0,0.043,0.008,0,0.249,0.476,0.484,0.318,0.064,0,0.086,0,0.126,0,0.055,0.027,0,0.182,0.454,0.822,0.624,0.301,0,0,0.021,0,0.045,0,0.044,0.02,0.002,0.121,0.448,0.872,0.758,0.455,0.014,0.013,0.02,0.003,0.003,0.083,0,0,0,0.114,0.47,0.776,0.596,0.302,0.033,0,0.076,0.002,0,0,0,0.013,0.054,0,0.318,0.64,0.644,0.312,0,0.009,0.027,0,0,0,0.157,0.072,0,0,0.258,0.368,0.292,0.031,0.227,0.294,0.18,0.144,0.28,0.237,0.043,0.218,0.363,0.231,0.075,0.286,0.395,0.205,0.017,0.103,0,0.06,0,0,0,0,0,0,0,0.012,0.047,0.226,0.542,0.54,0.429,0.326,0.673,0.513,0.295,0.557,0.691,0.473,0.356,0.675,0.622,0.425,0,0.043,0.008,0.027,0,0.037,0.024,0.062,0.048,0.03,0.052,0,0,0.307,0.699,0.973,0.542,0.405,0.911,0.786,0.361,0.645,0.956,0.603,0.425,0.738,0.883,0.443,0.125,0,0.01,0.09,0,0,0.001,0,0.018,0.054,0.025,0.037,0,0.203,0.431,0.564,0.4,0.352,0.626,0.452,0.223,0.363,0.605,0.424,0.388,0.545,0.523,0.352,0,0,0,0,0,0,0.024,0.058,0,0.026,0,0,0,0.036,0.248,0.211,0.07,0.073,0.194,0.107,0.041,0.121,0.21,0.122,0.213,0.471,0.453,0.162,0,0.034,0.075,0,0,0,0.017,0,0,0,0.063,0.035,0,0,0.019,0,0.048,0,0.05,0,0,0.044,0.101,0.064,0.435,0.72,0.763,0.404,0.015,0,0,0,0,0.038,0.002,0.065,0,0,0,0.043,0.047,0,0.096,0.082,0.025,0.037,0,0.073,0,0,0,0.083,0.432,0.643,0.775,0.487,0.071,0,0,0.009,0,0,0.066,0.079,0,0,0,0,0.037,0.022,0,0.024,0.024,0,0,0.003,0,0.159,0.249,0.179,0.179,0.396,0.334,0.159,0,0,0,0.09,0,0.033,0.018,0.002,0,0.047,0.036,0,0.024,0.063,0,0,0,0,0,0.08,0.209,0.507,0.564,0.512,0.04,0,0.002,0.079,0.053,0,0,0,0.034,0,0,0.025,0.109,0,0.003,0.057,0,0,0,0,0.009,0,0.054,0,0.309,0.681,0.969,0.507,0.204,0.011,0,0,0,0,0,0.023,0.047,0.016,0.075,0,0,0.004,0.044,0,0,0.03,0.094,0.049,0.019,0,0.082,0,0.235,0.533,0.647,0.496,0.134,0.009,0,0,0.148,0.009,0.039,0.012,0,0,0.094,0.01,0,0.03,0,0.026,0.008,0.054,0.235,0.448,0.202,0.086,0.47,0.349,0.147,0.171,0.269,0.171,0.067,0,0,0,0.004,0.069,0,0.021,0,0.003,0.019,0.073,0.036,0,0,0,0,0.363,0.607,0.696,0.398,0.505,0.675,0.62,0.244,0.028,0.038,0.02,0,0,0.016,0,0.03,0,0.084,0,0.064,0,0.021,0.001,0.008,0,0.053,0,0,0.396,0.748,0.772,0.485,0.526,0.755,0.673,0.319,0,0,0,0.015,0.051,0.01,0,0,0,0.001,0,0,0,0.037,0.064,0.045,0.032,0,0.018,0,0.249,0.481,0.527,0.3,0.25,0.503,0.511,0.163,0,0.046,0,0.063,0.032,0.095,0.027,0.041,0,0,0.035,0.041,0.01,0,0,0.14,0.012,0,0.06,0,0,0.096,0.127,0.007,0,0.099,0.11,0,0,0,0,0,0,0.009,0,0,0,0.005,0.017,0.017,0,0.109,0,0.042,0,0.155,0,0.109,0,0,0.003,0.049,0.031,0.063,0.049,0.011,0,0,0,0.044,0,0.036,0.025,0,0,0.006,0.058,0,0,0,0.004,0.037,0,0.051,0,0.022,0,0,0.014,0,0,0.032,0,0.024,0.05,0.015,0,0,0,0,0.038,0,0,0,0,0,0.054,0.012
0,0,0,0.112,0.023,0,0,0,0.046,0.311,0.314,0.307,0.186,0.453,0.433,0.19,0.244,0.378,0.39,0.171,0.028,0,0.007,0,0.028,0,0,0,0,0,0,0.002,0.025,0,0,0.022,0.211,0.564,0.836,0.636,0.435,0.648,0.837,0.437,0.474,0.824,0.718,0.358,0,0,0.099,0,0.074,0,0.018,0.017,0.078,0,0.042,0.045,0.008,0.02,0.093,0.011,0.215,0.59,0.811,0.589,0.399,0.646,0.802,0.504,0.553,0.754,0.704,0.268,0.053,0.006,0.009,0,0.004,0,0,0.029,0,0,0.029,0,0,0.057,0.126,0.147,0.049,0.337,0.44,0.385,0.258,0.466,0.483,0.297,0.28,0.5,0.424,0.14,0.19,0.155,0.036,0,0.008,0.056,0,0,0,0,0.026,0,0,0.319,0.52,0.463,0.237,0,0.078,0.034,0.013,0.063,0.084,0.037,0,0.223,0.11,0.14,0.357,0.595,0.443,0.137,0.099,0,0.033,0.006,0,0.004,0.026,0,0.093,0.436,0.789,0.862,0.438,0.067,0,0,0,0,0,0,0.038,0,0.069,0.242,0.554,0.907,0.668,0.149,0,0,0,0,0,0.027,0,0,0.108,0.327,0.686,0.666,0.303,0,0.013,0.012,0.053,0,0,0,0.039,0,0.078,0.185,0.605,0.68,0.522,0.255,0.036,0.008,0,0,0,0.003,0,0,0.006,0.079,0.231,0.29,0.079,0,0,0,0.01,0,0.014,0.078,0.173,0.358,0.322,0.142,0.252,0.32,0.248,0.012,0.033,0.122,0,0,0.023,0,0.009,0.052,0.158,0.482,0.609,0.587,0.297,0.019,0,0.011,0,0.029,0.024,0.007,0.388,0.68,0.606,0.316,0.511,0.634,0.549,0.132,0.013,0,0,0.006,0,0.086,0,0,0.095,0.452,0.801,0.642,0.384,0.039,0,0,0,0.03,0,0.146,0.542,0.844,0.812,0.317,0.635,0.905,0.621,0.279,0.087,0.01,0,0.022,0,0.035,0.038,0.067,0,0.305,0.489,0.556,0.229,0.031,0,0.04,0.06,0.002,0.059,0.031,0.328,0.537,0.454,0.276,0.411,0.602,0.34,0.207,0,0,0,0.042,0.026,0,0.069,0.038,0.013,0.157,0.485,0.418,0.192,0.043,0,0,0.197,0.328,0.411,0.304,0.113,0.172,0.215,0.002,0.357,0.403,0.369,0.002,0.008,0.007,0,0,0.005,0.039,0.072,0,0.127,0.425,0.851,0.672,0.424,0.096,0.04,0.086,0.374,0.613,0.84,0.489,0.175,0.044,0,0.22,0.609,0.714,0.573,0.259,0,0.007,0,0.016,0.06,0.061,0.02,0.036,0.174,0.424,0.78,0.659,0.367,0.112,0,0.102,0.421,0.632,0.832,0.542,0.136,0,0,0.244,0.605,0.777,0.543,0.277,0.003,0.008,0.008,0,0.046,0,0,0.036,0.005,0.345,0.36,0.415,0.108,0.114,0.197,0.055,0.237,0.353,0.426,0.333,0.035,0,0,0.048,0.281,0.333,0.363,0,0.009,0,0,0,0,0,0,0,0,0.412,0.569,0.528,0.23,0.441,0.542,0.531,0.141,0,0.078,0,0,0,0,0.196,0.356,0.568,0.549,0.21,0,0.116,0.064,0.104,0,0,0.009,0,0.165,0.558,0.864,0.73,0.388,0.585,0.878,0.666,0.354,0.001,0,0,0,0.01,0,0.291,0.546,0.88,0.692,0.219,0,0.013,0,0,0,0,0.05,0.031,0.057,0.415,0.732,0.555,0.281,0.534,0.689,0.478,0.186,0.03,0,0,0,0.092,0,0.201,0.498,0.688,0.513,0.191,0,0,0.11,0,0.024,0,0.014,0,0,0.202,0.342,0.278,0.071,0.19,0.339,0.2,0,0,0,0,0,0.016,0.001,0.077,0.281,0.249,0.257,0.006,0,0,0.014,0.089,0.018,0.007,0.084,0.009,0.051,0.396,0.687,0.708,0.289,0.064,0.021,0.058,0.086,0,0,0,0.006,0,0.009,0.131,0.582,0.679,0.475,0.257,0,0,0,0,0,0,0.024,0,0.109,0.528,0.922,0.79,0.458,0.12,0.081,0,0,0,0,0,0,0,0,0.244,0.603,0.981,0.559,0.223,0,0.001,0,0.009,0,0,0.051,0,0,0.331,0.624,0.454,0.256,0.031,0.097,0.037,0,0.083,0.163,0.031,0,0.073,0.024,0.098,0.345,0.581,0.441,0.129,0,0.088,0.063,0.037,0,0.052,0,0,0,0,0.184,0.13,0.085,0.407,0.547,0.46,0.183,0.429,0.448,0.181,0.192,0.464,0.425,0.161,0.063,0.185,0.075,0.107,0,0,0.016,0,0,0,0.025,0.038,0.056,0.084,0.015,0.066,0.142,0.568,0.724,0.542,0.427,0.695,0.721,0.396,0.566,0.765,0.721,0.374,0.029,0.011,0,0.05,0.006,0.05,0.055,0,0,0.015,0.024,0,0.051,0.102,0,0.034,0.22,0.522,0.75,0.609,0.3,0.667,0.758,0.432,0.406,0.755,0.668,0.289,0.101,0,0.002,0,0,0,0,0.066,0.06,0,0,0.011,0.055,0,0.008,0,0.073,0.323,0.498,0.288,0.134,0.347,0.387,0.208,0.239,0.375,0.451,0.15,0.019,0.053,0.061,0.012,0.116,0,0,0.027,0,0.09,0,0.073,0.029,0,0,0,0,0.052,0.1,0.05,0,0.079,0.122,0,0.059,0,0.047,0,0.098,0,0,0,0,0,0,0.002,0,0.059,0.007,0.036,0,0,0.023,0,0.069,0,0,0.023,0,0,0,0.08,0.083,0,0.025,0.01,0,0,0,0.044,0.056,0,0.045,0.041,0
1,0,0,0,0,0.066,0,0.034,0,0.037,0,0.205,0.58,0.88,0.704,0.219,0.016,0,0.005,0,0,0.041,0,0.004,0.121,0,0.048,0.032,0,0,0.017,0,0,0,0,0,0.007,0.038,0,0.082,0.356,0.595,0.549,0.227,0.03,0,0,0,0,0.012,0.043,0.007,0,0.008,0,0,0,0.03,0,0,0.025,0.075,0,0,0.221,0.31,0.339,0.148,0.14,0.33,0.326,0.013,0,0,0,0.056,0.007,0,0.04,0,0,0.002,0,0.043,0.007,0.038,0,0.103,0.002,0.027,0,0.101,0.358,0.661,0.662,0.304,0.41,0.74,0.632,0.264,0,0.035,0.085,0,0,0,0,0,0,0,0,0,0,0,0.002,0.065,0.061,0.008,0.042,0.099,0.451,0.894,0.769,0.372,0.542,0.956,0.739,0.257,0.017,0,0,0.021,0,0,0.056,0,0.01,0,0.051,0,0.028,0,0.062,0.111,0,0,0,0.008,0.346,0.534,0.533,0.109,0.419,0.57,0.375,0.192,0,0.066,0,0.004,0,0.017,0,0,0.085,0,0,0,0,0.086,0,0,0.082,0,0.044,0.054,0,0.159,0.077,0.031,0.221,0.395,0.335,0.076,0,0,0,0,0.049,0,0,0.062,0,0.026,0.043,0.058,0.009,0,0,0.08,0,0,0,0,0.02,0.021,0,0.177,0.582,0.812,0.611,0.329,0.089,0,0,0,0,0.056,0,0.012,0,0,0,0,0.028,0,0,0,0.005,0,0,0.008,0.007,0,0,0.121,0.572,0.811,0.679,0.258,0,0.005,0,0,0,0,0,0,0,0,0.046,0.097,0.012,0,0.026,0,0.014,0,0,0,0,0.08,0,0,0.298,0.447,0.369,0.206,0,0.026,0.091,0,0.016,0,0,0.021,0.008,0.038,0.008,0.053,0,0,0,0,0,0.045,0,0,0.034,0.05,0.026,0.02,0.312,0.465,0.43,0.077,0.059,0.066,0.063,0,0.012,0.02,0,0.015,0,0,0.036,0.015,0.033,0.022,0.1,0.079,0,0,0,0.008,0.015,0.007,0,0.169,0.612,0.886,0.492,0.295,0.024,0.015,0,0.067,0,0.028,0,0.103,0.056,0,0,0,0,0.132,0.002,0.018,0.081,0.007,0.023,0,0,0.096,0,0.104,0.532,0.799,0.609,0.235,0.027,0.076,0,0,0.042,0,0.074,0.034,0.018,0.006,0.052,0.022,0,0,0.031,0,0,0,0,0,0.004,0.048,0.027,0,0.219,0.44,0.394,0.082,0.035,0.045,0.033,0.074,0.048,0,0,0.039,0.029,0,0,0.076,0.036,0,0.034,0.026,0,0,0,0,0.03,0.063,0,0.207,0.402,0.65,0.555,0.175,0.079,0,0.061,0,0,0.01,0,0.044,0,0,0.044,0.004,0.01,0,0,0,0,0.001,0.04,0,0.024,0,0,0.198,0.548,0.894,0.722,0.333,0,0.053,0,0,0,0.055,0,0.042,0.012,0,0.022,0.14,0.014,0.022,0,0.005,0,0.064,0.011,0.056,0,0,0.053,0.158,0.429,0.688,0.511,0.276,0.037,0.09,0,0.038,0.041,0,0.002,0,0.03,0.078,0.026,0,0,0,0,0.01,0.043,0.065,0.034,0,0.03,0.05,0,0,0.183,0.315,0.188,0.067,0.049,0.055,0,0,0.075,0.036,0,0,0.031,0,0.032,0,0.022,0,0,0.01,0.012,0.009,0.067,0,0.019,0.023,0.055,0.169,0.469,0.622,0.516,0.249,0.01,0,0.09,0.102,0.043,0,0,0.147,0,0.047,0,0.067,0,0,0.043,0,0.004,0,0.021,0.077,0,0.021,0,0.141,0.499,0.825,0.599,0.458,0,0.082,0.018,0,0.014,0.029,0,0.09,0.056,0,0.008,0,0.03,0,0.051,0.089,0,0.011,0,0.008,0,0.018,0.01,0.066,0.459,0.651,0.499,0.258,0.021,0.073,0,0.027,0.056,0.085,0.013,0,0.078,0,0.007,0,0,0,0.061,0.011,0.036,0,0,0,0.186,0.419,0.399,0.082,0.293,0.461,0.322,0.046,0.212,0.326,0.263,0,0,0.004,0,0,0.07,0,0,0.017,0.093,0.015,0.055,0,0,0,0.027,0.23,0.398,0.62,0.704,0.35,0.472,0.711,0.611,0.346,0.547,0.79,0.564,0.176,0,0.003,0,0.071,0.001,0,0.052,0,0,0.043,0.048,0.054,0.112,0.113,0,0.166,0.582,0.819,0.763,0.422,0.527,0.858,0.6,0.333,0.572,0.893,0.545,0.188,0.023,0.006,0,0.027,0,0.008,0,0.009,0,0.048,0,0.058,0.007,0.066,0.07,0,0.281,0.481,0.428,0.223,0.281,0.567,0.389,0.23,0.435,0.394,0.435,0.054,0,0.054,0,0.055,0,0.001,0.009,0,0,0.02,0,0,0.038,0,0.036,0.046,0.076,0.08,0.196,0.039,0,0.144,0.119,0,0.055,0.157,0.091,0.02,0,0,0,0.093,0.112,0.017,0.063,0,0,0,0,0.083,0,0.075,0.026,0.087,0.044,0,0,0,0.004,0,0.051,0,0,0.027,0.04,0.054,0.043,0,0.024,0.131,0,0,0.004,0,0.086,0,0.063,0.004,0.055,0,0,0.006,0,0.078,0,0,0,0.016,0,0,0,0,0,0.005,0,0,0.009,0,0.034,0,0,0.035,0
2,0.033,0.037,0.017,0,0.011,0.192,0.424,0.699,0.68,0.271,0.649,0.75,0.451,0.428,0.667,0.606,0.359,0.001,0,0,0.019,0.062,0,0,0.006,0.028,0,0,0.014,0,0,0.004,0,0.248,0.473,0.854,0.764,0.339,0.735,0.847,0.575,0.453,0.913,0.767,0.353,0.025,0,0.033,0.037,0,0,0,0,0,0.045,0.004,0,0.114,0.088,0.125,0.059,0.026,0.409,0.549,0.475,0.165,0.448,0.52,0.3,0.353,0.536,0.435,0.219,0.05,0.124,0.074,0,0,0,0.028,0.056,0,0,0.073,0,0,0.289,0.477,0.489,0.286,0.147,0.172,0.08,0.071,0.186,0.214,0.103,0.087,0.228,0.104,0.146,0.34,0.487,0.479,0.119,0,0,0.04,0.072,0,0,0,0,0,0.441,0.732,0.839,0.534,0.015,0,0.016,0,0.077,0,0.084,0,0,0,0.272,0.645,0.879,0.526,0.206,0.002,0.067,0.001,0.054,0.019,0,0,0.012,0.023,0.297,0.608,0.779,0.444,0.106,0,0.068,0,0,0.036,0.002,0,0,0,0.282,0.606,0.716,0.581,0.135,0,0.021,0.052,0.05,0,0,0.028,0.003,0.086,0.088,0.341,0.302,0.158,0,0,0.083,0,0,0.017,0.006,0.009,0.001,0.016,0.056,0.272,0.423,0.302,0.028,0.023,0.02,0.049,0,0,0.017,0,0.058,0.005,0,0,0,0.053,0.027,0.019,0.018,0.047,0.007,0,0,0.052,0,0.061,0.204,0.501,0.674,0.52,0.187,0,0,0.046,0,0,0.016,0,0.037,0.023,0,0,0,0.023,0,0.003,0,0,0.083,0.079,0,0.077,0.024,0.033,0.35,0.71,0.984,0.525,0.136,0.052,0,0.058,0,0,0.028,0,0.007,0,0,0,0.077,0.027,0.049,0.086,0.028,0.038,0,0.052,0,0,0,0.039,0.227,0.499,0.622,0.455,0.138,0.014,0.033,0.093,0,0,0,0.039,0,0,0,0,0,0,0.07,0,0.069,0,0,0,0.014,0.24,0.449,0.335,0.221,0.172,0.294,0.091,0,0,0,0.001,0.089,0,0.125,0.085,0.02,0.056,0.058,0.151,0,0.072,0.057,0.03,0.057,0.075,0.01,0,0.007,0.456,0.801,0.672,0.293,0,0,0.029,0.071,0.036,0,0,0,0,0,0.043,0.005,0.044,0.007,0.011,0,0.025,0.023,0,0.037,0,0,0.026,0.153,0.446,0.8,0.567,0.341,0,0.004,0,0.005,0.005,0.03,0,0,0.025,0,0.001,0.037,0,0.064,0,0.027,0.062,0,0,0,0.058,0.185,0.18,0.17,0.278,0.501,0.418,0.202,0.015,0,0,0.017,0.061,0.031,0,0.005,0.054,0,0,0.062,0,0,0.063,0.038,0,0.032,0,0,0.283,0.525,0.592,0.447,0.099,0.104,0.003,0.022,0.011,0.003,0,0.006,0.044,0,0.054,0.001,0.041,0,0.006,0.032,0.081,0.049,0.071,0.086,0,0.032,0.011,0.037,0.399,0.693,0.852,0.515,0.193,0.03,0,0,0,0.01,0.104,0,0,0.014,0.01,0,0,0,0.062,0.114,0,0.133,0,0.028,0.032,0.064,0.021,0,0.358,0.595,0.587,0.415,0.085,0,0.006,0,0,0,0.038,0.005,0.044,0.013,0.078,0.036,0.002,0.067,0.06,0,0.014,0.034,0,0,0,0.223,0.353,0.427,0.113,0.243,0.338,0.208,0,0.072,0.019,0.027,0,0.004,0,0,0,0.05,0.048,0.011,0.032,0.111,0.032,0.053,0,0.002,0.127,0.011,0.132,0.425,0.738,0.563,0.402,0,0.027,0,0,0,0.084,0,0.051,0,0,0,0,0,0,0,0.024,0.077,0.006,0,0.001,0,0.009,0,0.059,0.514,0.851,0.754,0.328,0,0.089,0.048,0.027,0.009,0,0,0.038,0.007,0,0.04,0,0.016,0.012,0.06,0,0,0,0,0,0,0.164,0.117,0.043,0.315,0.529,0.454,0.11,0.224,0.119,0.064,0,0.22,0.188,0.044,0.165,0.226,0.059,0,0,0.018,0.065,0,0.038,0,0,0.022,0.046,0.302,0.482,0.571,0.279,0.409,0.549,0.363,0.149,0.444,0.516,0.417,0.368,0.525,0.59,0.209,0.499,0.521,0.349,0.105,0,0,0.005,0,0,0,0,0,0,0.318,0.688,0.883,0.517,0.567,0.848,0.699,0.318,0.724,0.971,0.577,0.416,0.912,0.84,0.427,0.713,0.882,0.572,0.265,0,0.095,0.009,0,0.027,0,0,0,0.024,0.348,0.613,0.739,0.486,0.53,0.737,0.618,0.264,0.469,0.565,0.474,0.411,0.766,0.581,0.272,0.538,0.645,0.473,0.172,0,0,0.044,0.018,0,0.026,0.085,0.008,0,0.1,0.336,0.378,0.138,0.215,0.28,0.217,0.013,0.175,0.321,0.179,0.149,0.359,0.338,0.119,0.192,0.319,0.263,0,0,0.049,0,0,0.066,0,0,0,0.104,0.004,0,0,0,0.044,0,0,0,0.043,0,0.025,0,0.039,0.026,0.007,0,0.056,0.106,0.059,0,0,0.048,0.06,0,0.034,0.089,0,0,0,0.123,0,0.052,0,0.01,0.003,0.019,0.012,0,0,0.009,0,0.027,0.043,0,0,0.087,0,0.077,0.037,0,0,0.011,0,0,0,0.042,0.034,0.024,0.107,0,0,0.013,0,0,0,0,0.043,0,0.009,0,0.002,0,0.033,0,0,0.062,0.028,0.012,0.013,0,0.017,0
3,0.038,0.01,0,0.029,0.247,0.647,0.675,0.437,0.452,0.715,0.614,0.273,0.507,0.693,0.647,0.309,0.535,0.681,0.442,0.297,0.639,0.664,0.417,0.058,0,0,0,0,0.02,0,0.027,0,0.32,0.774,0.836,0.518,0.551,0.773,0.846,0.247,0.679,0.95,0.563,0.296,0.698,0.897,0.641,0.46,0.752,0.878,0.407,0.129,0.046,0.034,0,0,0.025,0,0,0.049,0.246,0.44,0.465,0.22,0.333,0.462,0.44,0.254,0.421,0.573,0.407,0.145,0.447,0.416,0.378,0.243,0.514,0.454,0.194,0,0,0.002,0,0,0,0.098,0.037,0,0.01,0,0.21,0.013,0,0.194,0,0.002,0.079,0.209,0.074,0.195,0.256,0.398,0.355,0,0.151,0.111,0,0.03,0.017,0.032,0.049,0,0.094,0.042,0.163,0.019,0.032,0,0,0.052,0.071,0.046,0,0.024,0,0,0.013,0.253,0.674,0.76,0.57,0.194,0,0.004,0.034,0,0.011,0,0.04,0.04,0.018,0.066,0,0.049,0.028,0.05,0.078,0.009,0,0.066,0,0,0.018,0.042,0,0.289,0.665,0.736,0.453,0.168,0.052,0.014,0.019,0,0,0.041,0.002,0,0.096,0,0.005,0,0.045,0.019,0,0,0.024,0.009,0,0.082,0.124,0.202,0.078,0.153,0.295,0.41,0.271,0.025,0.022,0,0.009,0,0.068,0.011,0.035,0.036,0,0.003,0,0,0.001,0,0.009,0.089,0.009,0,0.022,0.223,0.388,0.586,0.439,0.134,0,0.071,0,0,0,0,0,0,0,0.036,0,0,0,0.034,0,0.021,0.032,0.075,0,0.023,0.045,0.102,0.078,0.287,0.582,0.892,0.662,0.248,0,0,0.014,0.012,0,0.025,0,0,0,0.032,0.02,0,0.035,0.041,0,0,0.014,0,0,0.036,0,0,0,0.294,0.494,0.664,0.449,0.103,0.068,0.006,0,0.056,0.014,0.018,0,0,0,0,0.011,0,0.042,0,0.027,0.057,0,0,0,0.056,0.029,0,0,0.005,0.18,0.401,0.238,0.152,0.147,0.234,0.174,0.03,0.083,0,0,0,0,0,0,0,0,0,0,0.061,0,0,0.059,0.029,0,0,0.018,0.048,0.039,0,0.016,0.315,0.526,0.642,0.415,0.153,0,0.019,0,0.025,0.067,0.013,0.001,0,0,0,0,0.018,0.019,0.087,0,0,0.093,0,0,0,0,0.043,0.008,0.251,0.699,0.902,0.528,0.224,0,0,0.027,0.097,0,0,0,0,0,0,0,0,0.061,0.016,0.023,0,0,0,0.041,0,0,0,0,0.258,0.513,0.588,0.334,0,0.016,0,0,0,0,0.06,0,0,0.024,0.042,0.022,0,0,0,0.016,0.052,0.003,0.023,0.049,0.014,0,0.073,0.036,0.022,0.215,0.18,0.137,0.113,0.376,0.276,0.165,0,0,0,0,0.01,0,0.006,0.063,0.045,0.029,0.032,0.024,0.012,0,0.026,0,0,0,0,0.051,0.007,0.018,0.02,0,0.403,0.692,0.693,0.472,0.055,0,0,0.014,0.036,0,0,0,0,0.065,0.018,0.038,0.05,0.063,0,0.016,0.011,0.022,0,0.089,0,0,0,0.03,0.398,0.787,0.79,0.472,0.053,0.046,0,0,0,0,0.02,0,0.047,0.02,0.076,0,0.039,0.086,0.006,0.038,0.015,0,0,0.04,0,0.063,0.058,0.033,0.228,0.445,0.371,0.288,0,0,0.031,0,0.023,0,0.051,0.046,0,0.221,0.427,0.433,0.338,0.058,0.003,0.029,0,0,0.057,0.046,0.028,0,0,0.028,0.172,0.381,0.422,0.246,0.059,0,0.01,0.036,0,0.036,0.018,0.012,0.038,0.372,0.721,0.761,0.427,0.063,0.008,0.009,0.005,0,0,0,0,0,0,0.048,0.458,0.752,0.725,0.467,0.084,0,0,0,0,0.001,0.03,0,0.025,0.393,0.636,0.748,0.338,0.105,0,0.035,0.078,0,0.064,0,0,0,0.01,0.034,0.488,0.693,0.708,0.323,0.071,0.043,0.078,0,0,0,0.01,0,0,0.217,0.329,0.368,0.256,0.127,0.189,0.117,0,0.088,0.192,0.142,0.033,0.105,0.254,0.002,0.186,0.369,0.479,0.171,0,0,0.017,0.082,0,0.044,0,0,0,0.053,0.031,0,0,0.345,0.536,0.482,0.238,0.42,0.559,0.509,0.192,0.461,0.565,0.381,0.124,0,0.06,0.013,0.042,0.038,0,0.104,0.049,0,0.061,0.057,0,0.093,0,0,0.148,0.456,0.828,0.74,0.45,0.61,0.959,0.633,0.363,0.698,0.869,0.483,0.214,0,0,0,0.008,0.071,0.039,0.077,0,0.019,0.06,0,0.006,0,0,0.056,0.074,0.39,0.658,0.6,0.295,0.465,0.661,0.58,0.28,0.652,0.716,0.513,0.115,0.004,0.015,0.071,0.066,0.038,0.055,0,0.121,0.073,0,0,0.058,0,0.017,0.071,0.003,0.242,0.263,0.288,0.076,0.159,0.316,0.269,0.045,0.252,0.281,0.085,0,0,0,0.085,0,0.017,0,0,0,0.013,0.15,0,0,0,0.024,0.03,0,0,0,0.067,0,0,0.035,0.032,0.004,0,0.033,0,0,0.098,0,0.109,0,0,0.083,0,0,0,0,0.003,0.052,0,0.008,0.039,0.009,0,0.021,0,0.032,0,0,0.083,0,0,0,0.012,0.045,0.074,0.023,0,0,0,0.037,0,0
4,0.018,0.034,0.06,0,0.002,0,0.053,0,0.146,0.019,0.04,0.069,0,0.022,0.393,0.569,0.505,0.273,0,0.049,0,0.073,0.04,0,0,0.055,0,0,0.002,0,0,0.019,0,0,0.047,0.013,0.038,0.038,0,0,0,0.174,0.538,0.921,0.89,0.421,0.021,0.027,0.073,0.02,0,0.013,0.013,0,0.067,0.024,0,0.069,0,0.025,0.064,0,0,0,0.003,0.065,0.017,0.031,0.062,0.049,0.352,0.69,0.58,0.315,0,0.035,0,0,0.014,0.093,0.036,0,0,0.052,0.106,0,0.179,0,0.01,0.011,0,0,0.017,0.012,0.09,0.32,0.378,0.295,0.264,0.504,0.339,0.193,0.011,0,0.003,0,0,0,0,0,0.051,0,0.009,0,0.024,0,0.027,0,0,0.038,0,0,0.248,0.652,0.848,0.589,0.423,0.697,0.723,0.419,0.025,0.005,0,0,0,0.015,0.024,0.074,0.091,0.068,0.087,0.027,0,0,0.013,0.066,0,0.004,0,0,0.153,0.692,0.848,0.591,0.562,0.82,0.735,0.447,0,0.006,0.004,0,0,0,0.078,0.045,0,0.048,0,0,0.035,0,0,0.044,0,0.11,0.256,0.297,0.076,0.337,0.454,0.461,0.319,0.365,0.413,0.169,0,0,0,0.026,0.073,0,0,0,0.006,0,0,0,0,0.075,0.053,0.106,0.02,0.313,0.606,0.607,0.349,0,0.209,0.052,0.44,0.573,0.573,0.272,0.025,0,0,0.055,0,0,0,0.095,0,0,0,0.092,0.004,0,0,0,0.087,0.442,0.714,0.795,0.432,0.111,0,0.108,0.516,0.882,0.783,0.404,0.028,0.037,0.013,0.033,0.002,0,0,0,0.048,0.024,0,0,0.019,0,0,0.058,0.049,0.265,0.67,0.589,0.433,0,0,0.099,0.468,0.564,0.598,0.302,0,0.05,0.024,0,0,0,0,0.068,0,0.033,0.109,0.112,0.009,0.016,0.34,0.472,0.352,0.142,0.251,0.3,0.074,0,0,0.064,0.221,0.523,0.485,0.105,0,0,0,0,0.038,0.048,0,0,0.018,0.054,0.066,0,0,0.225,0.598,0.908,0.682,0.237,0,0.067,0,0,0,0.095,0.418,0.831,0.739,0.313,0,0.007,0,0.029,0,0.151,0,0,0,0.003,0,0,0,0.263,0.551,0.777,0.519,0.305,0,0.001,0.031,0.014,0,0,0.486,0.765,0.79,0.278,0,0,0,0,0,0.011,0,0.015,0,0,0,0,0.049,0.089,0.304,0.409,0.338,0.129,0.263,0.319,0.173,0.224,0.385,0.199,0.277,0.377,0.43,0.234,0.315,0.319,0.261,0.01,0.145,0,0,0,0.116,0,0,0.015,0,0.161,0.568,0.745,0.547,0.339,0.69,0.584,0.322,0.513,0.661,0.483,0.431,0.697,0.558,0.28,0.611,0.642,0.452,0.188,0,0,0.012,0,0,0,0,0.007,0,0.284,0.573,1,0.592,0.407,0.752,0.825,0.38,0.631,0.875,0.541,0.462,0.862,0.879,0.384,0.625,0.922,0.553,0.202,0.013,0,0.029,0.044,0,0,0,0,0.029,0.155,0.435,0.549,0.511,0.305,0.552,0.519,0.335,0.491,0.604,0.502,0.277,0.518,0.527,0.138,0.468,0.61,0.302,0.074,0.048,0.02,0,0.027,0,0.01,0.046,0,0,0.023,0.139,0.241,0.191,0,0.194,0.157,0.113,0.179,0.285,0.042,0.297,0.603,0.542,0.267,0.109,0.198,0.152,0,0.031,0,0,0.019,0.033,0,0,0,0,0.073,0.004,0.049,0,0.077,0,0,0.049,0.033,0,0.127,0.461,0.85,0.705,0.447,0,0.007,0,0,0.022,0,0,0,0.026,0.014,0.044,0.025,0,0,0.07,0.053,0.045,0.026,0,0,0.085,0.027,0.061,0.023,0.405,0.712,0.718,0.322,0.062,0,0.066,0,0.057,0,0.029,0.097,0,0.04,0,0.134,0,0,0.028,0,0,0,0.047,0,0,0,0.014,0,0.228,0.36,0.382,0.133,0,0,0,0.042,0,0,0.005,0.024,0.036,0,0.071,0,0,0,0.008,0.025,0,0,0,0.064,0.057,0.04,0,0,0.426,0.705,0.562,0.345,0,0,0.02,0.051,0,0,0.008,0,0.033,0,0.083,0,0,0,0,0.032,0,0,0,0.02,0,0.023,0.068,0.116,0.456,0.804,0.717,0.352,0,0.116,0.03,0.009,0.018,0.063,0,0.024,0,0,0.012,0,0,0,0,0.058,0.097,0.007,0,0.036,0,0,0.04,0.032,0.239,0.492,0.426,0.243,0,0,0,0,0.053,0,0.021,0.062,0,0,0,0.027,0,0.013,0.004,0.021,0.044,0.012,0.065,0.085,0,0,0,0,0.018,0.152,0.15,0.047,0.002,0.047,0,0,0,0,0,0.01,0,0.015,0,0.056,0,0.077,0,0,0.016,0,0,0.002,0.029,0,0,0.056,0.003,0,0.053,0,0,0,0.04,0.119,0,0.024,0.055,0,0.013,0.023,0.015,0.044,0,0.071,0.06,0,0.008,0,0,0.019,0.001,0,0,0,0,0,0.01,0.091,0,0,0,0.123,0,0.002,0.002,0,0,0,0,0.021,0.01,0,0,0,0,0.002,0,0.043,0.077,0,0.003,0.024,0,0.069,0.001,0,0.036,0,0.077,0.115,0.022,0,0,0,0.064,0.028
5,0,0.231,0.681,0.777,0.548,0.373,0.698,0.751,0.465,0.322,0.77,0.792,0.469,0.41,0.67,0.736,0.494,0.396,0.7,0.751,0.465,0.046,0,0.076,0,0.038,0.081,0.034,0.069,0.177,0.337,0.503,0.332,0.118,0.448,0.518,0.228,0.19,0.345,0.447,0.27,0.109,0.386,0.375,0.186,0.208,0.34,0.36,0.199,0.088,0.04,0,0.013,0.022,0.03,0.046,0,0.095,0.439,0.425,0.331,0.001,0.082,0.018,0,0,0.099,0.081,0,0.018,0.09,0,0.102,0.028,0.1,0,0.044,0.065,0,0,0,0,0,0,0.022,0.407,0.658,0.829,0.573,0.197,0.022,0.074,0,0,0,0.061,0.03,0.037,0.105,0.046,0,0,0,0,0,0.042,0.061,0.041,0.057,0,0,0,0,0.286,0.653,0.665,0.577,0.178,0.039,0,0.05,0.081,0.062,0,0.032,0.037,0,0.029,0.139,0,0,0.01,0,0,0,0.03,0,0.008,0.014,0.049,0.012,0.091,0.353,0.384,0.264,0,0.137,0.089,0,0,0.106,0.177,0,0,0.17,0.186,0,0.008,0.09,0,0.008,0.052,0.058,0,0.02,0,0,0,0,0.173,0.389,0.527,0.315,0.272,0.461,0.496,0.334,0.177,0.45,0.583,0.246,0.22,0.418,0.491,0.265,0.006,0,0,0,0,0.037,0.096,0,0.024,0,0,0.021,0.32,0.672,0.753,0.498,0.353,0.677,0.841,0.483,0.307,0.766,0.792,0.566,0.404,0.813,0.82,0.465,0.133,0,0,0,0,0.075,0.089,0.042,0,0,0,0.003,0.294,0.6,0.667,0.474,0.38,0.669,0.736,0.51,0.387,0.544,0.716,0.399,0.375,0.812,0.645,0.438,0.09,0.017,0,0.024,0.039,0.027,0.126,0,0.107,0,0,0.054,0.041,0.264,0.298,0.272,0.176,0.286,0.366,0.284,0.116,0.367,0.338,0.214,0.203,0.359,0.279,0.204,0.03,0.144,0.076,0,0,0.007,0.031,0,0,0.03,0.025,0.03,0,0,0.007,0.02,0,0.014,0.025,0.008,0.01,0,0.001,0.003,0.078,0,0.025,0,0.293,0.484,0.618,0.307,0,0,0.039,0,0.059,0.011,0,0,0.003,0.027,0.017,0,0,0,0.058,0,0.003,0.041,0,0,0,0,0,0.062,0.419,0.855,0.779,0.4,0.017,0,0,0.003,0,0.038,0,0,0,0,0.051,0.01,0.026,0.018,0.017,0,0,0.057,0.004,0,0,0,0,0.106,0.423,0.603,0.6,0.382,0,0,0,0,0.067,0,0,0,0.034,0.093,0.011,0,0,0.036,0.082,0,0.071,0,0,0.055,0,0.014,0,0.02,0.136,0.384,0.364,0.122,0,0.005,0,0,0,0.075,0,0,0.008,0,0.027,0,0,0.038,0.024,0.004,0,0.036,0.015,0.013,0.044,0.047,0,0.069,0.254,0.635,0.573,0.275,0.129,0,0.024,0,0.001,0,0.021,0.068,0.017,0,0,0.074,0,0,0,0,0.021,0,0.036,0.027,0.01,0.023,0.046,0.088,0.465,0.857,0.806,0.457,0,0.019,0.07,0.067,0,0.056,0,0.04,0,0.074,0,0.051,0,0.094,0,0,0,0,0,0,0,0,0,0.068,0.296,0.773,0.655,0.396,0.088,0,0.016,0,0,0.036,0.033,0,0.007,0.193,0.23,0.065,0,0.017,0,0.06,0.069,0,0,0,0,0.047,0,0.015,0.163,0.381,0.289,0.066,0,0,0,0.054,0,0.039,0,0.064,0.266,0.513,0.576,0.356,0.056,0.021,0,0.032,0,0,0,0.028,0,0.013,0,0.017,0.238,0.569,0.596,0.321,0,0,0.079,0.006,0.032,0.029,0,0.032,0.244,0.758,0.918,0.555,0.1,0.07,0,0.061,0.065,0,0,0,0.04,0.032,0.01,0.098,0.469,0.806,0.777,0.383,0.06,0.059,0,0,0.037,0.019,0,0.008,0.285,0.615,0.667,0.47,0.121,0,0.096,0.062,0.027,0.003,0.003,0,0,0.03,0,0.053,0.437,0.653,0.643,0.384,0,0.051,0.05,0.034,0,0.001,0.088,0,0.015,0.244,0.3,0.22,0.023,0.164,0.256,0.094,0.013,0.168,0.242,0.102,0.045,0.167,0.282,0.074,0.062,0.337,0.284,0.068,0.065,0,0.09,0,0.008,0.053,0.019,0,0,0,0,0.031,0.269,0.603,0.597,0.406,0.282,0.476,0.539,0.324,0.343,0.476,0.536,0.347,0.008,0.034,0,0.066,0.009,0,0,0.07,0.04,0,0.064,0,0.091,0.002,0,0.02,0.402,0.642,0.938,0.527,0.391,0.689,0.85,0.488,0.436,0.811,0.864,0.475,0,0,0,0.03,0,0.045,0,0.04,0,0.023,0.068,0,0,0,0,0.017,0.326,0.568,0.619,0.521,0.25,0.595,0.666,0.322,0.279,0.593,0.667,0.373,0.057,0,0.091,0.029,0.003,0.038,0.065,0,0.065,0,0,0,0.075,0,0.039,0,0.012,0.296,0.211,0.219,0.022,0.3,0.233,0.072,0.133,0.288,0.232,0.124,0.001,0,0,0,0,0,0,0,0,0.021,0.159,0.064,0.025,0,0.057,0,0.054,0,0,0.056,0,0.034,0,0,0,0,0.052,0.045,0.066,0.062,0.072,0,0,0.018,0.006,0,0.02,0,0,0,0,0.015,0,0,0,0.027,0.014,0,0,0.047,0,0.004,0.025,0.022,0.017,0,0.038,0.097,0,0.058,0,0.025,0.028,0,0,0.003,0
6,0,0,0,0.055,0,0.048,0.022,0.017,0.031,0.367,0.672,0.83,0.433,0.435,0.781,0.731,0.331,0,0.078,0.058,0,0.063,0,0.068,0.047,0,0.059,0.03,0.082,0.057,0,0.024,0.073,0,0.155,0.2,0.047,0.147,0.343,0.354,0.069,0.181,0.486,0.342,0.135,0.056,0,0.03,0,0,0,0.066,0.019,0.062,0,0.01,0,0,0,0.04,0.101,0.225,0.44,0.606,0.337,0.077,0.08,0.009,0,0,0,0.02,0,0,0,0,0.071,0.057,0,0,0,0.062,0,0,0,0.032,0,0,0.006,0.282,0.71,0.861,0.537,0.206,0.017,0.077,0.026,0,0.035,0.037,0,0.022,0,0,0.013,0,0.029,0,0.095,0,0,0.021,0.01,0,0.018,0,0.002,0.274,0.54,0.702,0.422,0.075,0.01,0.002,0.109,0,0.018,0.049,0,0,0.073,0.05,0.005,0.018,0.1,0,0,0,0,0,0.026,0.072,0.162,0.22,0.202,0.054,0.27,0.281,0.186,0,0.026,0.044,0,0,0,0.079,0,0,0.079,0,0.069,0,0,0.019,0,0.042,0.081,0,0.056,0.325,0.51,0.58,0.426,0.125,0,0.017,0.022,0.087,0,0.021,0,0,0,0,0.073,0.007,0.06,0,0,0,0.002,0.084,0.112,0.005,0,0,0,0.138,0.642,1,0.671,0.254,0.017,0,0,0.025,0,0,0,0.032,0.07,0.025,0,0.06,0,0.027,0,0,0,0,0.059,0,0.044,0,0,0.251,0.447,0.659,0.43,0.139,0,0,0.009,0,0.009,0,0,0.088,0.013,0,0.063,0.002,0,0.038,0,0.076,0,0.055,0.086,0.011,0,0,0.009,0.057,0.219,0.316,0.175,0.123,0.372,0.385,0.214,0.206,0.252,0.317,0.219,0.186,0.291,0.372,0.131,0.058,0,0.034,0.012,0.056,0.002,0,0.006,0.083,0.075,0,0,0.277,0.579,0.709,0.454,0.326,0.552,0.629,0.519,0.35,0.664,0.701,0.367,0.398,0.742,0.596,0.33,0.092,0.023,0.041,0,0.089,0.001,0,0,0,0,0.032,0,0.285,0.765,0.967,0.587,0.383,0.644,0.897,0.507,0.313,0.716,0.854,0.547,0.471,0.757,0.741,0.463,0.059,0,0.029,0,0.016,0.074,0.011,0,0.018,0.002,0.029,0,0.169,0.412,0.566,0.381,0.236,0.522,0.552,0.327,0.295,0.491,0.431,0.327,0.297,0.622,0.517,0.259,0,0.076,0,0,0,0,0.044,0.009,0.044,0.023,0,0.093,0.081,0.353,0.522,0.2,0.04,0.205,0.156,0.132,0,0.164,0.274,0.048,0.001,0.135,0.147,0,0.215,0.44,0.29,0.123,0,0.095,0,0.028,0.047,0,0.104,0.052,0.2,0.656,0.777,0.537,0.262,0,0,0.035,0.039,0,0,0.042,0,0.024,0,0.128,0.494,0.853,0.593,0.211,0,0,0,0,0,0,0,0,0.222,0.602,0.775,0.606,0.214,0,0.007,0,0,0,0,0.022,0.065,0,0.046,0.206,0.536,0.795,0.766,0.279,0,0,0.014,0.004,0.072,0.044,0.001,0.023,0.057,0.298,0.515,0.354,0.068,0,0.006,0,0,0.049,0.028,0.01,0,0.006,0,0.051,0.367,0.538,0.418,0.128,0,0.008,0.065,0.036,0.042,0.065,0,0.059,0.142,0.472,0.53,0.47,0.102,0,0.095,0,0,0.12,0,0.094,0,0,0,0.068,0.286,0.46,0.404,0.225,0,0.039,0.057,0.154,0.088,0,0.03,0,0.218,0.61,0.913,0.549,0.265,0.076,0.049,0,0.001,0,0.042,0.004,0,0,0.016,0.182,0.584,0.878,0.595,0.298,0.025,0,0,0,0,0.03,0.008,0,0.286,0.561,0.742,0.55,0.135,0,0,0.032,0.073,0,0.048,0.032,0,0.048,0.058,0.258,0.522,0.709,0.603,0.272,0.019,0.054,0.002,0,0,0.012,0.025,0,0.107,0.261,0.373,0.272,0,0.183,0.179,0.091,0,0.193,0.265,0.036,0,0.173,0.223,0,0.23,0.396,0.272,0.049,0.052,0,0,0.017,0,0.046,0,0,0.031,0,0.055,0,0.309,0.525,0.598,0.453,0.302,0.535,0.602,0.344,0.306,0.572,0.525,0.139,0,0.054,0.093,0.02,0,0,0,0,0.001,0.016,0.073,0,0,0,0.074,0,0.305,0.735,0.983,0.513,0.436,0.782,0.924,0.42,0.507,0.909,0.762,0.37,0.182,0.026,0,0,0,0.042,0,0,0.047,0,0.026,0.001,0.016,0,0,0,0.252,0.552,0.702,0.416,0.359,0.59,0.672,0.383,0.426,0.674,0.616,0.379,0.007,0.057,0.039,0,0,0,0,0.007,0,0,0.088,0,0,0,0,0,0,0.217,0.223,0.249,0.119,0.291,0.271,0.157,0.104,0.32,0.211,0.157,0.014,0.015,0.095,0,0,0,0.091,0.009,0,0.024,0,0,0,0.037,0,0.044,0,0.005,0.041,0,0.095,0,0,0,0,0,0,0,0,0,0,0,0.116,0,0.15,0,0,0,0.079,0.011,0,0,0,0,0,0.001,0,0,0,0.002,0,0.015,0,0,0.008,0.029,0.005,0,0.049,0,0.087,0.005,0.017,0,0,0,0,0.063,0,0,0.088,0.038,0,0,0,0.096,0,0,0.064,0,0.012,0,0,0.078,0.001,0.057,0,0.021,0,0,0.055,0.02,0.051,0.006,0
7,0,0.176,0.554,0.729,0.539,0.281,0.601,0.727,0.446,0.442,0.584,0.705,0.339,0.442,0.661,0.641,0.321,0.546,0.616,0.619,0.291,0,0.013,0,0.009,0.034,0,0.014,0.001,0.311,0.639,0.918,0.667,0.282,0.668,0.866,0.607,0.35,0.678,0.797,0.518,0.427,0.806,0.848,0.426,0.563,0.864,0.649,0.252,0,0,0.057,0.043,0.094,0.053,0,0,0.133,0.459,0.559,0.414,0.209,0.451,0.575,0.322,0.27,0.451,0.548,0.375,0.291,0.554,0.51,0.281,0.439,0.535,0.467,0.196,0.009,0,0,0.031,0,0,0.07,0,0,0.157,0.175,0.134,0.016,0.133,0.177,0.076,0.025,0.123,0.261,0,0,0.166,0.148,0,0.27,0.445,0.393,0.123,0,0,0.056,0.077,0.12,0,0,0,0.046,0.062,0.017,0,0,0.023,0.024,0.097,0,0,0.051,0,0.049,0.083,0,0.199,0.505,0.795,0.674,0.384,0,0.023,0.037,0,0.053,0.13,0.012,0.03,0,0.044,0.027,0.035,0,0.099,0.061,0,0.02,0.016,0.014,0,0.03,0.019,0,0.064,0.552,0.749,0.631,0.322,0,0.032,0,0.048,0.017,0.009,0.012,0,0,0.008,0,0,0,0.027,0,0.118,0.031,0,0.009,0.068,0.105,0.155,0.167,0.024,0.267,0.442,0.419,0.142,0,0,0.079,0,0.037,0.077,0,0.049,0.049,0,0.05,0,0.007,0,0,0.055,0.065,0,0,0,0.302,0.449,0.497,0.221,0.028,0.167,0.091,0,0,0.017,0.041,0.086,0.014,0,0,0,0.002,0.028,0,0,0.037,0.024,0,0.04,0.044,0,0.052,0.009,0.447,0.741,0.837,0.311,0.068,0.055,0,0,0,0.064,0.014,0,0.001,0.006,0.06,0,0.002,0,0,0.009,0,0,0.099,0,0,0,0,0.128,0.388,0.638,0.864,0.34,0.001,0.095,0.025,0,0.054,0.024,0,0.107,0.03,0.094,0,0.014,0,0,0,0,0,0,0,0,0.003,0.187,0.261,0.134,0.197,0.267,0.318,0.113,0.042,0,0,0,0.012,0,0.044,0.016,0,0,0.062,0,0.004,0,0.017,0.055,0.038,0,0.079,0.055,0.275,0.559,0.511,0.395,0.04,0.064,0.042,0.008,0.046,0,0.007,0.014,0,0.061,0.034,0.038,0.003,0,0,0.023,0.008,0,0.011,0,0.051,0,0,0.073,0.439,0.783,0.764,0.433,0.169,0,0.041,0.035,0.061,0.046,0.103,0,0,0,0,0.149,0,0.006,0,0.036,0,0,0,0,0.014,0.001,0,0.038,0.393,0.64,0.667,0.459,0.042,0,0.093,0.017,0,0,0,0,0,0.023,0.074,0,0,0,0.047,0.009,0.031,0,0,0,0,0.292,0.22,0.114,0.051,0.23,0.276,0.221,0.062,0,0.065,0,0,0,0.082,0.008,0.034,0.067,0,0.019,0,0.007,0.004,0.017,0,0,0,0,0.231,0.592,0.638,0.423,0.106,0.031,0,0,0,0.011,0,0,0.048,0,0,0,0,0.006,0.022,0,0,0,0.034,0.008,0,0.057,0,0.016,0.35,0.691,1,0.491,0.148,0,0,0.018,0.07,0.083,0,0,0,0,0,0,0.021,0.035,0.07,0,0,0,0.009,0.057,0.044,0.033,0,0.053,0.221,0.523,0.559,0.434,0.076,0.045,0,0,0.043,0,0.029,0,0,0.061,0,0.001,0,0.005,0,0.012,0.075,0,0.067,0,0.025,0,0.038,0.102,0.146,0.312,0.401,0.104,0,0,0,0.009,0,0.026,0.021,0.028,0,0.004,0,0,0.018,0.046,0,0.101,0,0.002,0,0,0.022,0.026,0.013,0,0.285,0.619,0.791,0.533,0.214,0.016,0.05,0,0,0.085,0.005,0.075,0.06,0,0,0,0.03,0,0,0.073,0,0.006,0,0.007,0.086,0.034,0.062,0.012,0.312,0.675,0.917,0.594,0.161,0,0.064,0.132,0.033,0,0.041,0,0,0,0.048,0.008,0.028,0,0.041,0,0,0.042,0.004,0,0.015,0.06,0,0.08,0.214,0.486,0.459,0.359,0.095,0.007,0,0.022,0,0,0.008,0,0.084,0,0.11,0.019,0.053,0.076,0.035,0,0,0.118,0.004,0,0.029,0.004,0,0,0.135,0.376,0.446,0.284,0.009,0,0,0.007,0,0,0.012,0,0.048,0,0,0,0.066,0,0.028,0,0,0,0,0.022,0.029,0,0.009,0.013,0.444,0.612,0.892,0.544,0.176,0,0,0.061,0,0,0,0.02,0.001,0.099,0,0.038,0,0.004,0,0.091,0.003,0,0,0,0,0.05,0,0,0.29,0.689,0.878,0.539,0.065,0,0.076,0.02,0.033,0,0,0,0.036,0,0.048,0.024,0.048,0.037,0,0,0.036,0,0,0,0.064,0,0.025,0.092,0.115,0.403,0.399,0.321,0.035,0,0,0.026,0.026,0,0,0,0,0,0,0.004,0.049,0.101,0.058,0,0,0.016,0,0.027,0,0.012,0,0.114,0,0.024,0.052,0.08,0,0.125,0,0,0.05,0.036,0.026,0,0,0.036,0,0,0,0,0.042,0,0.005,0.075,0,0.018,0,0,0.046,0.061,0.019,0,0.057,0,0,0,0.052,0.039,0,0,0.034,0.024,0.095,0,0.047,0.015,0.025,0.055,0.053,0,0,0.027,0
8,0,0,0.092,0.045,0.004,0.029,0.118,0.317,0.655,0.795,0.545,0.615,0.837,0.733,0.453,0.739,0.725,0.448,0.115,0,0.009,0,0.117,0.041,0.017,0,0.128,0,0,0,0.002,0.034,0.002,0.025,0,0.36,0.58,0.707,0.364,0.468,0.78,0.609,0.371,0.664,0.774,0.41,0.131,0,0.013,0,0.068,0.001,0,0,0,0,0.015,0,0,0,0.164,0.292,0.202,0.141,0.253,0.382,0.211,0.28,0.389,0.268,0.086,0.311,0.251,0.075,0.202,0.342,0.267,0,0.019,0,0,0,0.017,0,0.027,0,0.052,0.108,0.532,0.657,0.581,0.232,0,0,0,0.063,0,0,0,0.007,0.02,0.103,0.493,0.697,0.572,0.223,0.057,0,0.009,0,0,0,0,0,0.009,0.205,0.532,1,0.721,0.304,0,0.068,0.022,0.066,0,0.018,0.03,0,0.052,0.188,0.528,0.889,0.64,0.346,0,0,0.016,0.013,0,0.08,0,0,0.092,0.044,0.378,0.483,0.456,0.284,0.069,0,0,0,0.017,0,0.047,0,0.016,0.052,0.44,0.513,0.474,0.108,0,0.012,0,0.019,0.026,0,0,0,0.078,0.056,0.352,0.516,0.482,0.187,0.006,0,0,0,0.064,0,0,0,0,0,0.417,0.546,0.526,0.192,0.047,0.017,0.128,0,0,0.047,0,0,0.014,0.182,0.623,0.925,0.755,0.326,0.086,0,0.07,0,0.036,0.072,0,0,0,0.161,0.525,0.918,0.597,0.341,0.056,0,0.071,0,0,0.04,0.043,0,0,0.115,0.537,0.803,0.506,0.293,0,0,0.005,0,0,0.032,0,0,0,0.183,0.475,0.723,0.695,0.216,0.025,0,0.01,0,0,0,0.026,0.023,0.08,0,0.361,0.405,0.376,0.102,0.333,0.287,0.104,0.198,0.327,0.215,0.097,0.336,0.325,0.142,0.309,0.385,0.328,0.098,0,0,0.064,0.053,0,0.017,0.015,0,0.015,0,0,0,0.014,0.349,0.628,0.721,0.468,0.401,0.679,0.572,0.278,0.624,0.656,0.423,0.042,0,0,0.024,0.05,0,0.005,0.038,0,0,0.048,0,0.046,0,0,0.011,0.1,0.362,0.762,0.88,0.607,0.554,0.804,0.744,0.325,0.704,0.756,0.469,0.126,0.021,0.017,0,0.045,0.068,0,0.094,0,0.017,0,0,0,0,0.003,0.232,0.048,0.21,0.5,0.584,0.289,0.396,0.533,0.383,0.187,0.445,0.497,0.328,0.115,0.085,0.085,0,0,0.023,0,0.021,0,0.06,0.056,0.028,0,0.05,0.342,0.457,0.338,0.183,0.213,0.208,0.074,0.029,0.186,0.108,0,0.199,0.183,0.044,0.312,0.556,0.528,0.123,0.07,0.014,0.1,0.056,0.033,0.045,0,0,0.067,0.293,0.572,0.821,0.705,0.367,0,0.037,0,0.028,0,0,0.013,0,0,0.138,0.705,0.937,0.593,0.337,0,0.026,0.005,0,0,0.034,0,0,0.026,0.11,0.587,0.712,0.638,0.281,0,0.034,0.067,0,0.016,0,0.046,0.011,0.014,0.162,0.45,0.675,0.551,0.342,0,0,0,0.026,0.016,0.015,0.038,0,0,0.042,0.239,0.286,0.298,0.067,0.022,0.02,0.027,0,0.081,0.017,0.019,0.009,0,0,0.264,0.344,0.275,0.035,0,0.002,0,0.057,0,0,0.061,0,0,0.041,0.469,0.707,0.551,0.244,0,0,0,0.078,0,0.013,0.011,0.043,0,0.049,0.53,0.655,0.543,0.221,0,0,0.016,0.078,0,0,0,0.01,0,0.232,0.547,0.947,0.652,0.219,0,0,0,0,0,0,0.008,0,0,0.205,0.536,0.922,0.682,0.303,0,0.005,0.019,0.032,0,0.063,0,0,0.02,0.051,0.472,0.57,0.465,0.195,0.128,0.171,0.059,0.028,0.146,0.086,0,0.174,0.212,0.149,0.351,0.566,0.456,0.246,0,0,0,0.007,0,0,0.06,0.047,0,0.016,0.121,0.228,0.096,0.223,0.461,0.48,0.414,0.292,0.543,0.479,0.192,0.459,0.514,0.25,0.067,0.2,0.169,0.001,0.036,0,0.02,0,0.019,0.021,0.028,0.008,0.019,0.005,0,0.002,0.033,0.437,0.773,0.819,0.541,0.651,0.878,0.699,0.5,0.795,0.839,0.456,0.098,0,0,0,0,0.044,0,0,0,0.011,0.008,0,0.04,0.024,0.091,0.023,0.059,0.351,0.716,0.66,0.461,0.447,0.771,0.529,0.295,0.604,0.75,0.393,0.099,0,0.039,0,0.11,0,0,0.041,0.015,0,0.029,0,0.004,0,0,0.014,0.031,0.129,0.446,0.373,0.301,0.188,0.345,0.262,0.104,0.318,0.31,0.213,0.001,0.019,0,0.072,0,0.088,0.024,0,0.041,0,0,0,0.079,0.062,0.048,0,0,0.016,0,0,0.017,0.022,0,0,0,0.032,0,0.031,0.034,0,0.07,0.006,0.03,0,0,0,0.021,0.137,0,0,0,0,0,0.015,0.028,0,0,0,0.029,0.03,0.001,0.014,0,0,0.002,0.013,0.031,0.006,0.03,0,0,0.023,0.006,0.015,0.084,0,0,0,0,0.017,0.041,0,0,0,0,0.064,0,0.021,0,0.039,0,0,0.005,0.061,0.066,0,0.029,0,0.008,0.08,0,0.02,0,0.018,0.065,0,0,0,0.025,0.049,0,0.057,0.06,0.006,0,0.048,0.054,0,0,0.016,0,0,0.021,0,0.022,0.04,0.009,0,0,0.028,0.048,0
9,0.011,0,0,0.015,0,0.028,0.074,0.143,0.27,0.264,0.084,0.324,0.282,0.08,0.152,0.276,0.144,0,0.084,0.006,0,0,0.052,0.025,0.009,0,0,0.037,0.017,0.09,0,0,0,0.063,0.165,0.516,0.685,0.489,0.277,0.632,0.617,0.384,0.498,0.632,0.516,0.237,0.008,0.037,0.01,0.038,0,0,0,0.032,0,0.026,0.035,0,0,0,0,0,0.243,0.553,1,0.605,0.363,0.83,0.922,0.453,0.582,0.953,0.719,0.231,0.04,0.038,0,0,0,0.052,0,0.026,0,0.061,0.066,0.04,0.048,0,0.033,0.049,0.121,0.398,0.518,0.439,0.319,0.546,0.559,0.317,0.459,0.641,0.405,0.144,0.071,0,0.022,0,0.044,0.07,0.009,0,0.062,0,0,0,0,0.179,0.394,0.378,0.363,0.076,0.216,0.086,0,0.14,0.186,0.117,0.154,0.164,0.127,0.325,0.388,0.443,0.22,0.079,0,0,0.025,0.053,0,0.017,0,0,0.05,0.34,0.776,0.9,0.468,0.19,0,0,0.013,0.046,0.023,0.043,0.01,0,0.068,0.429,0.797,0.769,0.419,0.061,0.071,0.011,0,0,0.002,0.033,0.074,0.039,0.077,0.309,0.655,0.611,0.436,0.085,0,0,0.015,0.003,0,0.053,0,0,0.014,0.43,0.705,0.736,0.366,0.098,0.052,0.021,0.052,0.002,0,0,0.031,0,0.083,0.14,0.313,0.454,0.184,0,0,0.027,0.004,0,0.055,0.054,0.044,0.071,0.028,0.136,0.387,0.412,0.152,0.007,0.074,0.033,0.069,0.017,0.066,0,0.009,0,0.027,0.25,0.631,0.681,0.35,0.015,0,0,0,0,0,0,0.001,0.055,0.037,0.272,0.628,0.522,0.409,0.029,0.054,0,0,0,0,0,0,0,0.063,0.419,0.778,0.88,0.399,0.196,0.06,0.018,0.066,0,0,0.075,0,0,0.131,0.356,0.878,0.851,0.529,0.107,0,0,0.001,0,0.015,0.039,0.133,0.033,0,0.257,0.642,0.545,0.319,0.091,0.097,0.076,0,0.194,0.091,0.032,0,0.107,0.02,0.255,0.397,0.547,0.297,0,0,0,0,0.022,0.018,0.043,0,0,0.098,0.064,0.166,0.339,0.046,0.356,0.525,0.444,0.224,0.485,0.377,0.295,0.285,0.399,0.375,0.254,0.294,0.516,0.231,0,0,0,0,0.004,0,0.049,0.031,0,0.004,0,0,0,0.166,0.619,0.889,0.717,0.39,0.762,0.821,0.462,0.627,0.897,0.613,0.397,0.78,0.81,0.362,0,0,0,0.044,0,0.11,0.045,0,0,0.004,0.067,0.066,0,0.232,0.592,0.846,0.558,0.404,0.648,0.583,0.485,0.471,0.787,0.581,0.364,0.65,0.586,0.482,0.06,0,0,0.042,0.031,0,0,0,0.033,0.023,0.056,0.095,0.038,0.016,0.296,0.487,0.349,0.175,0.372,0.302,0.203,0.227,0.426,0.354,0.167,0.319,0.349,0.096,0,0.024,0,0.061,0.014,0.061,0.048,0,0,0,0.056,0,0.023,0,0,0.006,0.081,0.034,0,0.038,0.036,0.074,0.048,0,0.403,0.584,0.671,0.294,0.024,0,0,0,0.013,0,0.068,0.042,0,0,0,0,0.057,0.006,0,0.009,0,0.04,0,0.016,0.128,0,0.028,0,0.481,0.792,0.726,0.438,0.092,0,0.01,0,0.028,0.075,0.028,0,0.004,0,0.08,0.005,0.041,0.003,0,0,0.084,0.071,0,0,0,0,0.051,0.029,0.232,0.617,0.559,0.309,0,0.045,0.072,0,0.052,0,0,0.091,0.033,0.025,0.009,0.007,0.025,0,0,0.069,0,0.019,0,0,0.124,0.363,0.631,0.441,0.139,0.145,0.283,0.104,0,0.002,0.016,0,0.01,0.046,0,0,0,0.094,0.018,0.043,0.008,0.095,0.06,0,0.047,0,0.047,0.03,0.299,0.573,0.933,0.678,0.248,0,0,0,0,0,0,0,0.046,0,0.112,0.025,0.027,0,0.076,0,0.033,0,0.002,0,0.016,0,0.002,0.004,0.208,0.445,0.619,0.577,0.247,0.027,0,0,0.003,0.001,0,0.031,0.054,0,0.093,0.081,0,0.02,0,0.033,0.016,0.023,0.264,0.326,0.313,0.103,0.306,0.371,0.187,0.341,0.417,0.326,0.071,0,0.058,0,0,0.017,0,0,0,0.011,0.031,0.002,0.013,0,0.011,0,0,0.119,0.55,0.741,0.492,0.423,0.612,0.606,0.437,0.082,0.059,0.038,0,0,0,0,0,0,0.044,0.047,0,0,0,0,0.031,0,0,0.014,0,0.227,0.605,0.956,0.735,0.432,0.82,0.887,0.339,0.024,0.077,0.014,0.001,0,0,0,0,0.048,0,0,0.031,0.044,0.019,0,0.051,0.121,0,0,0,0.078,0.405,0.551,0.45,0.182,0.551,0.535,0.304,0.102,0,0.067,0,0.033,0.007,0.022,0,0,0.029,0.044,0.053,0.074,0.036,0,0.052,0,0,0,0.003,0,0.166,0.224,0.044,0,0.183,0.161,0.107,0,0,0,0,0.07,0,0,0.056,0.027,0,0,0.022,0.098,0.029,0.034,0,0.042,0,0,0,0.001,0,0,0.008,0.019,0.05,0.011,0.016,0.006,0.03,0.004,0,0,0.048,0.005,0,0.029,0.036,0.009,0.032,0.058,0,0,0.051,0.086,0,0,0.026,0.045,0,0,0.013,0,0.082,0,0.005,0,0,0,0.082,0,0,0,0.024,0.026,0,0.049,0.014,0,0
0,0.026,0,0,0,0,0.014,0.053,0.408,0.613,0.687,0.347,0.233,0.559,0.685,0.387,0.263,0.642,0.64,0.347,0.048,0,0.064,0.012,0.03,0.063,0,0.043,0.068,0,0.017,0.004,0.024,0.149,0.013,0.121,0.152,0.33,0.31,0.121,0.257,0.365,0.317,0.131,0.176,0.199,0.349,0.263,0,0.176,0.141,0.062,0.006,0.054,0.028,0.095,0.022,0,0.048,0,0.191,0.372,0.599,0.315,0.006,0,0,0.028,0.04,0.059,0.006,0,0.05,0.092,0,0,0.363,0.513,0.434,0.282,0.041,0.12,0.095,0.014,0.019,0,0,0.036,0.414,0.72,0.832,0.581,0.1,0,0,0.105,0,0.046,0,0.005,0,0,0,0.073,0.394,0.833,0.762,0.412,0.073,0.072,0.013,0.021,0.021,0,0,0,0.36,0.608,0.653,0.479,0.014,0.033,0.002,0.02,0.026,0.008,0,0,0.069,0.051,0.074,0,0.34,0.668,0.806,0.431,0.016,0.001,0,0,0.036,0.066,0,0.014,0.127,0.306,0.267,0.165,0,0,0.077,0.072,0,0.032,0,0.025,0.003,0.117,0.208,0.069,0.034,0.37,0.198,0.209,0.017,0,0.036,0.027,0,0.05,0,0.046,0.273,0.485,0.578,0.297,0.026,0,0,0,0.071,0,0.037,0,0.268,0.398,0.533,0.3,0.279,0.47,0.626,0.318,0,0,0.049,0.001,0.045,0.033,0.004,0.073,0.424,0.629,0.858,0.459,0.179,0,0,0,0.013,0.066,0,0,0.423,0.708,0.846,0.524,0.366,0.86,0.88,0.412,0.135,0.053,0,0,0,0,0.057,0.031,0.309,0.644,0.604,0.418,0.078,0,0.065,0.003,0,0,0,0,0.291,0.677,0.764,0.402,0.249,0.59,0.681,0.351,0.019,0.052,0.02,0,0.043,0.008,0,0,0.124,0.28,0.353,0.188,0,0.065,0.02,0.051,0,0.116,0.147,0,0.17,0.282,0.399,0.172,0.228,0.304,0.416,0.097,0.046,0,0,0,0,0,0.044,0,0.257,0.525,0.557,0.277,0.028,0.067,0,0,0.193,0.551,0.454,0.487,0.011,0.063,0,0.023,0.268,0.513,0.56,0.401,0,0.01,0.013,0,0.064,0,0,0.014,0.409,0.694,0.85,0.441,0.139,0,0,0,0.358,0.69,0.778,0.565,0.133,0.029,0,0.114,0.444,0.784,0.848,0.4,0.083,0,0,0.024,0.066,0.035,0,0.008,0.278,0.708,0.69,0.427,0.066,0,0,0,0.362,0.643,0.668,0.414,0.108,0.016,0.03,0.028,0.305,0.67,0.602,0.425,0.085,0,0,0,0,0,0.017,0,0.128,0.303,0.325,0.225,0,0.184,0.154,0.013,0.068,0.344,0.301,0.189,0.069,0,0.006,0.057,0.075,0.299,0.328,0.188,0.105,0,0,0.056,0,0.064,0,0,0.216,0.557,0.486,0.446,0.261,0.469,0.596,0.286,0,0.043,0,0,0,0.096,0.042,0.005,0.238,0.374,0.514,0.248,0,0,0.029,0.051,0,0.036,0,0,0.445,0.728,0.853,0.455,0.418,0.738,0.882,0.48,0.152,0.053,0,0,0.004,0,0,0.001,0.346,0.689,0.776,0.403,0,0,0.036,0.014,0.032,0.063,0.075,0.03,0.266,0.622,0.716,0.45,0.381,0.612,0.733,0.388,0.174,0.059,0,0,0.092,0.013,0,0,0.237,0.678,0.705,0.387,0,0,0.053,0,0.052,0.018,0,0,0.102,0.251,0.405,0.132,0.169,0.327,0.296,0.075,0.018,0,0.105,0,0.03,0.067,0.033,0.049,0.121,0.241,0.36,0.114,0.002,0,0.013,0,0.006,0,0,0,0.286,0.375,0.575,0.368,0.096,0,0,0.094,0,0,0,0,0,0.083,0,0.02,0.276,0.511,0.482,0.375,0,0.051,0.062,0,0,0,0,0,0.432,0.766,0.861,0.502,0.118,0.006,0,0.151,0,0.035,0,0,0.048,0,0.014,0.045,0.374,0.756,0.834,0.482,0.126,0,0.013,0.042,0.023,0,0.026,0,0.238,0.592,0.652,0.388,0.089,0,0.07,0,0,0,0,0,0.047,0,0.016,0.022,0.29,0.542,0.642,0.446,0.063,0.034,0,0.038,0,0.01,0.011,0.027,0.134,0.29,0.26,0.113,0.018,0.207,0.156,0.041,0,0.085,0.178,0.113,0,0.183,0.175,0.088,0.03,0.286,0.386,0.24,0,0,0.139,0,0.048,0.053,0,0.038,0,0,0.035,0,0.251,0.543,0.535,0.328,0.206,0.515,0.544,0.341,0.356,0.542,0.483,0.379,0,0.045,0,0.067,0.069,0,0.039,0,0,0.089,0.021,0,0,0,0.008,0.027,0.456,0.755,0.854,0.457,0.396,0.799,0.875,0.426,0.436,0.727,0.788,0.365,0.108,0.033,0,0,0,0.03,0,0.03,0,0.03,0,0,0,0.021,0,0.033,0.375,0.743,0.634,0.361,0.315,0.603,0.633,0.395,0.323,0.658,0.588,0.389,0.053,0.077,0.026,0.021,0,0,0,0,0,0.004,0.01,0,0,0,0.01,0.003,0.174,0.256,0.291,0.122,0.073,0.269,0.267,0.175,0.079,0.338,0.302,0.205,0.096,0.012,0.008,0,0,0.04,0.094,0,0,0,0,0.033,0.033,0.046,0,0.043,0,0.065,0,0,0.06,0.005,0.058,0.043,0,0,0,0,0,0,0,0,0,0,0,0,0.026,0,0,0,0.001,0,0,0,0,0.006,0,0.11,0.089,0.077,0.083,0.038,0,0,0,0,0,0,0.046,0,0,0.069,0.031,0,0
1,0,0.059,0.044,0,0.066,0,0.013,0,0.015,0.001,0.237,0.359,0.461,0.264,0,0.031,0.014,0.068,0.044,0.001,0,0.065,0,0.049,0,0.022,0,0,0.089,0.093,0.08,0,0,0.015,0.054,0.045,0.017,0.122,0.371,0.693,0.723,0.494,0.14,0.117,0.088,0,0.013,0.039,0.052,0.035,0.085,0.003,0.006,0.035,0,0.005,0,0,0,0,0.01,0.069,0.017,0.003,0,0,0.366,0.759,0.732,0.527,0.133,0.089,0,0,0,0,0.017,0,0.003,0.029,0,0.055,0.013,0,0.036,0,0,0.03,0,0.072,0.007,0.194,0.281,0.191,0.15,0.438,0.446,0.298,0,0,0,0,0,0,0.006,0.059,0.031,0.003,0,0,0,0,0.005,0,0,0.068,0.041,0.081,0.207,0.404,0.628,0.541,0.309,0.585,0.692,0.412,0.07,0,0.002,0,0,0,0.044,0.073,0.026,0,0.075,0,0,0,0.019,0.087,0.081,0.04,0,0.021,0.214,0.589,0.857,0.725,0.472,0.738,0.92,0.484,0.063,0.023,0,0.015,0,0.03,0.051,0.047,0.007,0,0,0.019,0.049,0,0.013,0.115,0,0,0,0,0.081,0.478,0.724,0.562,0.26,0.493,0.581,0.34,0.027,0,0,0,0,0,0,0.001,0.052,0.006,0.041,0,0.049,0.045,0.006,0,0.004,0,0.063,0.012,0.027,0.214,0.219,0.209,0.183,0.325,0.387,0.318,0.075,0.001,0.044,0.05,0.065,0,0.077,0.018,0.029,0,0,0.002,0,0.003,0,0,0,0.049,0,0,0,0.033,0,0,0.452,0.641,0.724,0.49,0.005,0,0,0.023,0.044,0,0.034,0.058,0,0.073,0,0.121,0.016,0,0,0,0,0.03,0.001,0.066,0.038,0,0.01,0,0.413,0.701,0.755,0.428,0.138,0,0.03,0,0,0,0,0,0,0.073,0.018,0.043,0.045,0.003,0.039,0.058,0,0,0,0,0,0.03,0.047,0.033,0.147,0.478,0.381,0.307,0.014,0.078,0,0,0.102,0.008,0,0,0.005,0,0,0.097,0,0.082,0.049,0,0.081,0.071,0.003,0.022,0.057,0,0.072,0,0.327,0.592,0.58,0.389,0.005,0.017,0.019,0.035,0,0,0,0,0,0,0.003,0.035,0,0.015,0.023,0,0,0.066,0,0,0,0,0.095,0.02,0.418,0.688,0.891,0.526,0.089,0.029,0,0.019,0.004,0.042,0,0.016,0.04,0,0,0,0.087,0.043,0.008,0,0.017,0,0.028,0.048,0,0.001,0,0,0.262,0.583,0.55,0.413,0.049,0,0.034,0.023,0,0,0.053,0,0,0,0.023,0.076,0.003,0.01,0,0,0.094,0,0.016,0.027,0.001,0,0,0,0.274,0.348,0.5,0.248,0.034,0.033,0.034,0.012,0.043,0,0.061,0.076,0,0,0,0.005,0.027,0.081,0,0,0.003,0.055,0.005,0,0.055,0.017,0,0.02,0.43,0.617,0.794,0.564,0.069,0,0.04,0,0.037,0.102,0.05,0,0.028,0,0,0.049,0.038,0.025,0.003,0.04,0,0,0,0,0.085,0,0.003,0,0.299,0.703,0.682,0.575,0.125,0.054,0.036,0,0,0.014,0,0.009,0.024,0.008,0,0.012,0.022,0.022,0,0,0,0.013,0,0,0.01,0,0,0.033,0.235,0.42,0.385,0.324,0,0.04,0.051,0.055,0.003,0,0.014,0,0,0.032,0.029,0.006,0,0,0.039,0.008,0,0,0.044,0,0,0.009,0.023,0.001,0.219,0.636,0.608,0.461,0.146,0,0.01,0,0,0,0.01,0,0,0.102,0,0,0,0,0.002,0,0.057,0,0.057,0,0.046,0.004,0.025,0,0.36,0.755,0.873,0.534,0.145,0,0.049,0,0.061,0.06,0.022,0,0.069,0.067,0.011,0,0.019,0,0,0.033,0,0,0,0,0,0.039,0.01,0.04,0.269,0.549,0.581,0.332,0.066,0.135,0,0.1,0.049,0.044,0,0,0.038,0,0,0.073,0.023,0,0.045,0,0,0.088,0,0,0.008,0.346,0.508,0.332,0.148,0.319,0.446,0.206,0.285,0.449,0.283,0.138,0,0.03,0.003,0.068,0,0,0,0.07,0.105,0.049,0,0.044,0,0.043,0.031,0.051,0.152,0.567,0.765,0.583,0.268,0.678,0.778,0.405,0.477,0.826,0.652,0.319,0,0,0,0,0,0.029,0.026,0.02,0,0.037,0,0,0.04,0,0.01,0.127,0.205,0.522,0.833,0.649,0.402,0.627,0.869,0.493,0.452,0.866,0.581,0.338,0,0.114,0,0,0.044,0,0.011,0,0,0.071,0.026,0,0.006,0,0.02,0.078,0.013,0.292,0.419,0.385,0.134,0.39,0.486,0.143,0.322,0.442,0.362,0.063,0,0.011,0.07,0,0.045,0,0.05,0,0.107,0,0,0.049,0,0.024,0.043,0,0.044,0.034,0.148,0,0.045,0.026,0.027,0.013,0,0.054,0.167,0.052,0,0,0.07,0,0.047,0.002,0.035,0.019,0.059,0.003,0,0,0.022,0,0.046,0.084,0.043,0.064,0.042,0,0.019,0,0.025,0.041,0,0.014,0.005,0,0,0.012,0.035,0,0.007,0.04,0.015,0.071,0,0.066,0.01,0.107,0.049,0.006,0.032,0.062,0.004,0.01,0,0.062,0,0.016,0,0.052,0.014,0,0.025,0,0.005,0,0.026,0.059,0,0.049,0.051,0.048,0,0
2,0.041,0.016,0,0,0.036,0.309,0.446,0.483,0.261,0.307,0.495,0.559,0.204,0.459,0.631,0.419,0.199,0.024,0,0,0,0.033,0,0,0.069,0.071,0.015,0.007,0,0.018,0,0.004,0,0.421,0.8,0.781,0.47,0.546,0.907,0.801,0.32,0.651,0.989,0.604,0.218,0.043,0,0,0.088,0,0.092,0.009,0,0,0.09,0.117,0,0,0.054,0,0,0.325,0.752,0.613,0.389,0.462,0.729,0.594,0.282,0.566,0.711,0.521,0.132,0.045,0,0,0.03,0.008,0,0.05,0,0.054,0.033,0,0,0,0.273,0.299,0.215,0.15,0.365,0.314,0.203,0.177,0.393,0.258,0.065,0.214,0.456,0.344,0.036,0.239,0.27,0.157,0.023,0,0.069,0.011,0.118,0,0.014,0,0,0.251,0.5,0.619,0.521,0.187,0.019,0.081,0,0,0.015,0,0.055,0.094,0,0,0.374,0.528,0.665,0.405,0.165,0.023,0,0.023,0,0,0.12,0.02,0,0.428,0.656,0.951,0.609,0.284,0.009,0.03,0,0.039,0.099,0,0,0.029,0,0.02,0.36,0.711,0.907,0.523,0.126,0,0.001,0,0.059,0.008,0,0,0,0.185,0.423,0.591,0.442,0.111,0.047,0,0.076,0.099,0,0,0,0.099,0,0.023,0.212,0.426,0.566,0.39,0,0.04,0.015,0.131,0,0,0,0.041,0.074,0,0.285,0.288,0.123,0.018,0,0,0,0,0.03,0,0.036,0.107,0,0.05,0.094,0.34,0.411,0.198,0,0.041,0.042,0,0.021,0.022,0.046,0,0,0,0.059,0,0.02,0,0,0,0.079,0.063,0,0,0,0.108,0,0,0.259,0.576,0.7,0.519,0.053,0,0.008,0.042,0,0.024,0,0.033,0,0,0.008,0.035,0.03,0,0.041,0,0,0.027,0.003,0.051,0,0.039,0,0,0.347,0.695,0.798,0.504,0.182,0.067,0,0.027,0,0.05,0,0,0,0.011,0,0,0,0.05,0,0.058,0.041,0.091,0.031,0.032,0,0.076,0.102,0.023,0.189,0.393,0.612,0.327,0,0.022,0.054,0,0,0,0.013,0.093,0,0,0.041,0,0.042,0.025,0,0.016,0,0.037,0,0,0.087,0.391,0.562,0.343,0.11,0.082,0.015,0,0,0.009,0,0.002,0.039,0.019,0.07,0.021,0,0.048,0.021,0.057,0,0.024,0.067,0.075,0,0.005,0,0.106,0.281,0.553,0.839,0.544,0.223,0.091,0,0.03,0.004,0,0.017,0.02,0.056,0.07,0.028,0,0.002,0.059,0.018,0.071,0,0,0,0,0.005,0.014,0.09,0.044,0.287,0.609,0.684,0.58,0.306,0,0.014,0,0,0,0,0.087,0,0.027,0,0,0.035,0,0,0,0.016,0.016,0.058,0.011,0.063,0.143,0.238,0.238,0,0.279,0.391,0.304,0.032,0,0,0.038,0.069,0.058,0.021,0.126,0,0,0,0,0.026,0.03,0,0.008,0,0.028,0.044,0.011,0.117,0.473,0.642,0.558,0.192,0,0.044,0.006,0.012,0.036,0,0,0.043,0,0,0.019,0.066,0.051,0,0.029,0.077,0,0.008,0,0,0,0,0,0.224,0.546,0.884,0.694,0.428,0.023,0.101,0.02,0,0,0.037,0.064,0.071,0.035,0,0.014,0.011,0,0,0.012,0.082,0.002,0.038,0,0.058,0,0,0,0.006,0.449,0.577,0.552,0.346,0.08,0.03,0.005,0,0,0,0,0,0.003,0,0.005,0.02,0,0.007,0.03,0,0.126,0,0.108,0.019,0.156,0.335,0.413,0.147,0.213,0.351,0.191,0.034,0,0,0.014,0.052,0.054,0,0.058,0,0,0.037,0.094,0,0.088,0,0.027,0.017,0,0,0,0,0.287,0.565,0.664,0.354,0.044,0,0,0,0,0,0,0.002,0.014,0,0.003,0,0.061,0.026,0,0,0,0.106,0.103,0,0.029,0.031,0.078,0.003,0.413,0.848,0.797,0.401,0.153,0.093,0.102,0,0.049,0,0,0,0,0.012,0.058,0,0.004,0.028,0,0,0,0,0,0,0.052,0.027,0.058,0.05,0.248,0.545,0.516,0.279,0,0.042,0.028,0.022,0,0.08,0.01,0.057,0.104,0.03,0,0,0,0,0.074,0.09,0.015,0.034,0.047,0,0.173,0.411,0.398,0.291,0.153,0.325,0.442,0.16,0.298,0.459,0.376,0.122,0.362,0.441,0.346,0.168,0.342,0.46,0.244,0,0,0,0,0,0,0,0.007,0.038,0.298,0.59,0.76,0.52,0.414,0.719,0.718,0.42,0.482,0.732,0.763,0.266,0.574,0.901,0.621,0.347,0.733,0.817,0.555,0.26,0,0.005,0,0.038,0.082,0.049,0.03,0.019,0.264,0.619,0.775,0.539,0.38,0.706,0.675,0.376,0.432,0.751,0.772,0.348,0.628,0.826,0.548,0.299,0.684,0.865,0.525,0.174,0,0,0.027,0,0.067,0.014,0,0,0.193,0.249,0.493,0.386,0.189,0.368,0.505,0.174,0.133,0.415,0.432,0.122,0.364,0.41,0.417,0.202,0.46,0.451,0.185,0,0,0,0,0,0,0,0,0.048,0.051,0.012,0.03,0.041,0,0.048,0.149,0,0.043,0.135,0.111,0,0.063,0.072,0,0.079,0.004,0.098,0,0,0,0,0,0,0.03,0,0,0.131,0,0.048,0.07,0.051,0.082,0,0,0.053,0,0.004,0,0,0.032,0.003,0,0,0.006,0,0.051,0,0,0,0.07,0.013,0,0.065,0
3,0.033,0.003,0.047,0.47,0.709,0.694,0.232,0.526,0.866,0.727,0.361,0.481,0.852,0.681,0.241,0.497,0.843,0.63,0.199,0.534,0.793,0.65,0.271,0.003,0.001,0.041,0.082,0.099,0,0.035,0.112,0.486,0.795,0.656,0.365,0.502,0.835,0.664,0.262,0.55,0.839,0.608,0.383,0.563,0.731,0.583,0.298,0.547,0.777,0.651,0.276,0,0.073,0.031,0.02,0.096,0.022,0.064,0.055,0.224,0.315,0.45,0.132,0.265,0.458,0.384,0.193,0.236,0.347,0.361,0.172,0.283,0.478,0.294,0.004,0.306,0.466,0.375,0.079,0.079,0,0.036,0,0,0,0.006,0,0.036,0.105,0.164,0,0.047,0.035,0,0.034,0,0.108,0.044,0.041,0.388,0.417,0.394,0.21,0.003,0.166,0.019,0.027,0.07,0,0.019,0.016,0.098,0.012,0.053,0.019,0,0,0.055,0,0,0,0,0,0.079,0.021,0.051,0.18,0.634,0.861,0.6,0.276,0.024,0,0,0,0,0.047,0.018,0,0,0,0,0.005,0.001,0,0,0,0,0,0.012,0,0.018,0.025,0,0.092,0.52,0.846,0.624,0.217,0.005,0.071,0,0,0,0.083,0.086,0.008,0.015,0.063,0.019,0.017,0.02,0,0.026,0,0.12,0,0,0,0.016,0.083,0.004,0.009,0.323,0.477,0.323,0.064,0,0,0,0.084,0,0.043,0,0.145,0.019,0.011,0,0.029,0,0,0,0.007,0,0.001,0.002,0.011,0.354,0.543,0.44,0.25,0,0.07,0,0,0.026,0,0.026,0.033,0,0,0.063,0,0,0.016,0.019,0.027,0,0,0.01,0.034,0,0,0,0.246,0.534,0.857,0.63,0.289,0.047,0.024,0.058,0,0,0.015,0.01,0,0,0,0.018,0,0.093,0.046,0.111,0.063,0,0,0.008,0.054,0,0.045,0.121,0.222,0.461,0.758,0.717,0.305,0.04,0.007,0,0.002,0,0.041,0,0.029,0.101,0.053,0,0,0.036,0.013,0,0.023,0,0.024,0,0,0,0.054,0.013,0,0.301,0.378,0.369,0.074,0.037,0.157,0.032,0,0,0.047,0.068,0,0.069,0,0,0,0,0,0.01,0,0,0,0.006,0,0.015,0.058,0,0,0.054,0.058,0,0.019,0.382,0.563,0.455,0.18,0,0.044,0.073,0.011,0,0,0,0,0.013,0.016,0,0.011,0,0,0,0,0.068,0,0.063,0,0,0.028,0,0.198,0.571,0.913,0.658,0.29,0.081,0.014,0.035,0.04,0.011,0,0,0.06,0,0,0,0,0.009,0.102,0,0,0,0,0.058,0.055,0.079,0.07,0.017,0.18,0.557,0.733,0.617,0.185,0,0,0.026,0.015,0.019,0,0.005,0,0,0,0.099,0.061,0,0.062,0.022,0,0,0.003,0.028,0,0,0,0,0,0.268,0.401,0.3,0.184,0.129,0.118,0.15,0,0,0,0,0,0.086,0.105,0,0.025,0,0.084,0,0.011,0.003,0,0.078,0,0.047,0.004,0.017,0,0.017,0,0.062,0.097,0.37,0.461,0.358,0.235,0,0,0,0,0.001,0.047,0.013,0,0,0.019,0,0.006,0,0.076,0.012,0.024,0,0,0.041,0,0,0,0.053,0.249,0.531,0.88,0.657,0.343,0.065,0,0,0.068,0,0,0.098,0.052,0.089,0,0,0,0.015,0.053,0,0.008,0,0,0.037,0,0.081,0,0.019,0.236,0.49,0.721,0.49,0.194,0.008,0.01,0,0.018,0.016,0.048,0,0.111,0.077,0.206,0.144,0,0.011,0,0,0.019,0.044,0,0.05,0.006,0.02,0.061,0,0.075,0.192,0.372,0.349,0.047,0,0.022,0,0.128,0,0.005,0.057,0.015,0.366,0.647,0.513,0.16,0.01,0,0.008,0,0.023,0.006,0.003,0,0,0.02,0,0.127,0.417,0.579,0.489,0.194,0.034,0.028,0,0,0.027,0.021,0.035,0.092,0.521,0.885,0.62,0.303,0.015,0.051,0.004,0.002,0,0,0,0.024,0.028,0.084,0.002,0.163,0.588,0.971,0.631,0.291,0,0.009,0,0.11,0,0,0.101,0.063,0.384,0.713,0.551,0.303,0,0.027,0.045,0,0,0.023,0.074,0,0,0.043,0.041,0.225,0.536,0.689,0.485,0.22,0.069,0,0.014,0,0,0,0,0,0.196,0.338,0.261,0.085,0.067,0.217,0.126,0,0.073,0.181,0.198,0,0.126,0.267,0.177,0.133,0.235,0.357,0.322,0.025,0,0.015,0.003,0.054,0,0,0,0,0,0,0.081,0,0.411,0.501,0.519,0.09,0.446,0.539,0.521,0.214,0.42,0.614,0.452,0.151,0,0,0,0.026,0,0,0.016,0.016,0.002,0.038,0.007,0.012,0,0.004,0,0.133,0.543,0.924,0.813,0.405,0.511,0.949,0.602,0.321,0.641,0.919,0.655,0.318,0,0,0.059,0,0.021,0,0.054,0,0,0.079,0,0.038,0,0,0.117,0.065,0.368,0.692,0.579,0.289,0.48,0.674,0.489,0.239,0.434,0.616,0.567,0.222,0,0,0,0.008,0.052,0,0.032,0,0,0.016,0.023,0,0.01,0.013,0,0.057,0.178,0.41,0.29,0.07,0.096,0.284,0.2,0.04,0.26,0.334,0.31,0.047,0,0,0,0,0,0.056,0,0,0.035,0.03,0,0.045,0.058,0.038,0,0,0,0.001,0,0,0.034,0.01,0,0,0.034,0.107,0.048,0.069,0,0.03,0,0.019,0,0,0,0.035,0.034
4,0.091,0.012,0,0,0.067,0,0,0.015,0.05,0,0,0.004,0,0,0.472,0.795,0.862,0.539,0.098,0,0,0,0.004,0,0,0,0.025,0,0,0.046,0,0,0,0,0.062,0,0.096,0,0.012,0.035,0,0,0.334,0.556,0.603,0.308,0.182,0.049,0.037,0,0,0,0.013,0.065,0.037,0,0.09,0,0.03,0,0,0,0.034,0,0.067,0.019,0.084,0.169,0.363,0.21,0.15,0.351,0.379,0.132,0,0.027,0,0.04,0.048,0,0,0.011,0.04,0.021,0.002,0.076,0,0,0.031,0,0.013,0,0,0.016,0.333,0.555,0.676,0.583,0.248,0.578,0.773,0.386,0.156,0,0,0,0.014,0,0,0.02,0,0,0.013,0,0,0.03,0.101,0.049,0,0,0,0.012,0.287,0.69,0.973,0.61,0.358,0.823,0.768,0.53,0.179,0,0.041,0,0,0,0.05,0.045,0.032,0.048,0,0.12,0.022,0.046,0.071,0,0,0.06,0.049,0.092,0.167,0.393,0.489,0.391,0.209,0.506,0.531,0.26,0,0.131,0.045,0,0,0.001,0.008,0,0,0.04,0.04,0.005,0.017,0.038,0,0,0.079,0.353,0.376,0.279,0.139,0.107,0.054,0,0.174,0.44,0.476,0.296,0,0.024,0,0,0.053,0.044,0.15,0.08,0.011,0,0,0,0,0.048,0,0,0.189,0.564,0.728,0.617,0.31,0.044,0,0.111,0.369,0.672,0.774,0.446,0.106,0.054,0.017,0.097,0.074,0.004,0,0.042,0.053,0,0,0.003,0,0.049,0,0,0.19,0.584,0.847,0.635,0.332,0,0,0.127,0.324,0.678,0.781,0.36,0.234,0.023,0.034,0.075,0.03,0,0.062,0,0.081,0.033,0,0,0.027,0.061,0.152,0.133,0.087,0.28,0.41,0.277,0.109,0,0,0,0.124,0.468,0.348,0.255,0,0,0,0.043,0,0.003,0,0.082,0.032,0.002,0,0,0.048,0.342,0.609,0.515,0.23,0.008,0.022,0,0,0.013,0.04,0,0.258,0.424,0.557,0.373,0.007,0,0.056,0,0.04,0,0.023,0,0,0,0,0.014,0.193,0.542,0.824,0.763,0.418,0,0.004,0.007,0.035,0,0,0.015,0.253,0.72,0.852,0.504,0.138,0.035,0.011,0,0.122,0,0,0.119,0.03,0.032,0,0.041,0.062,0.484,0.578,0.641,0.359,0.025,0,0.071,0.018,0.002,0.045,0,0.344,0.637,0.594,0.398,0.148,0,0.008,0,0.007,0.044,0,0,0.021,0,0,0,0.047,0.043,0.332,0.288,0.052,0.192,0.326,0.252,0,0.192,0.257,0.223,0.102,0.257,0.272,0.124,0.074,0.209,0.227,0.063,0,0.022,0,0,0,0,0.006,0.028,0.091,0.382,0.616,0.648,0.236,0.374,0.605,0.449,0.152,0.549,0.584,0.475,0.234,0.593,0.565,0.389,0.395,0.601,0.55,0.316,0.031,0.034,0,0,0.028,0.019,0.01,0,0.185,0.527,0.945,0.738,0.3,0.513,0.984,0.681,0.318,0.662,0.9,0.475,0.408,0.728,0.884,0.507,0.453,0.906,0.69,0.495,0,0,0.017,0,0,0,0.02,0.062,0.105,0.417,0.624,0.705,0.345,0.449,0.579,0.51,0.238,0.564,0.665,0.398,0.313,0.489,0.665,0.334,0.401,0.554,0.639,0.299,0,0.007,0.087,0.059,0,0.014,0.018,0.007,0.031,0.131,0.249,0.219,0.13,0.142,0.325,0.231,0,0.204,0.24,0.097,0.14,0.212,0.335,0.121,0.042,0.24,0.222,0.079,0,0.022,0.012,0.026,0,0.024,0,0,0.061,0.061,0.015,0.074,0,0,0,0,0,0,0.029,0,0.284,0.508,0.686,0.49,0.137,0,0.097,0,0,0.023,0,0,0.04,0,0.004,0,0,0,0.004,0,0.014,0,0,0.035,0,0,0.057,0,0.345,0.727,0.827,0.543,0.104,0.08,0,0,0,0,0,0.086,0.093,0.077,0,0,0,0.04,0.022,0.039,0.008,0.057,0,0,0,0,0,0.069,0.2,0.444,0.608,0.255,0,0.02,0,0,0.021,0,0.065,0,0,0,0,0.032,0,0.005,0,0,0.02,0.057,0.069,0,0.061,0.032,0,0,0.112,0.38,0.373,0.259,0,0.018,0,0.013,0,0,0.026,0.038,0.049,0,0,0,0,0.07,0.021,0,0.049,0.003,0,0.096,0,0.022,0.078,0.041,0.318,0.607,0.808,0.475,0.019,0.01,0.005,0,0.008,0,0,0,0.003,0.01,0,0,0.043,0.034,0.039,0,0.009,0.011,0.056,0,0.06,0,0,0.039,0.298,0.709,0.819,0.579,0.079,0.023,0.023,0,0.093,0,0.047,0.062,0,0.084,0.027,0.064,0.028,0.019,0.03,0,0.116,0.022,0,0.019,0,0,0.022,0.033,0.241,0.38,0.528,0.244,0.041,0.014,0.002,0,0,0.046,0.008,0.018,0,0,0,0.027,0,0,0,0,0.038,0,0.011,0,0,0.031,0,0,0,0.048,0.103,0.051,0,0.011,0,0,0,0.047,0.094,0,0.036,0,0.034,0,0.063,0,0,0,0,0.057,0.025,0,0.117,0.041,0,0.047,0,0,0,0.029,0.071,0.007,0,0.002,0.066,0.016,0.075,0.012,0.053,0.07,0.143,0.01,0.051,0,0,0,0,0,0,0.012,0.055,0.065,0,0,0.012,0,0.038,0.035,0,0,0.02,0,0.044,0.076,0.009,0.001,0.025,0.009
5,0.017,0.298,0.455,0.603,0.322,0.342,0.723,0.524,0.205,0.427,0.487,0.51,0.267,0.398,0.627,0.537,0.206,0.468,0.57,0.47,0.099,0,0,0.002,0,0,0.036,0,0.016,0.402,0.724,0.913,0.551,0.469,0.787,0.883,0.52,0.458,0.889,0.636,0.31,0.584,0.901,0.685,0.316,0.696,0.966,0.625,0.238,0.034,0,0,0,0,0,0.032,0,0.314,0.577,0.691,0.327,0.392,0.684,0.717,0.324,0.457,0.729,0.596,0.257,0.486,0.62,0.55,0.252,0.517,0.734,0.424,0.22,0,0,0.001,0,0,0,0.048,0,0.064,0.333,0.294,0.105,0.051,0.272,0.242,0.032,0.104,0.225,0.259,0.027,0.135,0.347,0.241,0.07,0.296,0.346,0.157,0,0,0,0.027,0.018,0.011,0,0,0.04,0.232,0.623,0.586,0.454,0.064,0,0,0.037,0,0,0,0.023,0,0,0,0.049,0,0,0,0,0,0,0.031,0,0,0.003,0,0,0.398,0.746,0.86,0.467,0.147,0.052,0.002,0.062,0.034,0,0,0.1,0.023,0,0,0.013,0,0,0,0,0.067,0,0,0.007,0,0,0,0.036,0.314,0.65,0.634,0.422,0.053,0,0,0,0,0.057,0.006,0.002,0.009,0.02,0.062,0.054,0.064,0,0,0.005,0.006,0.07,0,0,0,0,0.023,0.018,0.082,0.309,0.329,0.146,0.094,0.336,0.371,0.19,0.245,0.286,0.254,0.12,0.2,0.372,0.229,0.135,0.006,0,0,0,0.008,0.028,0,0,0.061,0,0.043,0,0.365,0.632,0.649,0.468,0.436,0.695,0.649,0.428,0.436,0.642,0.627,0.212,0.522,0.718,0.622,0.352,0,0,0,0.015,0.015,0.053,0,0.01,0.045,0,0,0.043,0.417,0.75,0.798,0.504,0.362,0.775,0.752,0.421,0.561,0.836,0.724,0.421,0.55,0.89,0.665,0.333,0,0.098,0.051,0.067,0,0,0.097,0,0,0.055,0.088,0.037,0.243,0.522,0.565,0.232,0.34,0.517,0.5,0.381,0.297,0.417,0.468,0.248,0.374,0.556,0.572,0.173,0,0,0.016,0,0.031,0,0.066,0,0,0.057,0,0,0,0.124,0.184,0.038,0.002,0.114,0.147,0.008,0.011,0.104,0.03,0,0.075,0.158,0.027,0.153,0.345,0.371,0.259,0,0.005,0,0.061,0.022,0.099,0,0.112,0.036,0.038,0,0,0.035,0.033,0,0.058,0,0,0,0,0.07,0,0.115,0.08,0.274,0.547,0.822,0.601,0.222,0,0.016,0.015,0.053,0,0.128,0.015,0,0,0,0.009,0.022,0.039,0.094,0.027,0.033,0.069,0,0,0.019,0.034,0.028,0,0.173,0.629,0.757,0.58,0.214,0,0,0.066,0,0,0.021,0,0.071,0.051,0.035,0,0,0,0,0,0,0,0.041,0.031,0,0,0,0,0.219,0.375,0.413,0.316,0.022,0,0.026,0.058,0,0,0.023,0,0,0,0.042,0,0,0.102,0,0.086,0.002,0.064,0.025,0.06,0,0,0.05,0.065,0.156,0.348,0.423,0.325,0.099,0,0,0.046,0.074,0,0,0.036,0,0,0,0,0.02,0,0,0,0,0.035,0.064,0.073,0.075,0,0,0.017,0.283,0.692,0.832,0.5,0.212,0.06,0,0.016,0,0,0,0,0.018,0,0.029,0.024,0.034,0.09,0,0.003,0.022,0,0.036,0.037,0.142,0,0.035,0,0.325,0.617,0.695,0.543,0.335,0.014,0,0.058,0.026,0.032,0.046,0.047,0.028,0,0.175,0.197,0.003,0,0,0.044,0,0.077,0,0.069,0,0,0.051,0,0.02,0.366,0.418,0.262,0,0,0.042,0.133,0.005,0,0.004,0,0,0.23,0.465,0.533,0.299,0.108,0.01,0.006,0,0,0.035,0.08,0,0,0.049,0.029,0.143,0.36,0.539,0.446,0.183,0,0,0,0.052,0,0.024,0,0,0.425,0.813,0.763,0.491,0.115,0,0.004,0,0.064,0.022,0,0.062,0.042,0.067,0.017,0.321,0.647,0.887,0.593,0.249,0,0.041,0,0.031,0.007,0.028,0,0.066,0.306,0.615,0.703,0.375,0.067,0.057,0,0,0,0.03,0,0,0,0,0,0.213,0.568,0.672,0.447,0.12,0.01,0,0.1,0.119,0.013,0.067,0,0,0.061,0.289,0.312,0.307,0.167,0.209,0.25,0.021,0.162,0.287,0.143,0,0.217,0.167,0.148,0.027,0.284,0.318,0.256,0.014,0,0,0.006,0.11,0,0,0,0,0.046,0.015,0.022,0.019,0.351,0.56,0.609,0.279,0.385,0.579,0.48,0.199,0.417,0.629,0.529,0.281,0,0,0,0,0,0,0.014,0,0,0.019,0,0,0,0.044,0,0.128,0.449,0.778,0.82,0.46,0.568,0.884,0.853,0.366,0.572,0.975,0.607,0.252,0.087,0.047,0.032,0.135,0,0,0,0.041,0,0.057,0.044,0,0.092,0.019,0.077,0,0.372,0.699,0.585,0.293,0.421,0.586,0.525,0.27,0.461,0.704,0.45,0.281,0.027,0.008,0,0,0.02,0,0,0,0,0.02,0,0,0.057,0,0.017,0.002,0.069,0.29,0.204,0,0.163,0.286,0.165,0.062,0.1,0.349,0.119,0,0.004,0,0.027,0,0.026,0,0.073,0.034,0,0,0.076,0.033,0,0.016,0.018,0.029,0.04,0,0.03,0.007,0,0.087,0,0.007,0.047,0,0.007,0.063,0,0.011,0.066,0.063,0,0,0.122,0.029,0.028,0.103,0
6,0.021,0,0.039,0,0,0,0,0,0.001,0.34,0.452,0.491,0.18,0.491,0.562,0.449,0.076,0,0,0,0,0,0,0.019,0,0.026,0,0,0,0,0.075,0,0.013,0,0,0,0.149,0.453,0.819,0.747,0.418,0.689,0.91,0.744,0.274,0,0,0,0.025,0,0.042,0.051,0,0,0,0.017,0,0,0.017,0,0,0,0.069,0.016,0.062,0.395,0.698,0.619,0.373,0.528,0.795,0.512,0.179,0.033,0,0.074,0,0.015,0.099,0,0.014,0,0.008,0,0.001,0,0,0.022,0,0.039,0.246,0.249,0.225,0.28,0.322,0.3,0.188,0.315,0.38,0.19,0.08,0.029,0,0,0,0,0,0,0,0.018,0.014,0,0,0,0.103,0,0.069,0.247,0.511,0.608,0.481,0.091,0,0.029,0,0.028,0.035,0,0.092,0.079,0,0,0,0,0,0,0.061,0.121,0,0,0,0.024,0.029,0,0.012,0.388,0.755,0.891,0.541,0.131,0,0,0,0,0.022,0.019,0,0,0.011,0,0.014,0.032,0,0.003,0.09,0,0.053,0,0,0.006,0,0.072,0.006,0.185,0.619,0.608,0.443,0.072,0.056,0.016,0.074,0,0.08,0.049,0,0,0.021,0,0,0,0,0,0,0,0.03,0.072,0.011,0.093,0.353,0.345,0.357,0.06,0.147,0.183,0.029,0,0,0,0,0,0.041,0,0,0.052,0.091,0.203,0,0,0,0.046,0,0,0.023,0,0.047,0.221,0.592,0.772,0.525,0.242,0.002,0,0.024,0.028,0.043,0.018,0,0.028,0,0,0.075,0.027,0,0.065,0,0.104,0,0.112,0,0.031,0.063,0.059,0.013,0.248,0.618,0.852,0.654,0.282,0,0,0.052,0,0,0,0,0.056,0,0.071,0.112,0,0,0.02,0,0,0,0.091,0.075,0,0,0.022,0.016,0.061,0.297,0.362,0.438,0.052,0.112,0.21,0.086,0,0.233,0.176,0.01,0.188,0.243,0.17,0.082,0,0.034,0.034,0,0,0,0,0,0,0.065,0,0,0.144,0.394,0.641,0.437,0.107,0.589,0.562,0.375,0.389,0.526,0.561,0.222,0.375,0.504,0.409,0.153,0,0,0,0.098,0.021,0.05,0.061,0,0,0,0.059,0.024,0.27,0.618,0.948,0.632,0.259,0.678,0.83,0.55,0.388,0.913,0.776,0.43,0.602,0.912,0.604,0.253,0,0,0,0,0.056,0,0.035,0.057,0,0.046,0,0.035,0.126,0.54,0.666,0.548,0.262,0.582,0.669,0.33,0.396,0.636,0.678,0.288,0.534,0.767,0.518,0.19,0.039,0.017,0,0.006,0,0.03,0.053,0.014,0,0.044,0,0.072,0.04,0.204,0.329,0.22,0,0.29,0.337,0.137,0.059,0.318,0.185,0.117,0.159,0.337,0.137,0.104,0.344,0.286,0.076,0,0.015,0,0,0,0,0.061,0.027,0,0.236,0.483,0.685,0.579,0.146,0,0,0,0,0,0,0.066,0.026,0.034,0.002,0.318,0.685,0.735,0.272,0.014,0,0,0.003,0,0,0,0,0.016,0.353,0.615,0.912,0.635,0.272,0.022,0.054,0.081,0.074,0,0,0.061,0,0,0.001,0.434,0.875,0.787,0.434,0.068,0.02,0,0.015,0.061,0,0,0,0.017,0.138,0.421,0.578,0.402,0.257,0,0,0,0.12,0,0.05,0.015,0.059,0.011,0,0.221,0.591,0.594,0.329,0,0.044,0.02,0.036,0,0,0,0.039,0,0.01,0.331,0.457,0.313,0.139,0,0,0.013,0,0.02,0,0.039,0,0,0,0.156,0.436,0.47,0.201,0.013,0,0.035,0,0,0.079,0,0.011,0.065,0.268,0.598,0.852,0.538,0.25,0,0.007,0,0.043,0,0,0.034,0,0.01,0.059,0.4,0.767,0.786,0.493,0.147,0,0.007,0.013,0.133,0.014,0,0.051,0,0.187,0.454,0.851,0.601,0.183,0.077,0.024,0,0.006,0,0,0,0.012,0.011,0.049,0.435,0.752,0.7,0.423,0.09,0,0.054,0,0,0,0,0.022,0,0.04,0.261,0.452,0.303,0.108,0.235,0.192,0.048,0.152,0.274,0.163,0,0.122,0.278,0.174,0.099,0.428,0.406,0.136,0.037,0,0,0.022,0.022,0.122,0.022,0.055,0,0,0.042,0.07,0,0.218,0.556,0.64,0.449,0.345,0.587,0.549,0.261,0.545,0.612,0.317,0.1,0.065,0.055,0,0,0,0,0.018,0,0.035,0.064,0,0.006,0,0,0.041,0.099,0.353,0.726,0.848,0.56,0.508,0.881,0.742,0.367,0.603,0.965,0.604,0.296,0,0.047,0.07,0,0,0.06,0.037,0,0,0.048,0,0,0,0.004,0,0.03,0.303,0.518,0.596,0.356,0.416,0.674,0.614,0.339,0.549,0.707,0.467,0.224,0.021,0.01,0,0.006,0,0.012,0,0.051,0,0.011,0,0.009,0.041,0,0.023,0,0.117,0.158,0.288,0.165,0.128,0.36,0.148,0.083,0.131,0.259,0.186,0,0.017,0.073,0.079,0.112,0.032,0,0.036,0,0.009,0.009,0,0.008,0,0.042,0,0,0.028,0,0.049,0.012,0.069,0.113,0,0,0,0.02,0,0.093,0.003,0.017,0,0.044,0,0,0,0,0,0.037,0,0,0.036,0.025,0,0.033,0,0.051,0.01,0,0,0.052,0.05,0.065,0.003,0,0,0,0.002,0.047,0,0.004,0,0,0.027,0,0,0.022,0
7,0.072,0.018,0,0.296,0.704,0.888,0.526,0.41,0.773,0.824,0.499,0.352,0.758,0.815,0.481,0.367,0.765,0.829,0.551,0.323,0.719,0.867,0.566,0.131,0,0.129,0,0,0.017,0.066,0,0.316,0.536,0.603,0.408,0.301,0.502,0.51,0.408,0.233,0.494,0.483,0.347,0.255,0.486,0.58,0.315,0.223,0.491,0.508,0.243,0.037,0.029,0,0.036,0,0,0,0.011,0,0.121,0.179,0.135,0,0.228,0.305,0.089,0.063,0.127,0.199,0,0.067,0.263,0.182,0.146,0,0.193,0.318,0.111,0,0.014,0.059,0.071,0.04,0,0.033,0,0,0.015,0,0.079,0.013,0.003,0.05,0.029,0.099,0,0.041,0,0,0.012,0.003,0,0.317,0.564,0.717,0.439,0.099,0,0,0.041,0,0.042,0.002,0,0.07,0,0.043,0.055,0.074,0.004,0,0.068,0,0,0,0.026,0.053,0.075,0,0.025,0.318,0.719,0.863,0.509,0.076,0.018,0,0,0.017,0.012,0.044,0,0,0,0.031,0.063,0.031,0.025,0.013,0.002,0.005,0,0,0.025,0.064,0.031,0.044,0.017,0.192,0.552,0.472,0.31,0,0.03,0,0.013,0,0.045,0.018,0.038,0.038,0,0,0,0,0,0.017,0.017,0,0,0,0,0.138,0.295,0.416,0.199,0,0.121,0.155,0,0,0.065,0.021,0.036,0,0.114,0,0.081,0,0.014,0,0.055,0.006,0.119,0,0.062,0.029,0,0.028,0,0.317,0.583,0.669,0.363,0.108,0,0,0.02,0.005,0,0,0.006,0,0,0,0.043,0,0.039,0.083,0,0,0.004,0,0,0.011,0.032,0.013,0.056,0.372,0.835,0.759,0.429,0.115,0,0.012,0,0.066,0,0,0.009,0,0,0,0.034,0,0.028,0,0,0.013,0.023,0.062,0.052,0,0.003,0,0.02,0.263,0.548,0.578,0.363,0.012,0.068,0.068,0,0.034,0.079,0,0.034,0.019,0,0,0,0.005,0.051,0,0.037,0,0,0.013,0.043,0.068,0.367,0.365,0.174,0.026,0.132,0.212,0.043,0.112,0,0.085,0,0.026,0,0.024,0.01,0,0,0,0.056,0,0.003,0.133,0.028,0.103,0.044,0,0,0.364,0.682,0.69,0.369,0.104,0,0,0.09,0,0.015,0,0.03,0,0,0,0,0,0,0,0,0.005,0.013,0,0,0,0.065,0,0.024,0.419,0.729,0.924,0.521,0.164,0,0,0,0,0.053,0.046,0,0,0.051,0,0,0.035,0,0.013,0.113,0.029,0.061,0,0,0,0.024,0.028,0.088,0.171,0.449,0.532,0.314,0.014,0.02,0,0,0,0,0.052,0.022,0,0.058,0,0.1,0.046,0.036,0,0,0,0,0,0,0.11,0.293,0.492,0.228,0,0.115,0.206,0.046,0,0.057,0.01,0,0,0.049,0,0,0,0,0,0.014,0.006,0,0,0.054,0,0,0.012,0,0.379,0.621,0.723,0.41,0.133,0.073,0.054,0,0.056,0,0.011,0.034,0.047,0.061,0.053,0.033,0.069,0,0.062,0,0,0.072,0.031,0.016,0,0.024,0,0.061,0.343,0.754,0.809,0.525,0.141,0.01,0,0,0.04,0.01,0.024,0,0,0.061,0,0,0.007,0,0,0,0,0.006,0,0.02,0.015,0.035,0,0,0.222,0.378,0.601,0.374,0,0,0,0,0.038,0,0,0.028,0,0,0.016,0.006,0.061,0.065,0.021,0,0.057,0.008,0.028,0,0.055,0.003,0.028,0.013,0.1,0.313,0.392,0.18,0.114,0.073,0.012,0,0.018,0.025,0.065,0,0,0,0,0.038,0.006,0,0.03,0,0.046,0,0.016,0.047,0.082,0,0.005,0,0.368,0.635,0.737,0.356,0.131,0,0.032,0.026,0.026,0.042,0.011,0,0,0,0.06,0,0.02,0,0.098,0,0,0,0.047,0.11,0.018,0.052,0.031,0.025,0.512,0.734,0.869,0.433,0.145,0.027,0.028,0.029,0.049,0,0.028,0,0.051,0.004,0.033,0,0,0.036,0,0.084,0,0.05,0,0,0.029,0.097,0.058,0.048,0.162,0.437,0.519,0.39,0.141,0.017,0.049,0.045,0.165,0.054,0,0.015,0.004,0,0,0.05,0,0.012,0,0,0.001,0,0,0.009,0,0,0,0,0.165,0.352,0.337,0.212,0.053,0.139,0,0,0.026,0.063,0.073,0.068,0.023,0.035,0.037,0.012,0,0,0,0.019,0.01,0.028,0,0.022,0,0.011,0,0,0.37,0.621,0.731,0.471,0.103,0.009,0.059,0,0,0,0,0,0.05,0,0.02,0,0,0,0.053,0,0,0,0,0,0.048,0.01,0.017,0.031,0.337,0.803,0.817,0.455,0.088,0,0,0,0.013,0,0.025,0.028,0.007,0,0,0,0.001,0.076,0,0,0,0.043,0.009,0,0,0.034,0,0,0.221,0.388,0.642,0.349,0.005,0.005,0,0,0.009,0.049,0,0.081,0.037,0.043,0,0.02,0,0,0.012,0.046,0.047,0.032,0.077,0.062,0,0,0,0.033,0,0.136,0.213,0.042,0,0,0,0,0,0,0.018,0.055,0,0.061,0,0,0,0.071,0.003,0,0,0,0,0.037,0.064,0,0,0.062,0.053,0.022,0,0,0.016,0,0,0,0.029,0,0,0.047,0.003,0.054,0.063,0,0,0,0.024,0,0
8,0,0,0.061,0.004,0.006,0.411,0.655,0.71,0.462,0.497,0.742,0.702,0.434,0.505,0.835,0.628,0.232,0.038,0,0.046,0,0,0,0,0.043,0.012,0,0.041,0.026,0.099,0.076,0,0,0.353,0.675,0.791,0.47,0.39,0.79,0.811,0.348,0.531,0.742,0.68,0.278,0.071,0.112,0,0.058,0,0,0.02,0,0,0,0,0.001,0,0.105,0.206,0.134,0.213,0.408,0.509,0.199,0.218,0.435,0.433,0.115,0.323,0.419,0.407,0.081,0.03,0.17,0.042,0,0,0.067,0,0,0,0,0.025,0.038,0.1,0.345,0.438,0.427,0.023,0.049,0.126,0.05,0.038,0.115,0.102,0.02,0.125,0.254,0.046,0.096,0.425,0.405,0.329,0.004,0,0.031,0.004,0,0,0.001,0.009,0,0.321,0.553,0.907,0.611,0.199,0,0,0.058,0,0.056,0,0,0.092,0.007,0.041,0.341,0.691,0.843,0.621,0.166,0.003,0.06,0,0.068,0,0.025,0.053,0.008,0.259,0.435,0.684,0.537,0.306,0,0.022,0.024,0.114,0,0.006,0,0,0,0.015,0.234,0.564,0.702,0.48,0.237,0,0.056,0.109,0.017,0.058,0,0.064,0.002,0.072,0.217,0.441,0.23,0,0.026,0.002,0,0.057,0,0.006,0,0.003,0.028,0.023,0.115,0.318,0.351,0.278,0.046,0.005,0,0,0.025,0.013,0,0.057,0.032,0.175,0.442,0.696,0.509,0.19,0.129,0.023,0.04,0,0.046,0,0.064,0,0.059,0,0.22,0.427,0.664,0.421,0.118,0.02,0,0.032,0,0.054,0.019,0.035,0,0.224,0.696,0.979,0.571,0.264,0,0,0.1,0.03,0,0.178,0.033,0,0.049,0,0.27,0.682,0.906,0.507,0.115,0.021,0.055,0.036,0.016,0.019,0.061,0,0,0.17,0.493,0.553,0.478,0.119,0.006,0.007,0,0.012,0.027,0.033,0.057,0,0,0.039,0.165,0.542,0.481,0.429,0.127,0,0,0.105,0,0.056,0.148,0.026,0.016,0.028,0.188,0.289,0.188,0.097,0.267,0.352,0.192,0.158,0.425,0.381,0.151,0.329,0.437,0.378,0.015,0.154,0.302,0.085,0.05,0,0.032,0,0.004,0.001,0.038,0.027,0,0,0.077,0.058,0.078,0.281,0.752,0.729,0.48,0.41,0.817,0.645,0.316,0.548,0.847,0.585,0.309,0,0,0.05,0,0,0,0.059,0.099,0.013,0.048,0.017,0.057,0.003,0,0.014,0.097,0.411,0.789,0.792,0.579,0.499,0.837,0.731,0.447,0.555,0.857,0.607,0.281,0.005,0,0,0,0,0,0.024,0,0.073,0.019,0,0,0,0.079,0.072,0.067,0.161,0.275,0.459,0.317,0.197,0.43,0.493,0.152,0.27,0.494,0.406,0.119,0.111,0.169,0.072,0.044,0,0.042,0.064,0.053,0.068,0,0.045,0.026,0.152,0.326,0.556,0.366,0.169,0.097,0.031,0,0,0.114,0.198,0.087,0.006,0.131,0.113,0.227,0.502,0.573,0.379,0.009,0,0.096,0,0.028,0.046,0.001,0,0,0.239,0.592,0.927,0.626,0.264,0,0,0.097,0,0,0,0,0.008,0.042,0.1,0.224,0.71,0.884,0.553,0.178,0.039,0,0,0.018,0.008,0.041,0,0,0.217,0.489,0.734,0.52,0.262,0.034,0.016,0,0.028,0,0.054,0,0.011,0,0.004,0.288,0.524,0.818,0.446,0.096,0.013,0.017,0.05,0,0.082,0.036,0.065,0,0,0.255,0.397,0.368,0.148,0,0,0,0,0.02,0,0,0.085,0,0.051,0.141,0.331,0.337,0.176,0.027,0,0,0.057,0.042,0,0,0,0,0.206,0.406,0.679,0.503,0.261,0,0,0,0,0.072,0.011,0,0.118,0,0,0.28,0.523,0.666,0.429,0.186,0.048,0.033,0.051,0,0.137,0.06,0.085,0.015,0.166,0.596,0.947,0.625,0.173,0.041,0.034,0.014,0,0.037,0,0.015,0,0,0,0.311,0.754,0.93,0.576,0.174,0,0.086,0.015,0,0,0,0,0.037,0.117,0.489,0.672,0.494,0.221,0,0.066,0,0,0.061,0,0.035,0.069,0,0,0.157,0.539,0.553,0.419,0.171,0,0.008,0,0.059,0,0.04,0.019,0,0.009,0.08,0.218,0.139,0.179,0.329,0.391,0.198,0.175,0.457,0.404,0.157,0.412,0.362,0.373,0.109,0.158,0.195,0.151,0.042,0,0,0,0,0,0.061,0,0.012,0,0,0,0.084,0.329,0.589,0.726,0.468,0.361,0.749,0.628,0.331,0.524,0.775,0.598,0.203,0.026,0.034,0.053,0.03,0.057,0,0,0.013,0.08,0.081,0.143,0.101,0,0.052,0.003,0,0.288,0.73,0.849,0.469,0.387,0.771,0.799,0.406,0.646,0.874,0.658,0.293,0,0.007,0,0.05,0.02,0.076,0.119,0,0.088,0.058,0,0,0,0.021,0.041,0.028,0.215,0.537,0.469,0.317,0.291,0.496,0.475,0.279,0.397,0.469,0.34,0.086,0,0.006,0,0.075,0,0.012,0,0,0.01,0,0,0.03,0,0.038,0.044,0,0,0.07,0.141,0,0,0.13,0.059,0.017,0.051,0.187,0.079,0.086,0.027,0.054,0,0,0.003,0.092,0,0.035,0,0.006,0,0,0.042,0,0,0.006,0,0,0,0,0,0,0,0,0,0,0,0.049,0.075,0,0,0.018,0.066,0,0.017,0,0.103,0,0,0.012,0,0,0,0,0,0.022,0,0,0.022,0,0.04,0.021,0.02,0.041,0.071,0.015,0.05,0.037,0.07,0,0,0.111,0.032,0,0,0,0.005
9,0.037,0.023,0.018,0.026,0.083,0.031,0.29,0.772,0.823,0.503,0.377,0.721,0.809,0.452,0.395,0.749,0.662,0.404,0.05,0,0,0.043,0,0.094,0,0,0,0.024,0.053,0,0,0.022,0.08,0,0.226,0.623,0.731,0.494,0.308,0.665,0.812,0.453,0.464,0.788,0.652,0.308,0.048,0.037,0.018,0.088,0,0,0,0,0.036,0,0,0,0,0,0.142,0.071,0.071,0.355,0.391,0.31,0.146,0.443,0.514,0.399,0.275,0.408,0.38,0.339,0.017,0.061,0.201,0.005,0,0,0,0.002,0,0,0,0,0.072,0.419,0.501,0.394,0.059,0,0.076,0.023,0,0.117,0.092,0.011,0,0.105,0.037,0,0.28,0.483,0.416,0.263,0.044,0,0.034,0,0.064,0.031,0.102,0,0.306,0.646,0.913,0.62,0.276,0.057,0,0,0.068,0,0,0.022,0,0,0,0.189,0.49,0.877,0.68,0.233,0.061,0,0,0.024,0,0.021,0.032,0.052,0.255,0.568,0.797,0.541,0.213,0,0,0.017,0.061,0,0,0,0.03,0.069,0,0.064,0.443,0.764,0.58,0.244,0.057,0,0,0,0,0.013,0.035,0.104,0,0.332,0.333,0.302,0,0,0,0,0,0.016,0,0,0,0.055,0.026,0,0.236,0.408,0.342,0.139,0,0,0,0.058,0,0,0.053,0.076,0.179,0.401,0.53,0.448,0.061,0.025,0.116,0,0.038,0,0.015,0.002,0,0,0.017,0,0.318,0.49,0.545,0.255,0,0.029,0,0,0.035,0.009,0.004,0,0.311,0.53,0.926,0.636,0.279,0,0,0,0.066,0,0.032,0,0.007,0,0.074,0.136,0.554,0.795,0.777,0.359,0,0,0.041,0,0,0,0.018,0,0.143,0.5,0.705,0.631,0.097,0,0.026,0.029,0.01,0,0.026,0,0.025,0.041,0.065,0.092,0.421,0.706,0.555,0.316,0,0.103,0.023,0,0.028,0,0.093,0.044,0,0.288,0.3,0.292,0.047,0.155,0.234,0.245,0,0.185,0.242,0.125,0.078,0.314,0.184,0.048,0.148,0.283,0.322,0.152,0.062,0,0.042,0,0,0,0.002,0.003,0.037,0.059,0.008,0.056,0.215,0.476,0.581,0.399,0.326,0.449,0.661,0.356,0.321,0.542,0.55,0.327,0.352,0.531,0.597,0.266,0,0.097,0.086,0,0.023,0,0,0.018,0,0.048,0,0,0.314,0.623,1,0.546,0.369,0.705,0.842,0.484,0.494,0.682,0.817,0.412,0.584,0.88,0.682,0.342,0.046,0,0,0.037,0,0,0,0.032,0.105,0,0,0,0.228,0.526,0.587,0.466,0.374,0.528,0.567,0.39,0.311,0.632,0.594,0.362,0.487,0.606,0.579,0.252,0.047,0,0,0.007,0,0,0.012,0,0,0.037,0,0,0.035,0.244,0.26,0.178,0.083,0.233,0.184,0.048,0.02,0.23,0.206,0.085,0.198,0.308,0.245,0.102,0,0,0.028,0.018,0,0.017,0,0.034,0,0,0.026,0.023,0,0,0,0.037,0,0.013,0.003,0,0.003,0,0.122,0.052,0.433,0.65,0.619,0.252,0.018,0.028,0,0.122,0,0.058,0,0,0.034,0.038,0,0.061,0,0,0,0,0,0,0.053,0.014,0.022,0.053,0,0.114,0.562,0.889,0.798,0.442,0.062,0.03,0,0,0.027,0,0,0,0.031,0.06,0,0,0,0,0.057,0.008,0,0.059,0.01,0,0.112,0,0,0.026,0.238,0.607,0.517,0.259,0.026,0.016,0,0,0.041,0,0.07,0,0,0,0.031,0,0,0.068,0,0.055,0,0,0,0.039,0.117,0.352,0.395,0.204,0.091,0.193,0.036,0,0.053,0.045,0.006,0.046,0,0,0,0.093,0,0,0.043,0,0.019,0.029,0.004,0.062,0,0,0,0.059,0.325,0.693,0.637,0.423,0.052,0,0.003,0,0.09,0,0.033,0,0,0.076,0.048,0,0,0.054,0,0,0,0.019,0.037,0,0.035,0.061,0,0.017,0.373,0.684,0.856,0.429,0.131,0,0,0.012,0.09,0.044,0,0,0.074,0,0.003,0.059,0.092,0.046,0.025,0.032,0.017,0.022,0.121,0,0.029,0.047,0.16,0,0.253,0.496,0.457,0.257,0,0,0.052,0.025,0.017,0.03,0.026,0.09,0.027,0,0,0,0.046,0.059,0,0,0.028,0.39,0.476,0.283,0.155,0.422,0.469,0.274,0,0.028,0.12,0.002,0,0,0,0,0.033,0,0,0,0,0.033,0.03,0.03,0,0.008,0.02,0,0.24,0.637,0.786,0.516,0.293,0.785,0.777,0.448,0.215,0,0,0,0.004,0,0,0.016,0,0,0.042,0.114,0.053,0,0.004,0.004,0,0.073,0,0.01,0.349,0.572,0.863,0.598,0.456,0.698,0.74,0.424,0.132,0.007,0.09,0.004,0,0.046,0,0,0.052,0.029,0.027,0,0.054,0,0.003,0,0,0,0,0,0.158,0.436,0.484,0.273,0.154,0.307,0.443,0.276,0.019,0,0,0,0.015,0.099,0.01,0,0,0,0.04,0,0,0.02,0.027,0,0,0.051,0,0,0.009,0,0.054,0.064,0.048,0,0,0,0,0,0.005,0,0.066,0,0.037,0.07,0,0,0.024,0.005,0.022,0.058,0.056,0,0,0.004,0.018,0,0,0,0.036,0.005,0,0.028,0,0,0,0.022,0,0.015,0,0,0,0,0.02,0.01,0.032,0.009,0.034,0.047
0,0,0,0.002,0.025,0.037,0,0.013,0.012,0.24,0.436,0.5,0.27,0.321,0.561,0.414,0.172,0.53,0.579,0.334,0.056,0.072,0.039,0,0.035,0.058,0.068,0,0,0,0.022,0.063,0.005,0,0.007,0.004,0.01,0.455,0.743,0.825,0.515,0.581,0.886,0.686,0.337,0.659,0.878,0.527,0.184,0,0.071,0,0,0,0,0,0,0,0.108,0,0,0.123,0.061,0.081,0.055,0.445,0.742,0.793,0.334,0.491,0.69,0.569,0.314,0.608,0.88,0.539,0.208,0,0.043,0.038,0,0.071,0.065,0.004,0,0,0,0,0.113,0,0.219,0.293,0.089,0.165,0.409,0.393,0.212,0.324,0.367,0.401,0.111,0.32,0.299,0.341,0.181,0.22,0.118,0.098,0.002,0,0.015,0.084,0.009,0.034,0.025,0,0.048,0.206,0.478,0.544,0.466,0.153,0.02,0.071,0.006,0,0.037,0,0,0,0.006,0.06,0.372,0.639,0.588,0.233,0.022,0,0.006,0,0,0,0.017,0,0.03,0.361,0.624,0.911,0.649,0.23,0.037,0,0,0,0.034,0,0,0.07,0,0.151,0.526,0.851,0.825,0.487,0,0.014,0.089,0,0,0,0.036,0,0,0.091,0.517,0.609,0.516,0.147,0,0.012,0.058,0,0,0,0,0,0.031,0.025,0.432,0.57,0.655,0.338,0,0,0,0.05,0.011,0.034,0.005,0,0,0.03,0.317,0.421,0.316,0.023,0.027,0,0,0.013,0,0,0.043,0.304,0.341,0.258,0.19,0.393,0.346,0.163,0,0.039,0,0.094,0,0,0.013,0.014,0,0.212,0.661,0.729,0.585,0.207,0.023,0,0.003,0,0,0.014,0.291,0.612,0.778,0.525,0.437,0.65,0.652,0.347,0.01,0.005,0.004,0.007,0.006,0,0.078,0.024,0.016,0.361,0.656,0.886,0.593,0.316,0,0.012,0.047,0.064,0,0.063,0.281,0.77,0.8,0.456,0.457,0.852,0.713,0.438,0.023,0,0,0,0,0,0,0.002,0.133,0.056,0.341,0.519,0.286,0.089,0.032,0,0,0.055,0.212,0.027,0.074,0.389,0.541,0.332,0.296,0.46,0.414,0.307,0.094,0.016,0,0,0.008,0,0.052,0,0.085,0.182,0.439,0.51,0.383,0.06,0.027,0.053,0.155,0.397,0.573,0.473,0.102,0.177,0.12,0.075,0.271,0.521,0.502,0.3,0.073,0.013,0,0,0.003,0,0.043,0.05,0.032,0.336,0.7,0.869,0.593,0.21,0.031,0,0.18,0.642,0.897,0.744,0.303,0.033,0.048,0.229,0.383,0.852,0.725,0.388,0.103,0.07,0,0.074,0.008,0.018,0,0,0.031,0.279,0.682,0.731,0.485,0.2,0.01,0,0.197,0.46,0.693,0.563,0.144,0.015,0,0.078,0.36,0.657,0.69,0.285,0.02,0,0.038,0,0,0.029,0,0,0.017,0.101,0.229,0.276,0.21,0.08,0.258,0.284,0.015,0.162,0.37,0.368,0.073,0.02,0,0,0.221,0.354,0.365,0.146,0.082,0.044,0,0.014,0.014,0,0.035,0,0,0.245,0.55,0.627,0.511,0.348,0.604,0.66,0.344,0.003,0,0,0.061,0,0,0,0.367,0.589,0.737,0.185,0.054,0.055,0,0.028,0.029,0,0.101,0,0,0.273,0.615,0.993,0.611,0.453,0.817,0.82,0.482,0,0.082,0.024,0,0.009,0,0.075,0.522,0.861,0.861,0.334,0.136,0.059,0.001,0,0,0,0.009,0.041,0,0.266,0.444,0.623,0.418,0.224,0.498,0.565,0.325,0.009,0.071,0,0.022,0,0.053,0.048,0.293,0.586,0.597,0.323,0.011,0.094,0.01,0.014,0,0.035,0.015,0.065,0.057,0.112,0.343,0.491,0.209,0.071,0.182,0.26,0.038,0,0,0,0.052,0,0.068,0,0.18,0.442,0.406,0.2,0,0,0.035,0,0,0.002,0,0,0,0.175,0.599,0.873,0.537,0.279,0,0,0,0,0.034,0,0,0,0.03,0.03,0.422,0.746,0.673,0.407,0.05,0,0,0,0.033,0.007,0,0,0,0.325,0.596,0.86,0.382,0.248,0.022,0.019,0,0.136,0,0,0.038,0.022,0.06,0.138,0.437,0.711,0.701,0.401,0.031,0,0.067,0,0.012,0.069,0,0,0.056,0.078,0.414,0.418,0.321,0.019,0.166,0.16,0.091,0.082,0.182,0.167,0.019,0.172,0.259,0,0.323,0.36,0.389,0.163,0.09,0.029,0.093,0,0.007,0,0,0,0.054,0.005,0.066,0.127,0.017,0.224,0.538,0.559,0.281,0.484,0.499,0.495,0.261,0.487,0.552,0.366,0.09,0.072,0.027,0,0,0,0.031,0.017,0.054,0,0,0.033,0,0.013,0,0,0.097,0.494,0.717,0.809,0.455,0.538,1,0.63,0.374,0.715,0.955,0.506,0.182,0.058,0.042,0.041,0.027,0.042,0.01,0,0,0.027,0.084,0,0,0,0,0,0.022,0.334,0.61,0.612,0.305,0.459,0.745,0.597,0.327,0.51,0.572,0.416,0.049,0.032,0,0.035,0.089,0.009,0,0.076,0,0,0,0,0,0,0,0,0,0.152,0.2,0.305,0.086,0.204,0.391,0.237,0.05,0.209,0.361,0.114,0.021,0,0,0,0,0.087,0.029,0,0,0.066,0.067,0,0.02,0.004,0.072,0.068,0.024,0.038,0.038,0.006,0.015,0.084,0.082,0,0.002,0,0.039,0.031,0,0.065,0,0,0.043,0.024,0,0,0.012,0,0,0.009,0.078,0,0.02,0.008,0.025,0.052,0.013,0.109,0.041,0.033,0,0.041,0.042,0,0.074,0,0,0,0,0,0.083,0.039,0.094,0.047,0
1,0,0,0,0,0,0.099,0,0,0,0.028,0.333,0.369,0.42,0.092,0,0.068,0,0.059,0.01,0,0.024,0.041,0.018,0.045,0,0.062,0,0,0,0,0,0,0.1,0.022,0,0.003,0,0.212,0.61,0.766,0.613,0.295,0.064,0,0,0,0.09,0.015,0,0,0.036,0,0,0,0,0,0.079,0,0,0.089,0.011,0.061,0,0,0,0.23,0.542,0.834,0.618,0.375,0,0.019,0,0.059,0,0.069,0,0,0.051,0.008,0.066,0,0.071,0,0.158,0.047,0,0,0,0,0.093,0.173,0.219,0.118,0.322,0.494,0.435,0.177,0.066,0.006,0.061,0.019,0,0,0.053,0.068,0.007,0,0,0,0.005,0.022,0.06,0,0.027,0,0,0.024,0.233,0.537,0.594,0.312,0.457,0.482,0.423,0.195,0.051,0.024,0,0.043,0.017,0.045,0.003,0.027,0.035,0.088,0.018,0,0,0,0,0,0.022,0,0,0.035,0.43,0.621,0.887,0.577,0.59,0.909,0.7,0.295,0.009,0,0,0,0,0.058,0,0.033,0,0,0.032,0.018,0,0,0.033,0,0.008,0,0,0.002,0.252,0.514,0.635,0.391,0.52,0.623,0.565,0.204,0.054,0,0.029,0,0,0,0.072,0.006,0,0,0,0.034,0.063,0.003,0,0.022,0.005,0.005,0,0,0.041,0.198,0.268,0.224,0.391,0.386,0.347,0.104,0,0.115,0,0,0.061,0,0.031,0.024,0,0.027,0,0,0.029,0.115,0.045,0,0.048,0,0.036,0,0,0,0,0.178,0.479,0.789,0.611,0.286,0,0.048,0.089,0,0.084,0,0.018,0,0,0.008,0,0.091,0.058,0.03,0,0.015,0.009,0,0.061,0,0.077,0.014,0,0.18,0.469,0.793,0.602,0.304,0.022,0,0.087,0,0.08,0,0,0,0.061,0.044,0.009,0,0,0,0.047,0.019,0,0.01,0.056,0.058,0,0,0.034,0,0.328,0.463,0.285,0.131,0,0.046,0,0.048,0,0,0.021,0,0.053,0.032,0,0.034,0,0,0,0,0,0,0,0,0,0.054,0,0.13,0.463,0.589,0.528,0.349,0.002,0,0.006,0,0.006,0.027,0,0.011,0,0.036,0,0,0,0,0.078,0,0.008,0,0,0.046,0.003,0,0.038,0.216,0.502,0.945,0.685,0.324,0,0,0,0.047,0.05,0.056,0.076,0,0.032,0,0,0.054,0.086,0.044,0.041,0.091,0,0,0,0.094,0,0,0,0.105,0.441,0.65,0.493,0.269,0,0.016,0,0,0.066,0.018,0.032,0.129,0,0,0.019,0.066,0,0.078,0,0,0.019,0,0.044,0,0,0,0.045,0.114,0.385,0.526,0.46,0.178,0,0.045,0,0.043,0,0.013,0.099,0,0.023,0.019,0,0,0.03,0,0.025,0,0,0,0.049,0.061,0.055,0.056,0,0.271,0.527,0.871,0.62,0.366,0,0,0.04,0.066,0.066,0,0,0,0,0,0.06,0.032,0.014,0,0,0,0,0,0,0,0.023,0,0.002,0.035,0.476,0.787,0.624,0.353,0.048,0.023,0.054,0,0,0.043,0,0,0.015,0.01,0,0,0,0,0,0,0,0,0,0,0.012,0.044,0,0.051,0.173,0.435,0.204,0.121,0,0,0.005,0.006,0.036,0,0.056,0.04,0.03,0.129,0,0,0,0,0.03,0,0,0,0,0.05,0,0,0,0.194,0.46,0.87,0.575,0.26,0.051,0.033,0,0.014,0,0,0.034,0,0.065,0.002,0,0,0.03,0,0,0.01,0,0,0.007,0.004,0,0.006,0,0.179,0.471,0.866,0.623,0.287,0.006,0,0.064,0,0.009,0,0,0,0.003,0,0,0.038,0,0.01,0.015,0.098,0,0,0.064,0.003,0.043,0.134,0.179,0.041,0.454,0.469,0.471,0.236,0.106,0.296,0.013,0,0.013,0,0,0,0.007,0.099,0.039,0.05,0,0.078,0,0.059,0,0.073,0,0.047,0.205,0.531,0.497,0.354,0.427,0.577,0.535,0.301,0.542,0.573,0.267,0,0,0,0,0,0.03,0.086,0.022,0.009,0,0.044,0,0.062,0,0,0.029,0,0.321,0.741,0.807,0.58,0.617,0.851,0.72,0.353,0.745,0.958,0.453,0.117,0,0,0.145,0.041,0,0,0,0,0,0.012,0,0.066,0,0.014,0,0.06,0.314,0.599,0.704,0.477,0.393,0.627,0.557,0.323,0.573,0.713,0.285,0.037,0.036,0.015,0,0,0.013,0,0.043,0,0,0,0,0.05,0,0.022,0,0,0.087,0.296,0.262,0.2,0.116,0.377,0.239,0.12,0.307,0.325,0.086,0.016,0.037,0,0,0,0,0,0.019,0,0,0,0.027,0,0,0.073,0,0.059,0,0.008,0,0,0.039,0,0,0.025,0.003,0,0.119,0,0.083,0.081,0.022,0,0.031,0,0.057,0.003,0,0.091,0,0.011,0.04,0,0.02,0.026,0.004,0.045,0,0,0.041,0.078,0,0,0,0.097,0,0,0,0.008,0,0.073,0,0,0.031,0.012,0.048,0,0.058,0.002,0,0.025,0,0,0,0,0,0,0,0,0.011,0,0,0,0,0.036,0.035,0,0.031,0.064,0,0.045,0,0,0,0
2,0,0,0,0,0.023,0.077,0.18,0.317,0.346,0.055,0.175,0.252,0.16,0.158,0.165,0.245,0.118,0,0.06,0,0,0,0.057,0,0,0.035,0,0,0.087,0,0,0,0,0.042,0.392,0.511,0.692,0.323,0.635,0.683,0.507,0.367,0.609,0.533,0.295,0,0.006,0.016,0,0,0,0.026,0.017,0,0,0.026,0,0,0,0.033,0,0.181,0.579,0.934,0.768,0.406,0.657,0.93,0.57,0.471,0.909,0.73,0.385,0,0.091,0.029,0,0,0,0.034,0.009,0.066,0,0.047,0.054,0,0.063,0.029,0.209,0.048,0.4,0.599,0.595,0.381,0.527,0.576,0.539,0.422,0.65,0.611,0.197,0.013,0.172,0,0.012,0,0.058,0.067,0,0.077,0.029,0.021,0,0,0.099,0.345,0.478,0.373,0.062,0.233,0.106,0,0.167,0.233,0.182,0.023,0.202,0.179,0.212,0.379,0.449,0.271,0,0.011,0.041,0.024,0,0,0.024,0,0,0,0.261,0.598,0.88,0.551,0.229,0.006,0.058,0,0,0,0.004,0,0,0.043,0.25,0.762,0.775,0.534,0.155,0.034,0,0,0.058,0,0,0,0,0.092,0.269,0.612,0.807,0.57,0.245,0.082,0,0,0.026,0,0.015,0,0,0,0.288,0.641,0.804,0.507,0.2,0,0.017,0.012,0.049,0,0,0.101,0,0,0,0.319,0.483,0.226,0,0.075,0.031,0,0,0,0,0.039,0.044,0.018,0.076,0.323,0.317,0.332,0.001,0.071,0.04,0.022,0.024,0.006,0,0,0,0,0.029,0,0,0.084,0.064,0.002,0,0.001,0.081,0.008,0.116,0.019,0.053,0.047,0.332,0.52,0.653,0.38,0.113,0.029,0,0.038,0.018,0.015,0,0,0,0,0.057,0.074,0.018,0,0,0.018,0.036,0,0,0.073,0,0.027,0,0.015,0.393,0.628,0.923,0.533,0.046,0,0,0.016,0,0,0.098,0.077,0,0.033,0,0.007,0.004,0,0.001,0.081,0,0.08,0,0.073,0,0,0.166,0.108,0.239,0.587,0.522,0.4,0.015,0.045,0.006,0,0.014,0.021,0.017,0.019,0,0,0,0,0.063,0.011,0,0,0,0.022,0,0.022,0,0.423,0.501,0.463,0.305,0.12,0.167,0.096,0,0.02,0,0,0,0.006,0.016,0,0.015,0,0,0.001,0,0,0.07,0.037,0,0.01,0.036,0.095,0.111,0.48,0.832,0.768,0.328,0.035,0.028,0,0.081,0.073,0,0,0,0,0.071,0.085,0,0.029,0.005,0.02,0.001,0.026,0,0,0.018,0,0.102,0,0.161,0.465,0.689,0.714,0.25,0.043,0,0,0.027,0,0.015,0.048,0.085,0.065,0.023,0.049,0,0,0,0.042,0.139,0.114,0,0.018,0.018,0.078,0.369,0.405,0.241,0.217,0.316,0.375,0.202,0,0,0.121,0,0,0,0.007,0,0.062,0.011,0.009,0.071,0,0,0.127,0.057,0,0.048,0.063,0.03,0.233,0.564,0.645,0.579,0.178,0,0,0,0.021,0,0.078,0,0.069,0.022,0,0,0.047,0.01,0.019,0,0,0.052,0.035,0.028,0.007,0.046,0,0,0.4,0.634,0.898,0.605,0.08,0,0.028,0.151,0,0,0,0.064,0,0.024,0,0.006,0.046,0,0.011,0.003,0,0.021,0.005,0,0.094,0.098,0.116,0.156,0.156,0.545,0.453,0.382,0.055,0,0,0,0.015,0.094,0,0.028,0,0,0.013,0,0,0,0.005,0,0.046,0,0,0.011,0,0.378,0.512,0.491,0.265,0.11,0.065,0.076,0,0,0.061,0.047,0,0,0.032,0.049,0,0,0.028,0.047,0.005,0.014,0.042,0.014,0,0.046,0.09,0.029,0.095,0.504,0.901,0.806,0.425,0.017,0,0.056,0,0.037,0.025,0.068,0,0.039,0,0,0.04,0,0,0,0.07,0,0,0,0,0.095,0,0.017,0,0.337,0.662,0.657,0.397,0,0.037,0,0.055,0.028,0,0,0.118,0,0,0.024,0.057,0,0.101,0,0,0.024,0.003,0,0,0.027,0.239,0.292,0.197,0.158,0.332,0.297,0.117,0.294,0.437,0.227,0.141,0.321,0.376,0.074,0.339,0.401,0.214,0,0,0.016,0,0.026,0,0,0.027,0,0,0.245,0.514,0.715,0.467,0.411,0.696,0.688,0.35,0.624,0.705,0.454,0.437,0.636,0.669,0.314,0.716,0.718,0.442,0.102,0,0.031,0,0.006,0,0.011,0,0.077,0,0.236,0.593,0.894,0.514,0.481,0.786,0.662,0.366,0.676,0.85,0.576,0.502,0.878,0.628,0.373,0.625,0.858,0.554,0.189,0.041,0.107,0.043,0,0.056,0,0,0,0.069,0.205,0.339,0.454,0.501,0.311,0.43,0.393,0.192,0.483,0.493,0.369,0.336,0.533,0.416,0.118,0.461,0.384,0.237,0.144,0,0.06,0,0.001,0.016,0.057,0,0,0,0.129,0.065,0.162,0.02,0.032,0.147,0.094,0.071,0.17,0.161,0.014,0.068,0.153,0.171,0.009,0.122,0.024,0.083,0.033,0.003,0,0,0.058,0.048,0.041,0.056,0.013,0,0,0.014,0.036,0,0.009,0.057,0.042,0,0,0,0.023,0,0,0.026,0.011,0.008,0,0,0.032,0.04,0,0.016,0.038,0,0,0.028,0,0,0,0,0.048,0,0.045,0,0,0.04,0,0.054,0.144,0.098,0.024,0.001,0,0.038,0,0,0.013,0,0.04,0.054,0.048,0,0.003,0.09
3,0.02,0.023,0.135,0.346,0.332,0.102,0.294,0.372,0.263,0.223,0.438,0.261,0.142,0.299,0.311,0.226,0.138,0.32,0.41,0.11,0.003,0,0.063,0,0,0,0,0.002,0,0.096,0.344,0.743,0.603,0.396,0.641,0.767,0.543,0.443,0.726,0.702,0.365,0.598,0.749,0.519,0.539,0.687,0.658,0.281,0,0.063,0,0.038,0.058,0,0.085,0.032,0,0.015,0.416,0.91,0.851,0.367,0.684,0.854,0.61,0.463,0.898,0.761,0.442,0.669,0.937,0.594,0.424,0.797,0.74,0.392,0.029,0.041,0,0.012,0.05,0,0,0.058,0.087,0,0.394,0.497,0.496,0.259,0.389,0.497,0.352,0.364,0.508,0.444,0.176,0.413,0.605,0.41,0.247,0.487,0.445,0.161,0.004,0,0,0,0,0,0.018,0.004,0,0,0.012,0.198,0.141,0.138,0.013,0.083,0.037,0,0.163,0.096,0.227,0.394,0.564,0.424,0.108,0.207,0.124,0,0.088,0,0,0,0.023,0,0.044,0.061,0.008,0,0,0,0.006,0.001,0,0.021,0,0,0,0,0.305,0.657,0.982,0.642,0.261,0.031,0,0,0.037,0.006,0,0,0.028,0.062,0.067,0.028,0,0,0.048,0.058,0.003,0,0.094,0,0,0.069,0,0.021,0.234,0.585,0.677,0.541,0.205,0.008,0.001,0,0,0,0.024,0.016,0,0.117,0,0,0,0,0.001,0.035,0.014,0.059,0.035,0,0,0.219,0.315,0.32,0.199,0.292,0.268,0.09,0.012,0.007,0.035,0.066,0,0,0,0,0.04,0.017,0.018,0.053,0.1,0.022,0.002,0.04,0,0,0.017,0,0,0.456,0.771,0.588,0.367,0,0.087,0.044,0.003,0.014,0.004,0.043,0,0,0,0,0.099,0,0.015,0.024,0,0,0.028,0,0.009,0,0.081,0.066,0.093,0.451,0.829,0.686,0.481,0,0.073,0,0.043,0.087,0.004,0,0,0,0.048,0.033,0,0.058,0,0.074,0,0,0,0,0,0,0,0,0,0.299,0.452,0.371,0.231,0.114,0.129,0.161,0,0,0.039,0.026,0.033,0,0,0.069,0,0,0,0.006,0.014,0,0.033,0,0,0.012,0.068,0.022,0,0,0.117,0.082,0.266,0.489,0.477,0.37,0.14,0.068,0,0,0,0.01,0.01,0,0,0.048,0.095,0,0.085,0.033,0,0,0,0.086,0.079,0,0.009,0,0.033,0.05,0.314,0.644,0.851,0.585,0.25,0.031,0,0.011,0,0.126,0.012,0,0,0,0,0.027,0,0.047,0.003,0,0.001,0,0,0,0,0,0.072,0.014,0.22,0.579,0.71,0.532,0.192,0.017,0,0.117,0,0,0,0,0.15,0,0,0.021,0,0.071,0,0,0,0.047,0.03,0,0,0.081,0,0.059,0.036,0.338,0.336,0.246,0.224,0.35,0.326,0.137,0.065,0.098,0.002,0,0,0,0,0,0.075,0.056,0,0,0.007,0,0.031,0.022,0.003,0,0,0.002,0,0.009,0,0.085,0.46,0.764,0.696,0.346,0,0,0.043,0.081,0.012,0.006,0,0,0.01,0.073,0.021,0.063,0,0.003,0,0,0.004,0,0.026,0.006,0.045,0.055,0,0.073,0.502,0.777,0.663,0.408,0,0.035,0,0.083,0,0.106,0.033,0,0.019,0,0,0.174,0.161,0.081,0.058,0.049,0.015,0,0,0.005,0,0.022,0,0,0.337,0.394,0.468,0.299,0,0,0,0.099,0,0.07,0.018,0,0.078,0.046,0.337,0.565,0.564,0.33,0,0.029,0.07,0.015,0.029,0,0.056,0.075,0,0.129,0.365,0.469,0.532,0.294,0.02,0.026,0.044,0,0.057,0,0,0.026,0.039,0.115,0.563,0.838,0.762,0.387,0.079,0,0.004,0.025,0,0.016,0.007,0,0,0.213,0.584,0.924,0.825,0.38,0.097,0.013,0,0.025,0,0.006,0,0,0.016,0.092,0.336,0.704,0.636,0.314,0,0.033,0.044,0,0.091,0,0.029,0.051,0.027,0,0.343,0.609,0.607,0.365,0.061,0.058,0.007,0.045,0,0,0,0.009,0,0.053,0.14,0.315,0.154,0.125,0.316,0.413,0.23,0.225,0.284,0.468,0.159,0.234,0.483,0.273,0.134,0.291,0.206,0.152,0.023,0,0.091,0,0.021,0,0.032,0.073,0,0.015,0,0.029,0,0.191,0.469,0.702,0.443,0.47,0.674,0.768,0.418,0.527,0.699,0.561,0.189,0,0,0,0,0.01,0,0,0.064,0,0.013,0,0.008,0.143,0.043,0.005,0,0.262,0.651,0.847,0.57,0.541,0.775,0.678,0.329,0.631,0.85,0.47,0.229,0,0,0.143,0,0,0.005,0.048,0.044,0,0,0,0.005,0,0.084,0,0.001,0.053,0.426,0.524,0.339,0.064,0.467,0.474,0.153,0.429,0.381,0.311,0.084,0.054,0.048,0.006,0.079,0.105,0.073,0,0,0,0.021,0,0.004,0.008,0.054,0.028,0,0,0.001,0.172,0,0,0.091,0.055,0,0.086,0.008,0,0.021,0,0.06,0.046,0.026,0.023,0.04,0.048,0.045,0.021,0,0.016,0,0,0,0.009,0,0,0.079,0.041,0,0,0.025,0,0,0.035,0,0,0,0.03,0.102,0,0,0.07,0.024,0.003,0,0,0.089,0,0,0,0,0.013,0.02,0,0.013,0.008,0.014,0.022,0.02,0.044,0,0,0,0.072,0.013,0.022,0,0,0.129,0.091,0,0.011,0.059,0.01,0.058,0.052
4,0,0.07,0,0,0,0,0.047,0.063,0,0.051,0,0.029,0,0,0.229,0.6,0.691,0.45,0.122,0,0,0,0,0.079,0.085,0,0.057,0.112,0,0.055,0,0.001,0.007,0.071,0.037,0.006,0.007,0.004,0,0,0.074,0.064,0.363,0.622,0.912,0.575,0.257,0,0.005,0,0,0.002,0,0.046,0.01,0,0.056,0.015,0,0.074,0.063,0,0,0.051,0.039,0,0,0.038,0.068,0.007,0.119,0.34,0.54,0.363,0.107,0.089,0.009,0.055,0,0,0.038,0,0.061,0.033,0,0.093,0.017,0,0,0,0.002,0.028,0,0.028,0.029,0.253,0.422,0.382,0.048,0.275,0.442,0.264,0,0,0.002,0,0.034,0,0,0,0.061,0,0.02,0.009,0.062,0.023,0.039,0,0,0,0.014,0.089,0.163,0.517,0.704,0.553,0.218,0.702,0.738,0.571,0.263,0,0,0.15,0,0,0.003,0.039,0,0.053,0,0,0.023,0.001,0.113,0.032,0.015,0,0.034,0,0.216,0.526,0.801,0.586,0.249,0.662,0.697,0.585,0.227,0.028,0,0.06,0,0.053,0,0,0,0,0.053,0,0,0.053,0.048,0.037,0,0,0.201,0.093,0,0.319,0.419,0.419,0.115,0.29,0.498,0.353,0.031,0.045,0,0.033,0,0.033,0,0.04,0.014,0.012,0,0.045,0.034,0,0,0,0,0.391,0.555,0.443,0.187,0.038,0.003,0.058,0.179,0.506,0.501,0.382,0.086,0,0.041,0.015,0,0,0,0.019,0,0,0,0.036,0,0.018,0.05,0,0.143,0.605,0.794,0.672,0.314,0,0,0,0.337,0.607,0.817,0.588,0.218,0,0,0.057,0,0,0,0.097,0.021,0.06,0,0.011,0,0.055,0.005,0.077,0.138,0.512,0.747,0.601,0.297,0,0,0,0.275,0.66,0.778,0.438,0.223,0.051,0.05,0.041,0,0.063,0.062,0.043,0,0.042,0,0,0,0.079,0.177,0.155,0,0.177,0.319,0.317,0.177,0.032,0.027,0,0.047,0.283,0.417,0.281,0.02,0.004,0.062,0.078,0.066,0,0.046,0.129,0,0.072,0,0.027,0.026,0.333,0.555,0.579,0.293,0,0.044,0.085,0,0,0.01,0,0.166,0.464,0.637,0.401,0.113,0,0.045,0,0,0,0.013,0.026,0.011,0.021,0,0.004,0.199,0.403,0.819,0.833,0.37,0.072,0.001,0.053,0.039,0.041,0.04,0.058,0.311,0.633,0.878,0.586,0.246,0,0.016,0.039,0.012,0,0.088,0,0,0.021,0.005,0.063,0.098,0.467,0.643,0.673,0.329,0.031,0,0.07,0.019,0.052,0.014,0,0.127,0.52,0.628,0.527,0.228,0,0.033,0.023,0,0,0.002,0.014,0,0.009,0,0,0.033,0.217,0.376,0.264,0.113,0.077,0.233,0.156,0.016,0.169,0.212,0.143,0.042,0.219,0.332,0.234,0,0.165,0.174,0.133,0,0,0,0.032,0.081,0,0.012,0,0,0.406,0.581,0.585,0.255,0.303,0.675,0.485,0.303,0.437,0.561,0.561,0.153,0.52,0.644,0.418,0.277,0.506,0.601,0.341,0.054,0,0.027,0.039,0,0.068,0.074,0,0.048,0.452,0.897,0.688,0.366,0.557,0.739,0.745,0.29,0.556,0.93,0.728,0.286,0.651,0.99,0.649,0.306,0.754,0.955,0.596,0.229,0.073,0.012,0,0.038,0,0,0,0.047,0.342,0.602,0.618,0.319,0.372,0.656,0.501,0.269,0.494,0.733,0.531,0.18,0.487,0.642,0.41,0.246,0.549,0.572,0.425,0.124,0,0.004,0.021,0.047,0,0.016,0,0.012,0.138,0.209,0.28,0.048,0.218,0.229,0.216,0.06,0.221,0.238,0.202,0.066,0.289,0.255,0.214,0.07,0.276,0.2,0.174,0,0,0.092,0,0.052,0.032,0,0.018,0.035,0.051,0,0,0.052,0,0.005,0.054,0.062,0.007,0.036,0.039,0.266,0.554,0.695,0.499,0.155,0.044,0.105,0,0.048,0.002,0.047,0.042,0,0,0.048,0.011,0,0.04,0,0.046,0.048,0.051,0,0,0,0.07,0,0,0.283,0.598,0.945,0.565,0.206,0.025,0.04,0,0,0,0.119,0,0.002,0.026,0,0.057,0.014,0,0.048,0.009,0,0,0,0,0,0.044,0,0,0.21,0.437,0.629,0.38,0.114,0.038,0.007,0.021,0,0.001,0,0.051,0.097,0.033,0,0.141,0,0,0,0.025,0,0,0,0.014,0.056,0,0,0,0.064,0.278,0.322,0.279,0,0,0,0.003,0.064,0.004,0.038,0,0,0,0.071,0.026,0.006,0,0,0.18,0.028,0.045,0.004,0.002,0,0,0.085,0.074,0.313,0.554,0.703,0.488,0.118,0.034,0,0,0,0.069,0,0,0,0,0,0,0.09,0,0,0,0,0,0.011,0.078,0.011,0.075,0.037,0,0.217,0.613,0.933,0.506,0.249,0,0,0,0,0,0,0,0,0.055,0,0.022,0,0,0,0.022,0.025,0,0,0,0,0,0.027,0,0.008,0.443,0.529,0.41,0.104,0,0,0.013,0,0.023,0.118,0,0.075,0.031,0,0.086,0.005,0,0,0.029,0,0,0,0.092,0.044,0,0,0,0,0.075,0.178,0.126,0.007,0.071,0.008,0.019,0.038,0,0.033,0,0,0,0.022,0,0,0,0.029,0.005,0,0,0.022,0,0.046,0.063,0,0.041,0,0.027,0,0,0,0,0.022,0,0,0.031,0.012,0.049,0,0.018
5,0.053,0,0.074,0.066,0.355,0.443,0.273,0.236,0.431,0.281,0.145,0.387,0.39,0.272,0.202,0.397,0.335,0.151,0.396,0.508,0.266,0,0,0.071,0,0,0.048,0,0,0,0,0.187,0.553,0.722,0.546,0.486,0.734,0.707,0.307,0.61,0.82,0.588,0.457,0.744,0.654,0.405,0.626,0.733,0.489,0.158,0,0,0,0.083,0.097,0,0,0,0,0.277,0.639,0.843,0.561,0.458,0.845,0.816,0.473,0.576,0.845,0.58,0.562,0.838,0.732,0.3,0.597,0.777,0.512,0.224,0,0.008,0.001,0,0.033,0.051,0.016,0,0.035,0.085,0.42,0.499,0.413,0.243,0.368,0.468,0.179,0.309,0.491,0.42,0.26,0.424,0.29,0.162,0.457,0.432,0.321,0.037,0.005,0.044,0.034,0,0.01,0,0.002,0.017,0.03,0.27,0.564,0.665,0.473,0.218,0,0.008,0.054,0,0.108,0,0,0.149,0.059,0,0.006,0.095,0,0,0.028,0,0.039,0,0,0.034,0,0.023,0.027,0.336,0.65,0.944,0.671,0.382,0.059,0.004,0,0,0,0.014,0.03,0,0,0,0.05,0,0.066,0,0.084,0,0,0.054,0.008,0,0.01,0,0,0.087,0.433,0.638,0.457,0.132,0.083,0.096,0,0.035,0.136,0,0,0.087,0.122,0.064,0,0,0.072,0,0.175,0.035,0.031,0,0,0,0,0.073,0.013,0.026,0.351,0.498,0.316,0.144,0.33,0.424,0.198,0.297,0.483,0.449,0.166,0.473,0.346,0.178,0.014,0,0.01,0.025,0.065,0.025,0,0,0.02,0.011,0.032,0,0,0.329,0.612,0.764,0.533,0.453,0.772,0.688,0.314,0.681,0.728,0.587,0.478,0.798,0.67,0.421,0.071,0,0,0.003,0.069,0,0.06,0.043,0,0,0.052,0,0,0.267,0.539,0.78,0.588,0.443,0.783,0.722,0.403,0.612,0.813,0.527,0.44,0.72,0.676,0.3,0,0,0.024,0.011,0,0,0,0.008,0.075,0,0,0,0,0.085,0.313,0.542,0.292,0.257,0.421,0.424,0.202,0.301,0.458,0.31,0.211,0.386,0.462,0.148,0.275,0.317,0.132,0,0,0,0,0,0,0.038,0,0,0.005,0,0,0.113,0.026,0,0.005,0.076,0,0,0.037,0.001,0.065,0,0.155,0.144,0.562,0.673,0.497,0.109,0,0,0,0,0,0,0.002,0.063,0.015,0.052,0.001,0.01,0,0,0.01,0,0,0.061,0.058,0,0,0,0.009,0.324,0.704,0.798,0.609,0.181,0,0.079,0.033,0.006,0.077,0,0,0,0,0.141,0,0,0,0.011,0,0,0.046,0,0.037,0.019,0.039,0,0,0.188,0.476,0.559,0.426,0.117,0,0,0.009,0,0,0.028,0,0.01,0,0,0,0,0,0.044,0.065,0,0,0.015,0,0,0.029,0.072,0,0.116,0.316,0.435,0.289,0,0.06,0,0,0.009,0.072,0,0,0.075,0,0.038,0,0.033,0,0,0,0.027,0,0,0.003,0.056,0,0,0,0.245,0.66,0.86,0.542,0.239,0,0,0.065,0,0.066,0,0,0.038,0.005,0.057,0,0,0,0.084,0,0.011,0,0,0.003,0,0.049,0,0.016,0.372,0.641,0.796,0.528,0.161,0.031,0.108,0.008,0,0,0,0,0.014,0,0.044,0.245,0.213,0.123,0,0.03,0.122,0.073,0,0,0.024,0.057,0.029,0.075,0.053,0.363,0.493,0.264,0,0.095,0.053,0,0,0,0,0,0,0,0.079,0.573,0.749,0.461,0.209,0.013,0,0.091,0,0.044,0,0,0,0.09,0.309,0.647,0.701,0.479,0.11,0.049,0,0,0,0.021,0,0.095,0.055,0.036,0.237,0.596,0.87,0.631,0.2,0,0.009,0.077,0.079,0,0.1,0.06,0.064,0,0.28,0.736,0.829,0.579,0.211,0,0.029,0,0,0,0.143,0.002,0,0,0.218,0.415,0.488,0.549,0.066,0.075,0.05,0.048,0.115,0.21,0,0,0.093,0.067,0.222,0.417,0.561,0.44,0.111,0.069,0.019,0.038,0,0,0,0,0.1,0,0.04,0.087,0.156,0.112,0.218,0.506,0.387,0.213,0.43,0.443,0.356,0.356,0.418,0.413,0.209,0.148,0.213,0.094,0.033,0.036,0.068,0,0,0,0.004,0,0.035,0.007,0,0,0.019,0.05,0.543,0.826,0.783,0.413,0.62,0.885,0.578,0.47,0.931,0.665,0.475,0.018,0,0.052,0.067,0,0.118,0.005,0.036,0,0,0.023,0,0.079,0,0.002,0.025,0.074,0.405,0.742,0.698,0.291,0.644,0.758,0.526,0.45,0.643,0.688,0.328,0,0.014,0,0,0,0.02,0.032,0.016,0.006,0,0,0.026,0,0,0,0.081,0.012,0.126,0.367,0.324,0.139,0.275,0.357,0.202,0.246,0.389,0.335,0.201,0,0.002,0,0,0.075,0.038,0,0.062,0,0,0,0.064,0,0.105,0.089,0.068,0.09,0.035,0.013,0,0.05,0,0,0.01,0.003,0.06,0,0,0,0,0,0.046,0,0.048,0.016,0.004,0.007,0,0.042,0,0.03,0.001,0.015,0.003,0,0,0,0,0.049,0.029,0,0,0,0,0.001,0.051,0,0.052,0,0,0,0,0.137,0,0.049,0,0,0.043,0.006,0.001,0.002,0.008,0,0,0,0,0,0,0.101,0,0,0.016,0.042,0.063,0,0.094,0,0,0,0,0,0.02,0.028,0
6,0,0.002,0.002,0.048,0,0,0,0,0.017,0.308,0.361,0.417,0.266,0.263,0.468,0.478,0.211,0,0.091,0.064,0,0.034,0.016,0,0.016,0.129,0,0.036,0.002,0.045,0,0.049,0.031,0,0.092,0.029,0,0.287,0.69,0.771,0.55,0.424,0.855,0.757,0.415,0.007,0.04,0.034,0.036,0,0,0.046,0.014,0,0,0,0,0.065,0,0.065,0,0.058,0,0.056,0.001,0.347,0.646,0.703,0.47,0.372,0.722,0.692,0.301,0,0,0,0,0,0,0.04,0.05,0,0,0,0,0.082,0.022,0,0,0,0.154,0.118,0.203,0.074,0.395,0.506,0.263,0.305,0.461,0.335,0.103,0.007,0.054,0.012,0,0.087,0.01,0.082,0,0.011,0.012,0.055,0,0.005,0.01,0.026,0,0.187,0.509,0.625,0.455,0.146,0.002,0,0.047,0,0.01,0.024,0.017,0,0.035,0.099,0.007,0,0.008,0,0.049,0,0,0,0,0.023,0.006,0,0,0.283,0.701,0.976,0.63,0.257,0,0,0.064,0,0,0,0,0,0,0.037,0,0,0.006,0.021,0,0,0,0,0,0,0,0.032,0.037,0.191,0.528,0.673,0.411,0.202,0.017,0.013,0.02,0.087,0.032,0.001,0.075,0.03,0.015,0,0.006,0,0.013,0.072,0.047,0,0,0.036,0,0,0.265,0.413,0.214,0.035,0.237,0.251,0.215,0,0.044,0,0.026,0,0.081,0,0,0,0,0,0.036,0.01,0.009,0,0.066,0.04,0,0,0.027,0.085,0.455,0.719,0.569,0.295,0.043,0.031,0,0.008,0.041,0.013,0.029,0.019,0.044,0,0,0.004,0.099,0,0.074,0.034,0,0,0,0,0.034,0,0,0.077,0.556,0.871,0.647,0.335,0.043,0.059,0,0.016,0,0.003,0.045,0.025,0,0,0,0,0,0.001,0,0,0,0,0.053,0.05,0,0.021,0.01,0,0.376,0.472,0.44,0.244,0,0.018,0.037,0.006,0,0,0,0,0.037,0.079,0,0.004,0.021,0.012,0,0,0,0,0,0.004,0,0,0.076,0,0.217,0.461,0.29,0.054,0.26,0.412,0.393,0.165,0.447,0.39,0.277,0.215,0.386,0.367,0.11,0,0.002,0,0.013,0.1,0,0.074,0,0.054,0.081,0,0.029,0.137,0.533,0.87,0.568,0.237,0.627,0.854,0.478,0.372,0.661,0.722,0.438,0.416,0.679,0.695,0.388,0.009,0.078,0.006,0.003,0.068,0.087,0,0.107,0.066,0,0.016,0,0.185,0.488,0.86,0.64,0.257,0.636,0.86,0.595,0.355,0.729,0.837,0.591,0.403,0.745,0.668,0.369,0.003,0.06,0.023,0.071,0.01,0,0,0,0,0.031,0,0,0.054,0.388,0.517,0.402,0.105,0.351,0.437,0.388,0.222,0.366,0.415,0.211,0.254,0.468,0.456,0.157,0.11,0.154,0.006,0,0,0.047,0.034,0,0.009,0,0.044,0.012,0.125,0.324,0.554,0.372,0.215,0.006,0.087,0.053,0.055,0,0.148,0,0.041,0.053,0.057,0.052,0.409,0.523,0.398,0.254,0,0.103,0.029,0,0.027,0,0.05,0,0.145,0.524,0.841,0.705,0.348,0,0.02,0,0.006,0.032,0,0.057,0.071,0.025,0.013,0.175,0.546,0.827,0.636,0.335,0.031,0.036,0,0.138,0,0,0.023,0.045,0.131,0.464,0.686,0.577,0.19,0.017,0.018,0.072,0.009,0,0.014,0.012,0.006,0.089,0,0.159,0.491,0.785,0.628,0.291,0.022,0,0,0.065,0,0.012,0.044,0,0,0.281,0.445,0.271,0.137,0,0.012,0.049,0.018,0,0.034,0,0,0.048,0,0,0.262,0.382,0.314,0.127,0.054,0.069,0,0.005,0.101,0,0.034,0,0.074,0.363,0.628,0.482,0.25,0,0.008,0.112,0.01,0.008,0,0.013,0.007,0,0.07,0.094,0.312,0.54,0.492,0.216,0,0,0.045,0,0.015,0,0,0,0.178,0.529,0.976,0.737,0.294,0.121,0.019,0.102,0.035,0.023,0.022,0,0,0.077,0,0.148,0.569,0.894,0.661,0.34,0.03,0.011,0.045,0.104,0,0,0,0,0.083,0.476,0.657,0.519,0.165,0,0,0,0,0,0,0.007,0,0.076,0,0.167,0.484,0.646,0.525,0.155,0.007,0,0.003,0.056,0.045,0,0,0,0,0.136,0.286,0.212,0.033,0.304,0.41,0.202,0.102,0.333,0.363,0.245,0.151,0.266,0.331,0.177,0.212,0.307,0.154,0.079,0.058,0,0,0.103,0,0,0.065,0.013,0,0.036,0,0.034,0.223,0.502,0.72,0.493,0.299,0.542,0.644,0.384,0.289,0.64,0.565,0.476,0.001,0,0,0.044,0.036,0.008,0.057,0.036,0,0,0.064,0.046,0,0.048,0,0,0.208,0.585,0.989,0.538,0.445,0.806,0.895,0.554,0.486,0.848,0.781,0.417,0.078,0,0.055,0.026,0,0,0,0,0.059,0.039,0.044,0,0.073,0,0.05,0.007,0.032,0.409,0.544,0.493,0.248,0.541,0.509,0.348,0.407,0.469,0.64,0.282,0.041,0.009,0.021,0.03,0,0,0,0,0.057,0,0.003,0.081,0,0.035,0,0,0.005,0.085,0.258,0.029,0.034,0.119,0.244,0.01,0.179,0.239,0.163,0.079,0,0.048,0,0.059,0,0,0,0,0,0.044,0,0.081,0,0.064,0.027,0,0.018,0,0.009,0.013,0.028,0,0,0.069,0.07,0,0.052,0.007,0.021,0,0,0,0,0.018,0.042,0.009,0,0,0
7,0.048,0,0.042,0.399,0.736,0.833,0.443,0.471,0.847,0.598,0.36,0.658,0.77,0.457,0.422,0.835,0.668,0.456,0.559,0.888,0.603,0.266,0.143,0.01,0.105,0.109,0,0,0.039,0.056,0.043,0.318,0.665,0.733,0.294,0.586,0.763,0.564,0.331,0.56,0.813,0.476,0.43,0.741,0.696,0.381,0.676,0.757,0.554,0.222,0.013,0.08,0,0,0,0.023,0.084,0.063,0,0.155,0.388,0.33,0.176,0.285,0.387,0.327,0.125,0.285,0.29,0.24,0.139,0.412,0.354,0.198,0.329,0.301,0.336,0.043,0,0,0,0.071,0.093,0.079,0,0,0,0.016,0,0.006,0,0,0.032,0.058,0,0.144,0,0.014,0.009,0.018,0,0.203,0.457,0.635,0.453,0.194,0.004,0,0.071,0.009,0,0.082,0,0.088,0.05,0.021,0.053,0,0.017,0,0,0,0.032,0,0.068,0.025,0.003,0.051,0,0.22,0.586,1,0.696,0.261,0.025,0.028,0.018,0.082,0,0.012,0,0,0,0.102,0,0,0.073,0,0.023,0,0,0,0.027,0,0.053,0.061,0.094,0.141,0.463,0.51,0.452,0.16,0,0.064,0.117,0.024,0.066,0,0,0.074,0,0,0,0,0,0.061,0,0,0.048,0.049,0,0,0.142,0.415,0.307,0.234,0.199,0.278,0.14,0,0,0.12,0,0,0,0.072,0.021,0,0.068,0.007,0.023,0,0.01,0.022,0,0,0,0.022,0.03,0.139,0.366,0.653,0.733,0.356,0,0.089,0.022,0.044,0,0,0,0.033,0,0,0,0.025,0.097,0,0,0,0,0.044,0,0,0,0,0.043,0.217,0.383,0.771,0.781,0.33,0.048,0.014,0,0,0.104,0,0,0,0,0.036,0.03,0.022,0,0,0.068,0.085,0.033,0,0,0.003,0,0.102,0.181,0.003,0.338,0.46,0.396,0.224,0,0.005,0,0,0,0,0.068,0.101,0.07,0.019,0.085,0,0.083,0,0.066,0,0,0.035,0,0.043,0.205,0.469,0.55,0.375,0.035,0.01,0.111,0.049,0,0.067,0,0,0.012,0.014,0.012,0.005,0,0,0.06,0.045,0,0,0,0,0,0,0.036,0.028,0.353,0.667,0.901,0.483,0.171,0,0.012,0,0,0.01,0.011,0.032,0,0.084,0.01,0.017,0.034,0,0,0,0.069,0,0.009,0.023,0.086,0.031,0.051,0.019,0.355,0.523,0.676,0.429,0.164,0.024,0,0,0.027,0,0.022,0.041,0,0,0,0,0.008,0,0,0.103,0,0.057,0,0.071,0,0.194,0.339,0.25,0.097,0.306,0.326,0.147,0,0,0.028,0.024,0,0.057,0,0,0.082,0,0.063,0.016,0,0,0.001,0,0.081,0.022,0.02,0.009,0.166,0.473,0.688,0.584,0.069,0.046,0,0,0,0.055,0,0.122,0,0.038,0,0.073,0.001,0.037,0,0.031,0,0.04,0.051,0,0.005,0,0.078,0,0.255,0.621,0.958,0.761,0.25,0.099,0,0.076,0,0.073,0.061,0.099,0,0,0,0.047,0.005,0.017,0.014,0.046,0.014,0.134,0,0.026,0.068,0.037,0.038,0,0.093,0.442,0.611,0.43,0.237,0,0.022,0,0,0,0,0,0.089,0,0,0.007,0,0.136,0,0.068,0.045,0,0,0.066,0.01,0,0,0,0.038,0.296,0.426,0.327,0.184,0.028,0.08,0.084,0.041,0,0,0,0,0.032,0.068,0.034,0,0.029,0.046,0,0.034,0.065,0.055,0.018,0,0.109,0,0.072,0.168,0.474,0.808,0.635,0.219,0.099,0,0.033,0.069,0,0,0.026,0,0.052,0.048,0,0,0.01,0,0,0.081,0.05,0.002,0.005,0,0,0.019,0.015,0.276,0.575,0.873,0.663,0.214,0.025,0.005,0.038,0.01,0,0.052,0,0,0.033,0.014,0.026,0,0.065,0.017,0,0,0,0.061,0.039,0.06,0.083,0.038,0,0,0.294,0.486,0.387,0.023,0,0,0.025,0.066,0.037,0.014,0.002,0.024,0,0.016,0.066,0.006,0,0.076,0,0.047,0,0,0,0,0.023,0.048,0,0.081,0.439,0.519,0.459,0.131,0,0.013,0.018,0.027,0.049,0,0.003,0,0,0,0,0,0.075,0.001,0.056,0,0,0.013,0,0,0.027,0,0,0.268,0.518,1,0.739,0.302,0,0.052,0,0.082,0.011,0.04,0.056,0,0,0,0.087,0.014,0,0.128,0,0,0.03,0,0,0.001,0.011,0.037,0.06,0.097,0.508,0.629,0.572,0.213,0,0.019,0.032,0,0.06,0.044,0,0,0,0,0.148,0,0,0.103,0.007,0,0,0.045,0,0.032,0,0,0,0.121,0.185,0.364,0.233,0.039,0.028,0.01,0.023,0.012,0,0,0.15,0,0.067,0.042,0,0.066,0.013,0.022,0.067,0.044,0,0,0.08,0.017,0,0.013,0,0,0,0,0.043,0,0,0.046,0,0,0.054,0,0,0,0.003,0.047,0.061,0.032,0.072,0,0.011,0,0,0,0.001,0,0.051,0,0,0,0,0,0,0.048,0.029,0.066,0,0.05,0.01,0.053,0.069,0,0,0.032,0,0.017,0.02,0,0.033,0.011,0,0.069,0.033,0,0,0.017,0.008,0.008,0,0,0,0.045,0,0.024,0.018,0,0.03,0.03,0,0,0,0.052,0.021,0,0,0.006,0,0.003,0
8,0,0.058,0.007,0.106,0.063,0,0.313,0.563,0.815,0.548,0.319,0.672,0.656,0.52,0.357,0.643,0.677,0.395,0.009,0.018,0,0,0,0.022,0.025,0,0.041,0.051,0.073,0.031,0,0.13,0.149,0.08,0.071,0.392,0.34,0.172,0.052,0.281,0.378,0.15,0.099,0.33,0.382,0.115,0.016,0.159,0.245,0.031,0.058,0.04,0,0.041,0.033,0,0,0.013,0.271,0.486,0.56,0.389,0.103,0.029,0.063,0,0,0.013,0.001,0.034,0.009,0,0.038,0.096,0.279,0.415,0.516,0.304,0.006,0,0.015,0.01,0,0.032,0.024,0.022,0.343,0.743,0.957,0.429,0.273,0,0.048,0,0.05,0,0.034,0,0.03,0,0,0.084,0.412,0.789,0.796,0.302,0.058,0.02,0,0.032,0.057,0.014,0.023,0.048,0.253,0.57,0.598,0.522,0.158,0,0.086,0,0,0.075,0,0.06,0.027,0.015,0.068,0.047,0.37,0.647,0.666,0.318,0,0.031,0,0,0.087,0.004,0,0.003,0.063,0.23,0.314,0.172,0,0,0,0,0,0,0,0.055,0.037,0,0.088,0,0.105,0.344,0.313,0.139,0.073,0,0,0,0,0,0.031,0.026,0.232,0.581,0.512,0.349,0.071,0.051,0.046,0.021,0,0,0,0,0.002,0.017,0,0.079,0.345,0.517,0.512,0.323,0.012,0,0,0.065,0,0.02,0,0.03,0.406,0.648,0.94,0.57,0.247,0.009,0.007,0.046,0,0,0.002,0.051,0.059,0,0,0.093,0.453,0.842,0.814,0.461,0.069,0,0,0.038,0,0,0.028,0,0.231,0.579,0.647,0.385,0.083,0.036,0.015,0,0.046,0.014,0,0.021,0.011,0,0.032,0,0.405,0.658,0.602,0.402,0.007,0.026,0.01,0,0,0,0,0,0.057,0.196,0.224,0.207,0.048,0.133,0.277,0.15,0,0.179,0.198,0.095,0.066,0.239,0.208,0.068,0.085,0.24,0.208,0.141,0.101,0,0.079,0,0.013,0.023,0,0,0,0,0.061,0.034,0.348,0.568,0.574,0.44,0.318,0.626,0.564,0.357,0.404,0.527,0.529,0.392,0,0.038,0.041,0,0,0,0,0.025,0,0.037,0.122,0,0.048,0.017,0.006,0.043,0.325,0.739,0.916,0.524,0.447,0.808,0.751,0.482,0.352,0.82,0.852,0.383,0.118,0,0,0.102,0.032,0.018,0.058,0.115,0,0,0,0,0.088,0,0.036,0,0.258,0.511,0.496,0.377,0.292,0.58,0.625,0.441,0.303,0.619,0.66,0.413,0,0.014,0.096,0.015,0,0.038,0.005,0.013,0,0.032,0.005,0,0.018,0.253,0.321,0.134,0.045,0.217,0.231,0.148,0.149,0.303,0.245,0.107,0.188,0.189,0.283,0.093,0.055,0.227,0.237,0.099,0,0,0,0,0,0,0.14,0,0.258,0.604,0.719,0.491,0.146,0,0,0,0.038,0,0,0.025,0.05,0.029,0,0.017,0.338,0.661,0.586,0.391,0.028,0.065,0,0,0.035,0,0,0.005,0.406,0.697,0.962,0.561,0.174,0.06,0,0,0.063,0,0.028,0,0.049,0,0.034,0.058,0.471,0.904,0.733,0.402,0.092,0.029,0,0.038,0,0,0,0,0.307,0.526,0.7,0.504,0.135,0.062,0.025,0,0.089,0.082,0,0,0.053,0.082,0.004,0,0.272,0.504,0.6,0.282,0,0.038,0,0.029,0.031,0,0,0.091,0,0.338,0.341,0.153,0.048,0.042,0.027,0.048,0,0.073,0,0,0,0,0.045,0,0.031,0.295,0.27,0.08,0.073,0.036,0,0.011,0.035,0.033,0,0.014,0.291,0.549,0.595,0.379,0.107,0,0,0.057,0.067,0.051,0,0,0,0.011,0.104,0,0.4,0.721,0.622,0.374,0.071,0.029,0.027,0,0,0,0.016,0.051,0.399,0.624,0.89,0.496,0.243,0.039,0.085,0.04,0,0.02,0,0.035,0.05,0.036,0,0.011,0.516,0.82,0.803,0.462,0.029,0,0,0.092,0,0,0.012,0.02,0.221,0.56,0.499,0.34,0.099,0,0.044,0,0.036,0.024,0.104,0.069,0,0,0,0.132,0.312,0.576,0.506,0.294,0.029,0.047,0.01,0,0,0.095,0,0.045,0.031,0.215,0.208,0.079,0.06,0.376,0.268,0.21,0.078,0.329,0.314,0.212,0,0.358,0.336,0.147,0.098,0.146,0.305,0,0,0,0,0,0.09,0.02,0.101,0.026,0.003,0,0,0.006,0.315,0.535,0.668,0.397,0.309,0.686,0.754,0.465,0.367,0.67,0.656,0.47,0.077,0,0,0,0.065,0,0.037,0,0,0.048,0.064,0.024,0.008,0,0,0.038,0.402,0.64,0.943,0.499,0.493,0.675,0.933,0.491,0.388,0.825,0.826,0.469,0.103,0,0.035,0.056,0,0.006,0.14,0,0,0,0,0.059,0.04,0,0,0,0.297,0.483,0.572,0.378,0.208,0.619,0.479,0.32,0.199,0.502,0.568,0.274,0.021,0.025,0.072,0.023,0,0.024,0,0,0.027,0,0.04,0.023,0,0,0.064,0,0,0.308,0.157,0.02,0.084,0.188,0.274,0.158,0.007,0.102,0.122,0.048,0.016,0.049,0,0.013,0.054,0.062,0.044,0.162,0.002,0.098,0.004,0,0,0.014,0,0.054,0.054,0,0.024,0,0,0.019,0,0,0,0.011,0,0,0.036,0,0,0,0.001,0.02,0,0,0.029,0,0,0.015,0,0.049,0.063,0.043,0,0,0,0,0,0,0,0.054,0,0.024,0.119,0.073,0.003,0.001,0.065,0,0.026,0.028,0.016,0.048,0.026,0
9,0.002,0,0.03,0,0.039,0.155,0.58,0.729,0.539,0.302,0.652,0.794,0.495,0.357,0.684,0.808,0.497,0.148,0.052,0,0,0.017,0,0,0,0.032,0.058,0,0.021,0,0,0.068,0.008,0.275,0.63,1,0.628,0.277,0.641,0.811,0.561,0.367,0.701,0.802,0.389,0.049,0,0,0.074,0.055,0.036,0,0.027,0.039,0,0.082,0.052,0,0.064,0.073,0.062,0.063,0.433,0.455,0.398,0.169,0.393,0.41,0.374,0.239,0.388,0.499,0.286,0,0.147,0.02,0.068,0,0.137,0,0.041,0,0.019,0.134,0,0.11,0.349,0.364,0.415,0.128,0.038,0.149,0.047,0,0.032,0.148,0.122,0.097,0.053,0.106,0,0.255,0.484,0.398,0.321,0,0.026,0.025,0.049,0.026,0.07,0.05,0.001,0.306,0.561,0.843,0.586,0.282,0,0.038,0,0.049,0.064,0.024,0,0.034,0,0.071,0.007,0.427,0.724,0.69,0.383,0.054,0,0,0.018,0,0.003,0,0.008,0.171,0.439,0.775,0.554,0.357,0.061,0,0.033,0,0.05,0,0,0.005,0,0.062,0.049,0.337,0.747,0.735,0.408,0.083,0,0,0,0,0,0,0.033,0.039,0.327,0.504,0.391,0.074,0.01,0.048,0,0,0,0.02,0,0,0,0,0,0.264,0.462,0.596,0.258,0,0.032,0,0.057,0,0,0,0,0.017,0.351,0.505,0.4,0.128,0.033,0.005,0.03,0,0,0,0,0,0,0,0,0.252,0.472,0.472,0.264,0,0,0.03,0.034,0.061,0.1,0,0,0.219,0.588,0.765,0.554,0.319,0.031,0.037,0.118,0.103,0.045,0.027,0.006,0.046,0,0.053,0.169,0.391,0.752,0.786,0.482,0.057,0,0,0,0,0.001,0.019,0.053,0.199,0.474,0.744,0.697,0.271,0.028,0.037,0.033,0,0.004,0,0,0.017,0.033,0.026,0.011,0.304,0.682,0.695,0.38,0,0.023,0,0,0,0.038,0,0.03,0,0.223,0.353,0.275,0,0.114,0.223,0.036,0,0.223,0.181,0.1,0,0.146,0.178,0.076,0.208,0.251,0.305,0.249,0,0,0.036,0.003,0,0.029,0.041,0,0,0.028,0.074,0.092,0.052,0.41,0.473,0.456,0.151,0.491,0.556,0.356,0.305,0.481,0.505,0.347,0.364,0.625,0.482,0.2,0.032,0,0.003,0,0.049,0,0,0.081,0.01,0.042,0,0.068,0.261,0.6,0.939,0.654,0.293,0.648,0.896,0.504,0.44,0.748,0.848,0.499,0.517,0.773,0.847,0.421,0.074,0.025,0,0.091,0,0,0.094,0.028,0,0,0,0.012,0.207,0.566,0.653,0.491,0.253,0.491,0.728,0.447,0.325,0.606,0.748,0.349,0.318,0.658,0.639,0.367,0,0,0.056,0.023,0.002,0,0,0,0,0.027,0,0,0,0.279,0.347,0.213,0,0.27,0.33,0.207,0.084,0.328,0.305,0.179,0.16,0.314,0.263,0.117,0,0,0,0,0.059,0.062,0,0,0.034,0,0,0,0,0.041,0,0.11,0.012,0.066,0.031,0.022,0,0,0.036,0.006,0.333,0.539,0.566,0.381,0,0,0.018,0.059,0.052,0,0.007,0.067,0.048,0.023,0,0.003,0,0.045,0.06,0.003,0.053,0,0,0,0.089,0.012,0,0.064,0.424,0.832,0.73,0.522,0.151,0.005,0.001,0.029,0,0.006,0.014,0.012,0,0,0.039,0.07,0,0,0.067,0,0.067,0.039,0.006,0,0,0,0.025,0,0.252,0.572,0.656,0.32,0.054,0.019,0.062,0.042,0.037,0,0.033,0.017,0.03,0,0.055,0,0.028,0.05,0.069,0,0.097,0.024,0,0.04,0.191,0.182,0.322,0.128,0.097,0.218,0.244,0.082,0,0,0.012,0.002,0,0.016,0.093,0.015,0,0.017,0.023,0,0.026,0.067,0,0,0,0,0.002,0.034,0.318,0.615,0.547,0.378,0.138,0,0,0.082,0,0.052,0.002,0.057,0,0.045,0,0,0.081,0.071,0,0.032,0.034,0,0,0,0,0.028,0.001,0.021,0.312,0.68,0.833,0.487,0.046,0.076,0,0.023,0.022,0.082,0.023,0.076,0,0,0.037,0.037,0.04,0,0.033,0.021,0.033,0.076,0.027,0,0.036,0,0.047,0.005,0.306,0.49,0.585,0.354,0.019,0,0,0,0.056,0,0,0.006,0.002,0,0.014,0,0.016,0.051,0,0.016,0.073,0.157,0.42,0.262,0.116,0.34,0.286,0.216,0.002,0.202,0.129,0.003,0.02,0.044,0.002,0.086,0.014,0,0,0,0.035,0,0.064,0.005,0,0,0.066,0,0.238,0.568,0.75,0.5,0.226,0.555,0.762,0.508,0.152,0,0,0.117,0,0,0.011,0,0.056,0.052,0.063,0.001,0,0.021,0,0.003,0,0.022,0.056,0,0.246,0.628,0.958,0.697,0.375,0.637,0.858,0.586,0.225,0.029,0.007,0.07,0.041,0,0,0,0.041,0,0,0.023,0.005,0.039,0.078,0.006,0,0,0.018,0.046,0.191,0.503,0.53,0.459,0.284,0.573,0.479,0.311,0.103,0.008,0.078,0,0,0,0.004,0,0,0,0.003,0,0.035,0,0.025,0.073,0.02,0,0.006,0.064,0.084,0.146,0.211,0.069,0,0.045,0.235,0.069,0,0.057,0.029,0.06,0.084,0.049,0.095,0,0,0.015,0,0.06,0.04,0,0,0.102,0,0,0.113,0,0.035,0,0.015,0.011,0,0.049,0.017,0.009,0,0,0.031,0,0.072,0,0,0,0,0.048,0.003,0,0,0,0.055
0,0,0,0.007,0,0,0.201,0.508,0.766,0.701,0.403,0.538,0.773,0.605,0.3,0.667,0.781,0.575,0.239,0,0,0.053,0,0.042,0.013,0,0.008,0,0.006,0,0,0.011,0,0,0.187,0.475,0.798,0.635,0.332,0.497,0.73,0.543,0.282,0.618,0.803,0.519,0.145,0.035,0.014,0.06,0.02,0,0.038,0.007,0,0.088,0,0,0,0,0.112,0.205,0.057,0.294,0.444,0.419,0.197,0.277,0.391,0.424,0.014,0.347,0.366,0.323,0.033,0.207,0.119,0.029,0.117,0.099,0,0.038,0,0.046,0,0,0,0.187,0.512,0.466,0.325,0,0.086,0.032,0,0.106,0.047,0.004,0,0.05,0.184,0,0.196,0.42,0.531,0.373,0.014,0,0.078,0.075,0.028,0,0,0,0.056,0.355,0.687,0.756,0.471,0.099,0.078,0,0,0,0,0.035,0.021,0.065,0,0.052,0.346,0.776,0.828,0.49,0.231,0,0,0.032,0.01,0.029,0,0.005,0.035,0.432,0.774,0.659,0.339,0.048,0,0,0.034,0.034,0.003,0.019,0,0.05,0.076,0,0.362,0.577,0.701,0.443,0.029,0,0.106,0.004,0,0,0.073,0.032,0,0.146,0.289,0.534,0.201,0,0,0,0,0.008,0,0,0,0.164,0.281,0.087,0.131,0.268,0.352,0.214,0.019,0.071,0.062,0.013,0.012,0.008,0.052,0.004,0,0.207,0.536,0.579,0.276,0.058,0,0,0.019,0,0,0.032,0.22,0.491,0.559,0.468,0.271,0.526,0.547,0.32,0.031,0,0,0.046,0.028,0,0,0,0.048,0.398,0.748,0.764,0.499,0,0.005,0,0,0.035,0,0.089,0.228,0.577,0.985,0.646,0.386,0.68,0.911,0.423,0.167,0.055,0.04,0,0.013,0,0.039,0.006,0.01,0.392,0.624,0.684,0.427,0.025,0,0.02,0,0,0,0.083,0.213,0.51,0.65,0.445,0.287,0.656,0.62,0.337,0.087,0,0,0,0,0,0.05,0.041,0.088,0.139,0.463,0.271,0.091,0,0.065,0.093,0,0.189,0.332,0.218,0,0.249,0.217,0.208,0.115,0.236,0.298,0.051,0.019,0.068,0.021,0.059,0.058,0.034,0,0,0.019,0.405,0.66,0.588,0.339,0.059,0,0,0.092,0.411,0.696,0.53,0.304,0.066,0,0.054,0.296,0.523,0.624,0.455,0.105,0,0.038,0,0.055,0.052,0.118,0,0.075,0.466,0.783,0.788,0.399,0.078,0,0,0.35,0.599,0.968,0.693,0.284,0,0,0.054,0.336,0.732,0.786,0.564,0.212,0,0.005,0.029,0,0,0,0.006,0.024,0.392,0.586,0.502,0.282,0,0.056,0,0.107,0.386,0.584,0.392,0.232,0,0.001,0,0.259,0.47,0.522,0.494,0.009,0,0.032,0.037,0.009,0,0,0.047,0,0.095,0.284,0.335,0.149,0.32,0.455,0.321,0.096,0.123,0.227,0,0,0.026,0,0,0.135,0.264,0.358,0.255,0.043,0.049,0.078,0,0.047,0.064,0,0,0.065,0.353,0.784,0.695,0.393,0.406,0.678,0.562,0.379,0,0,0.039,0.06,0,0,0,0.25,0.559,0.775,0.435,0.2,0,0,0,0.134,0,0,0,0.041,0.441,0.718,0.775,0.538,0.557,0.744,0.649,0.29,0.016,0.009,0,0.004,0.066,0.05,0,0.392,0.692,0.895,0.471,0.167,0.084,0,0.109,0.008,0.062,0,0,0,0.157,0.518,0.54,0.26,0.303,0.449,0.35,0.274,0.006,0.031,0,0,0.031,0.01,0,0.214,0.47,0.488,0.316,0,0,0.008,0.024,0,0.024,0.047,0.058,0.063,0.29,0.362,0.468,0.167,0.088,0.053,0.11,0,0.038,0.006,0.009,0,0.025,0,0.026,0.204,0.328,0.367,0.333,0.089,0,0,0.01,0.02,0.048,0.061,0,0.172,0.36,0.728,0.848,0.497,0.069,0,0,0.049,0,0,0,0.04,0,0,0,0.303,0.752,0.793,0.56,0.106,0.032,0,0.04,0.076,0,0.051,0,0.001,0.362,0.61,0.72,0.436,0.143,0,0,0.028,0.023,0,0,0,0.051,0.048,0,0.307,0.702,0.705,0.452,0.1,0.055,0.012,0.041,0,0.042,0,0,0.037,0.28,0.458,0.394,0.2,0.042,0.159,0.123,0.005,0.092,0.168,0.073,0,0.072,0.175,0.093,0.084,0.286,0.326,0.323,0,0,0.057,0,0.007,0.031,0.055,0.037,0,0,0,0,0.071,0.389,0.54,0.468,0.164,0.391,0.577,0.349,0.125,0.409,0.508,0.416,0.113,0.066,0.064,0.008,0.155,0.004,0.031,0,0.033,0.014,0,0.045,0,0.037,0,0,0.095,0.586,0.89,0.711,0.375,0.643,0.892,0.636,0.377,0.648,0.94,0.564,0.193,0.072,0.008,0,0,0.058,0,0,0.002,0.112,0,0,0,0,0,0,0.118,0.439,0.687,0.639,0.288,0.519,0.743,0.549,0.218,0.542,0.704,0.485,0.075,0.026,0.014,0,0.059,0,0,0,0,0.09,0.016,0.021,0,0,0,0,0.021,0.154,0.338,0.373,0.176,0.187,0.29,0.326,0,0.216,0.334,0.248,0,0,0,0,0.101,0,0,0,0.084,0,0,0.034,0,0.037,0.065,0.106,0,0.015,0.028,0,0.031,0,0.066,0,0,0.007,0,0,0,0.066,0.039,0.036,0,0.011,0.065,0,0.097,0,0,0.024,0,0,0.085,0,0,0.038,0,0,0,0.05,0,0,0,0,0.025,0.016,0.045,0,0.039,0,0,0,0.053,0.018,0,0,0.01
1,0.044,0,0,0,0.064,0,0.034,0.1,0.001,0,0.017,0.26,0.514,0.572,0.318,0,0,0,0.09,0,0.029,0.032,0,0.046,0.005,0.104,0,0,0,0.02,0.026,0,0,0.029,0,0.192,0.234,0.188,0.098,0.184,0.382,0.25,0.137,0,0,0,0,0.023,0.002,0,0,0,0.061,0.011,0,0.041,0.029,0.032,0.018,0.01,0,0.054,0.085,0.337,0.633,0.692,0.313,0.416,0.612,0.648,0.281,0.09,0,0,0,0,0.084,0.053,0,0,0,0,0,0,0.037,0.027,0.029,0.08,0,0,0.047,0.467,0.803,0.816,0.412,0.471,0.843,0.699,0.378,0.001,0.1,0.063,0,0.012,0.039,0,0.012,0.042,0,0,0.003,0.063,0,0.023,0.049,0.029,0.024,0.037,0,0.234,0.58,0.583,0.34,0.311,0.413,0.495,0.306,0,0.019,0,0,0,0.065,0.053,0.051,0.079,0,0,0,0.071,0.062,0,0,0,0.017,0.024,0.015,0.07,0.161,0.05,0.018,0.227,0.333,0.321,0.072,0.047,0.027,0.048,0.034,0,0,0,0.044,0,0.072,0.013,0,0.074,0,0,0.002,0.01,0.022,0.043,0,0,0.003,0.092,0.039,0.447,0.758,0.633,0.37,0,0,0,0,0,0,0,0,0,0,0.034,0,0,0,0.049,0,0.001,0,0.017,0.03,0,0.047,0,0.151,0.488,0.868,0.781,0.337,0.062,0.089,0,0,0,0,0.032,0.029,0,0,0,0.013,0,0.049,0,0.014,0,0.019,0,0,0.067,0.097,0.073,0,0.283,0.524,0.48,0.271,0,0,0,0,0,0.025,0,0.025,0,0.01,0.074,0,0,0.063,0,0.108,0.057,0,0.031,0.077,0.028,0,0.017,0.049,0.132,0.346,0.302,0.146,0,0.018,0,0.022,0.009,0.09,0,0.076,0.026,0.059,0.007,0,0.021,0.069,0.028,0,0.042,0,0,0.003,0,0,0.073,0.02,0.38,0.727,0.706,0.297,0,0.074,0,0.005,0,0.073,0.009,0,0,0.019,0.068,0,0,0.071,0.039,0.039,0,0,0.002,0.073,0,0.022,0.036,0.095,0.483,0.831,0.731,0.333,0,0,0.011,0,0.003,0.08,0.018,0,0.074,0,0.014,0.044,0,0.005,0.021,0,0.076,0,0.145,0.023,0,0,0.065,0,0.381,0.398,0.481,0.291,0.042,0,0.065,0.031,0,0,0.027,0.009,0,0,0,0.075,0,0.053,0,0.074,0.042,0,0.085,0.003,0.122,0.043,0,0.026,0.243,0.403,0.299,0.157,0.051,0.061,0.013,0,0,0,0.017,0.017,0,0,0,0.076,0.004,0.053,0,0,0,0,0,0.04,0,0,0,0.09,0.47,0.733,0.66,0.318,0.04,0.014,0,0,0,0,0,0.015,0,0,0.007,0,0,0.026,0,0.047,0,0,0.056,0,0,0,0.006,0.113,0.412,0.739,0.66,0.386,0.013,0.007,0,0,0.002,0,0.067,0.025,0.055,0.066,0,0,0.047,0,0,0,0,0.013,0,0,0,0,0.045,0.064,0.373,0.372,0.375,0.142,0,0.029,0.048,0.013,0,0,0,0,0.054,0,0,0,0,0,0.033,0,0.087,0,0,0.01,0.046,0.003,0,0,0.222,0.347,0.484,0.172,0.009,0.015,0,0.011,0,0.044,0,0,0,0.017,0.072,0.015,0.015,0.007,0.059,0.034,0.01,0,0,0,0.004,0.018,0.031,0.02,0.418,0.724,0.763,0.329,0,0,0.025,0,0,0,0,0,0,0,0.075,0.056,0,0.012,0,0.003,0,0,0,0.027,0,0,0,0.155,0.453,0.768,0.726,0.44,0,0,0.038,0.074,0.05,0.038,0.01,0,0.034,0,0.059,0.017,0.049,0.008,0.049,0,0.025,0.002,0.01,0,0,0.146,0.112,0.051,0.216,0.479,0.371,0.15,0,0.091,0.07,0,0,0.002,0.031,0.026,0.021,0.06,0.028,0.026,0,0,0.067,0,0,0.01,0,0.022,0.146,0.452,0.449,0.142,0.272,0.494,0.406,0.118,0.182,0.527,0.44,0.129,0.063,0,0,0.059,0,0.05,0,0.005,0.025,0.054,0,0,0.037,0.052,0,0.06,0.463,0.762,0.753,0.373,0.432,0.777,0.728,0.364,0.48,0.792,0.66,0.304,0,0.019,0,0.019,0,0.025,0.042,0,0.026,0,0,0.02,0.047,0,0,0.105,0.377,0.755,0.74,0.371,0.371,0.704,0.761,0.298,0.428,0.786,0.634,0.327,0,0.114,0,0.01,0,0,0,0.029,0.008,0.074,0.044,0.033,0,0,0,0,0.202,0.416,0.42,0.19,0.263,0.47,0.313,0.218,0.268,0.421,0.33,0.189,0.01,0.075,0.058,0.012,0,0,0,0.103,0,0,0.051,0,0.035,0.014,0,0.001,0.035,0.033,0.038,0.047,0,0,0,0.002,0.082,0.02,0.126,0,0.015,0,0.024,0.039,0,0.007,0,0,0.036,0,0,0.037,0,0.055,0,0,0.014,0,0,0.006,0.029,0,0,0.007,0.065,0,0,0,0,0,0,0,0.008,0,0,0,0,0,0.099,0,0.073,0.067,0,0,0,0,0.013,0.059,0,0,0.053,0,0.005,0,0,0.004,0.042,0.027,0,0,0.046,0,0,0.005,0.019
2,0.012,0.078,0.05,0,0.071,0.393,0.738,0.502,0.145,0.449,0.764,0.571,0.214,0.551,0.626,0.438,0.188,0.008,0,0.064,0.028,0,0.046,0,0.004,0,0.006,0,0.02,0.074,0.137,0.149,0,0.165,0.402,0.205,0,0.281,0.263,0.136,0,0.244,0.328,0.136,0.006,0.121,0.162,0.179,0,0,0.065,0.088,0,0.074,0,0,0.198,0.418,0.61,0.523,0.214,0,0.022,0.039,0,0,0,0.008,0.073,0.019,0.079,0.009,0.179,0.413,0.577,0.501,0.094,0,0,0,0.031,0.04,0.013,0.031,0.127,0.55,0.955,0.561,0.264,0.039,0.012,0.161,0,0,0,0,0,0.04,0.017,0.023,0.326,0.607,0.973,0.571,0.32,0.099,0.015,0.038,0,0.009,0.096,0,0.174,0.451,0.772,0.54,0.188,0.038,0.02,0,0,0,0,0,0,0.034,0.073,0,0.211,0.56,0.616,0.399,0.169,0.024,0,0.025,0.127,0.006,0.066,0,0,0.147,0.279,0.243,0,0.016,0.009,0.03,0.047,0,0.029,0,0.001,0.059,0.049,0.014,0,0.249,0.361,0.276,0,0,0,0,0,0,0.029,0.041,0,0.011,0.074,0.031,0.013,0.07,0,0,0,0,0,0,0,0,0,0,0.121,0.396,0.587,0.444,0.152,0,0,0.088,0.016,0,0.021,0.043,0,0.059,0.047,0,0,0.006,0,0.001,0,0,0,0,0,0,0.024,0.083,0.278,0.599,0.971,0.621,0.26,0,0.027,0,0,0,0,0,0.108,0,0.017,0,0,0,0.021,0,0,0,0.016,0.072,0,0,0.096,0.054,0.148,0.478,0.74,0.479,0.2,0,0,0,0,0.054,0.057,0.057,0,0,0,0,0.053,0.056,0.062,0.023,0.062,0.047,0,0,0,0.22,0.263,0.144,0,0.189,0.2,0.171,0.034,0,0.04,0,0.038,0,0,0,0,0,0,0,0.018,0.001,0.009,0.092,0,0.008,0,0.016,0.169,0.471,0.697,0.421,0.301,0.03,0.019,0,0.045,0,0.017,0.008,0.047,0,0.048,0,0,0.031,0.005,0,0.003,0,0.022,0.035,0,0.041,0,0.034,0.29,0.668,1,0.651,0.26,0.057,0,0.051,0.025,0,0,0,0,0,0.04,0.028,0.087,0.061,0.027,0,0.02,0,0.047,0.047,0,0.01,0,0,0.282,0.466,0.626,0.528,0.078,0,0,0.012,0.031,0.064,0,0.046,0.069,0.079,0,0,0.032,0,0,0.016,0.002,0,0,0.08,0.047,0.155,0.234,0.157,0.004,0.185,0.215,0.172,0.019,0,0.021,0.025,0.036,0,0.014,0,0,0.05,0.023,0.055,0,0,0,0.022,0.085,0.088,0,0,0.171,0.553,0.659,0.409,0.257,0.02,0,0.023,0.069,0.044,0.106,0,0.063,0.023,0.029,0.058,0.001,0.055,0.004,0.012,0,0,0,0,0.01,0.027,0,0.028,0.233,0.659,0.96,0.746,0.386,0.038,0.064,0.092,0,0,0.026,0,0.056,0.054,0,0,0.014,0,0.038,0,0,0,0,0,0.131,0,0.006,0,0.139,0.497,0.626,0.452,0.264,0.042,0,0,0.091,0,0.066,0,0,0.07,0.054,0.049,0,0,0.005,0,0,0.027,0,0,0,0.275,0.345,0.195,0,0.146,0.22,0.037,0.013,0.023,0.082,0.002,0.057,0,0.093,0,0.023,0,0.018,0.05,0,0,0,0,0.028,0,0,0.041,0.225,0.454,0.681,0.533,0.239,0,0,0,0.031,0,0.051,0.004,0,0,0.026,0,0,0,0.007,0.02,0,0.074,0,0,0.044,0.066,0.047,0.067,0.25,0.574,0.957,0.598,0.338,0,0.005,0,0,0,0,0.014,0.002,0,0.015,0.081,0.023,0,0,0,0.064,0,0.044,0.058,0,0,0,0.013,0.233,0.516,0.614,0.448,0.182,0,0.038,0.014,0,0,0,0,0.088,0.012,0.012,0,0.009,0,0,0.033,0,0,0,0.006,0.011,0.134,0.371,0.299,0.11,0.192,0.247,0.122,0.121,0.222,0.34,0.281,0.014,0.23,0.26,0.209,0.016,0.267,0.328,0.202,0.02,0,0,0,0,0.007,0,0.033,0.134,0.534,0.743,0.592,0.23,0.558,0.728,0.508,0.267,0.512,0.637,0.546,0.157,0.524,0.708,0.462,0.269,0.452,0.688,0.493,0.155,0,0,0,0,0,0,0,0.254,0.57,0.973,0.748,0.371,0.522,1,0.629,0.314,0.523,0.963,0.616,0.244,0.665,1,0.686,0.161,0.646,0.898,0.563,0.209,0,0.102,0,0,0,0,0,0.12,0.457,0.516,0.502,0.177,0.321,0.636,0.429,0.147,0.299,0.6,0.374,0.171,0.474,0.675,0.42,0.205,0.443,0.563,0.467,0.154,0,0,0.103,0,0,0.134,0.059,0.022,0.119,0.115,0.154,0.041,0.132,0.228,0.192,0,0.059,0.183,0.125,0.143,0.135,0.237,0.059,0,0.169,0.197,0.169,0,0,0.011,0,0.057,0.092,0,0.047,0,0.067,0.008,0,0,0,0.011,0,0,0.034,0,0.038,0.061,0.07,0,0.027,0.004,0.056,0.095,0,0.016,0,0,0.02,0,0.028,0,0,0.036,0.015,0.031,0.023,0,0,0,0.003,0.043,0.009,0,0.057,0,0.036,0,0,0.006,0,0,0,0,0.042,0,0.066,0,0.027,0,0.069
3,0.052,0,0.029,0.256,0.372,0.065,0.202,0.367,0.255,0.01,0.216,0.381,0.124,0.153,0.252,0.226,0.016,0.271,0.318,0.221,0,0,0,0,0.032,0.04,0,0,0,0.008,0.353,0.584,0.645,0.445,0.502,0.642,0.597,0.299,0.541,0.622,0.404,0.439,0.711,0.501,0.22,0.476,0.635,0.379,0.035,0,0,0.01,0,0.011,0.001,0,0.01,0,0.32,0.713,0.927,0.483,0.59,0.934,0.699,0.425,0.691,0.907,0.518,0.545,0.962,0.737,0.356,0.774,0.873,0.512,0.165,0,0.037,0.079,0.07,0.072,0.012,0,0,0.03,0.178,0.451,0.5,0.378,0.454,0.608,0.506,0.187,0.534,0.492,0.361,0.346,0.546,0.506,0.278,0.461,0.573,0.366,0.11,0,0.036,0.05,0.046,0,0.033,0,0,0,0,0.201,0.263,0.071,0.141,0.205,0.206,0.007,0.262,0.201,0.012,0.348,0.487,0.418,0.182,0.171,0.165,0.091,0,0,0,0,0.039,0,0,0.008,0.039,0,0,0,0.074,0,0,0,0,0.057,0,0.005,0.129,0.524,0.731,0.728,0.247,0,0,0,0.011,0,0.022,0,0.041,0.051,0,0,0,0.075,0.02,0,0.007,0,0,0.007,0.121,0.009,0.022,0.026,0.219,0.512,0.853,0.694,0.355,0,0,0.02,0.021,0,0.039,0.063,0,0,0.056,0.051,0.051,0,0.005,0,0.003,0,0,0,0,0,0.195,0.325,0.096,0.315,0.37,0.315,0.096,0,0,0,0.016,0,0.1,0,0.025,0,0.046,0,0,0.03,0,0,0.006,0.073,0,0,0,0.267,0.568,0.665,0.397,0.056,0,0,0,0.085,0,0,0,0,0,0.06,0.025,0,0,0.067,0,0.05,0.055,0.018,0,0.076,0.018,0,0.042,0.311,0.812,0.816,0.495,0.117,0.015,0.06,0.01,0.037,0,0.067,0.014,0.048,0.004,0,0.033,0.025,0,0.006,0,0.084,0,0.01,0,0,0.048,0,0,0.313,0.474,0.551,0.31,0.078,0.05,0.089,0,0.022,0.066,0,0.007,0,0,0,0,0,0,0.058,0,0,0.044,0.042,0,0.02,0,0,0.01,0.021,0.182,0.238,0.167,0.242,0.466,0.458,0.104,0.03,0.044,0,0.058,0.055,0,0.019,0,0,0.045,0,0,0.037,0.093,0.055,0,0,0.083,0,0.039,0.028,0.018,0,0.127,0.488,0.818,0.69,0.288,0,0,0.053,0.05,0.012,0,0.12,0,0.064,0,0.041,0,0.027,0,0.008,0,0.005,0.008,0,0,0,0.029,0,0.153,0.497,0.756,0.642,0.328,0,0.036,0.014,0.021,0,0.015,0,0,0.039,0.058,0,0,0.082,0,0,0.021,0,0,0.045,0.085,0.024,0.034,0,0.048,0.31,0.399,0.428,0.04,0.234,0.231,0.158,0,0.01,0.024,0.058,0.01,0.027,0.051,0.109,0,0.033,0,0.099,0,0,0.049,0.026,0,0,0,0,0,0.075,0.049,0,0.229,0.544,0.64,0.417,0.225,0.037,0.014,0,0,0.084,0,0,0,0,0,0,0.007,0,0.015,0,0,0.038,0.002,0,0,0,0.023,0,0.257,0.713,0.925,0.609,0.211,0,0,0,0.067,0,0.056,0,0,0,0,0.019,0.103,0.041,0.019,0,0.102,0.037,0,0,0,0,0,0.025,0.287,0.522,0.618,0.444,0.069,0,0.012,0.02,0.097,0.019,0,0.009,0,0.008,0.164,0.422,0.481,0.231,0.023,0.157,0.069,0,0.022,0,0,0,0.053,0,0.104,0.358,0.434,0.312,0.012,0.029,0,0,0.037,0,0.022,0.042,0.052,0.079,0.302,0.696,0.879,0.488,0.007,0,0.019,0,0,0,0,0.07,0.025,0,0.361,0.67,0.756,0.473,0.141,0.01,0,0,0.021,0.141,0,0.075,0,0,0.364,0.72,0.837,0.521,0,0,0,0,0,0,0,0.024,0,0.011,0.256,0.669,0.753,0.515,0.173,0,0.058,0,0,0,0.084,0.04,0,0,0.217,0.432,0.494,0.236,0.172,0.219,0.186,0.084,0.185,0.324,0.055,0.113,0.226,0.183,0.145,0.443,0.441,0.296,0.053,0,0.029,0,0,0.022,0.016,0,0,0,0.036,0,0.077,0.086,0.373,0.683,0.484,0.248,0.571,0.527,0.379,0.441,0.645,0.527,0.18,0,0.047,0,0,0,0,0,0,0,0.053,0.015,0.024,0,0,0,0.072,0.152,0.612,1,0.764,0.384,0.7,0.868,0.568,0.536,0.917,0.672,0.42,0.096,0.106,0.063,0,0,0,0,0.025,0.063,0,0,0.052,0.043,0.082,0.007,0,0.043,0.474,0.648,0.438,0.334,0.438,0.515,0.427,0.367,0.607,0.541,0.271,0.017,0,0.038,0.046,0,0.002,0.044,0.028,0,0,0.005,0.023,0,0,0,0.034,0.036,0.265,0.276,0.093,0.09,0.162,0.322,0.047,0.182,0.18,0.25,0,0,0,0.036,0,0,0,0,0.021,0.039,0,0,0,0,0,0,0.025,0.061,0,0.023,0,0,0,0,0.002,0,0.003,0,0,0,0.025,0,0,0,0,0,0.023,0.067,0,0.011,0,0.054,0.048,0.011,0,0,0,0.015,0.049,0.052,0,0.011,0,0.039,0.052,0,0,0.012,0,0,0,0,0.013,0.109,0.063,0,0,0
4,0.029,0.098,0,0,0.05,0,0,0,0.023,0,0.01,0,0,0.078,0.536,0.921,0.838,0.312,0.005,0,0,0.009,0,0,0.052,0,0.004,0,0.019,0,0.007,0.114,0.027,0,0,0,0,0,0.031,0,0,0.087,0.33,0.572,0.575,0.285,0.032,0,0,0.017,0.028,0.007,0,0.03,0,0,0.061,0.017,0.034,0.009,0.03,0.057,0,0,0.026,0.072,0.111,0.243,0.237,0.205,0.131,0.268,0.249,0.008,0,0,0.147,0.043,0,0.09,0.029,0.051,0.009,0,0.005,0,0,0,0.058,0.084,0.033,0,0,0,0.403,0.608,0.607,0.274,0.426,0.652,0.59,0.244,0,0.027,0,0.035,0.068,0,0.047,0,0,0,0,0.053,0,0.016,0.102,0,0.017,0,0.09,0.038,0.424,0.798,0.788,0.432,0.557,0.933,0.792,0.358,0.058,0.069,0,0,0,0.041,0,0.077,0,0.005,0.04,0,0,0,0,0,0,0,0.018,0.035,0.402,0.518,0.634,0.343,0.425,0.573,0.492,0.207,0,0,0,0.033,0.032,0.007,0.068,0.024,0.011,0,0,0,0,0,0,0,0.102,0.293,0.32,0.125,0.021,0.199,0.227,0.055,0.171,0.31,0.317,0.107,0.016,0.078,0,0.023,0,0,0,0,0,0,0,0.162,0.077,0.061,0,0.089,0.32,0.654,0.598,0.379,0.072,0,0,0.027,0.376,0.654,0.628,0.24,0.07,0,0,0.001,0.095,0.121,0,0,0.029,0,0,0.097,0,0,0,0,0.395,0.685,0.851,0.371,0.128,0,0,0.176,0.466,0.887,0.698,0.506,0.014,0,0,0.02,0,0.002,0,0.048,0.022,0,0,0.034,0.036,0.082,0.078,0,0.261,0.509,0.571,0.251,0,0.01,0.023,0,0.343,0.494,0.475,0.237,0,0.076,0,0,0.04,0,0.02,0,0.052,0,0.02,0.116,0.127,0.301,0.278,0.207,0,0.131,0.197,0.087,0,0,0.011,0,0.217,0.371,0.354,0.11,0,0,0.056,0,0.014,0.042,0,0,0.031,0,0,0.053,0.325,0.674,0.73,0.355,0.133,0,0.051,0.052,0,0,0,0.086,0.478,0.712,0.659,0.261,0,0,0,0,0.01,0.13,0.015,0.042,0.032,0.013,0.034,0,0.401,0.678,0.851,0.512,0.045,0,0.071,0,0,0,0,0.141,0.458,0.817,0.738,0.383,0,0,0.079,0.039,0.019,0,0.029,0,0,0,0.037,0,0.26,0.435,0.626,0.301,0.091,0.079,0,0.08,0.037,0.121,0.042,0,0.375,0.498,0.539,0.251,0,0.04,0,0.053,0,0.005,0.073,0.011,0,0,0.156,0,0.038,0.382,0.332,0.272,0.187,0.436,0.393,0.19,0.227,0.418,0.393,0.258,0.23,0.415,0.357,0.121,0.259,0.463,0.36,0.045,0.057,0.048,0.008,0.025,0.074,0,0.063,0,0.29,0.639,0.764,0.468,0.36,0.7,0.688,0.411,0.449,0.692,0.721,0.422,0.51,0.812,0.647,0.309,0.559,0.79,0.686,0.329,0,0,0,0,0,0.068,0,0.004,0.363,0.733,0.847,0.454,0.347,0.748,0.75,0.488,0.437,0.71,0.695,0.366,0.492,0.736,0.739,0.294,0.554,0.765,0.702,0.304,0,0.003,0,0.019,0,0.104,0.054,0,0.141,0.353,0.401,0.333,0.165,0.425,0.394,0.307,0.263,0.4,0.369,0.289,0.324,0.419,0.379,0.262,0.244,0.448,0.338,0.275,0.024,0,0,0,0.002,0.092,0,0,0,0.055,0.079,0,0,0.108,0.096,0,0,0.069,0.156,0,0.278,0.483,0.384,0.205,0,0.115,0.133,0,0.024,0.037,0.037,0.098,0.069,0,0.047,0,0.032,0.08,0.026,0.027,0,0,0,0.037,0,0.061,0,0.086,0.446,0.719,0.704,0.376,0,0,0.041,0.025,0,0,0,0.007,0.035,0.05,0.046,0,0.064,0,0,0.098,0,0,0.023,0.04,0,0,0,0.109,0.432,0.707,0.683,0.38,0,0.095,0.024,0,0,0.042,0.106,0.033,0.052,0,0.001,0,0.024,0,0,0.055,0,0.037,0,0,0,0,0,0,0.2,0.408,0.447,0.236,0,0.013,0.042,0.083,0,0.025,0,0.011,0.04,0.098,0,0.001,0.02,0.004,0,0,0.016,0.035,0,0.033,0,0.012,0,0.063,0.361,0.507,0.546,0.25,0,0,0,0.078,0.003,0,0,0,0.053,0,0,0.05,0,0.019,0,0.033,0,0.037,0.038,0,0.042,0,0,0.182,0.398,0.837,0.834,0.388,0,0,0,0.043,0,0.042,0,0.006,0,0,0,0,0,0.093,0.03,0,0,0,0.075,0.05,0.036,0.061,0.072,0.071,0.424,0.712,0.661,0.356,0,0,0.03,0,0,0,0,0,0.049,0,0.005,0.101,0,0.049,0.02,0.002,0.037,0.016,0.04,0.113,0.025,0.05,0,0.058,0.164,0.344,0.319,0.121,0,0.073,0.009,0,0.05,0.055,0,0.092,0,0,0,0,0,0.042,0.037,0.046,0.058,0.013,0.031,0,0,0.026,0.06,0.008,0.012,0,0.012,0,0,0.002,0,0,0,0,0,0.02,0,0,0.023,0,0.062,0.021,0.026,0.111,0.031,0,0,0.003,0,0,0,0,0,0,0,0.084,0.035,0.082,0.033,0.106,0,0,0.048,0,0,0
5,0.053,0.117,0.071,0,0.298,0.628,0.822,0.45,0.406,0.636,0.538,0.355,0.534,0.548,0.422,0.443,0.766,0.641,0.272,0.537,0.599,0.481,0.088,0,0.013,0.01,0.035,0.049,0.047,0,0,0.098,0.319,0.724,0.918,0.533,0.542,0.84,0.704,0.343,0.772,0.959,0.5,0.556,0.916,0.722,0.35,0.72,0.891,0.555,0.132,0,0.045,0,0,0.032,0,0,0,0,0.283,0.525,0.494,0.368,0.348,0.672,0.523,0.159,0.463,0.583,0.338,0.485,0.526,0.519,0.214,0.523,0.621,0.394,0.059,0.014,0,0.054,0,0.01,0,0,0.01,0,0.065,0.427,0.516,0.318,0.096,0.273,0.187,0,0.262,0.253,0.111,0.046,0.244,0.151,0,0.196,0.239,0.129,0,0.029,0.071,0,0,0,0.024,0.014,0,0.007,0.36,0.684,0.885,0.435,0.064,0,0.02,0,0,0.079,0.039,0,0.014,0.061,0.052,0.022,0,0.041,0.044,0.018,0.013,0.024,0.048,0,0,0.007,0,0.021,0.355,0.634,0.798,0.486,0.128,0.012,0.013,0.007,0.038,0.082,0.029,0.04,0.059,0,0,0.027,0,0.011,0,0,0,0.003,0.057,0.035,0.086,0.057,0,0.024,0.188,0.459,0.41,0.196,0.198,0.259,0.198,0.159,0.222,0.237,0.159,0.215,0.374,0.182,0.003,0,0.018,0.007,0,0,0,0.013,0.039,0,0,0.041,0,0,0.266,0.644,0.606,0.479,0.409,0.633,0.524,0.317,0.713,0.644,0.346,0.429,0.643,0.59,0.196,0,0.052,0.007,0.039,0.047,0,0.067,0,0,0,0,0,0,0.407,0.661,0.893,0.502,0.613,0.907,0.644,0.36,0.671,0.853,0.473,0.568,0.882,0.767,0.389,0.007,0,0,0.008,0,0.025,0,0.046,0,0,0.06,0,0,0.19,0.531,0.536,0.304,0.398,0.598,0.48,0.203,0.466,0.592,0.354,0.368,0.571,0.493,0.192,0.168,0.107,0,0,0.084,0,0,0,0,0.03,0,0.06,0.028,0,0.17,0.185,0.098,0.117,0.204,0.195,0,0.175,0.245,0.099,0.063,0.236,0.158,0.25,0.468,0.506,0.275,0.015,0,0.025,0,0,0.008,0,0,0,0.055,0,0,0.051,0.034,0,0,0.028,0,0.02,0,0.024,0.034,0,0.036,0.354,0.689,0.831,0.454,0.088,0,0,0,0,0.034,0,0.024,0.064,0.04,0.071,0.004,0.015,0.038,0.004,0.125,0,0.003,0,0.07,0.038,0.041,0,0,0.293,0.678,0.838,0.429,0.076,0.069,0,0,0.043,0.03,0,0,0.061,0.001,0.032,0,0.083,0.043,0.061,0,0,0.005,0,0.013,0.058,0.005,0,0.063,0.112,0.372,0.44,0.229,0.049,0.047,0,0,0.028,0,0.027,0,0.059,0.005,0.049,0,0,0,0.072,0,0.059,0.016,0,0.005,0,0,0,0,0.257,0.589,0.68,0.394,0.006,0,0.073,0,0.005,0,0.042,0.007,0,0,0,0.02,0,0.029,0,0.06,0.014,0.075,0.03,0,0,0,0,0.061,0.343,0.778,0.856,0.46,0.181,0,0,0,0,0.01,0,0.016,0,0.011,0.043,0.142,0.151,0.015,0,0,0.032,0.068,0.032,0,0.068,0,0,0.043,0.252,0.549,0.528,0.365,0,0,0.066,0,0.108,0.022,0.1,0,0,0.025,0.192,0.347,0.464,0.261,0.081,0,0,0,0,0.033,0,0.04,0.05,0,0.191,0.458,0.432,0.314,0.033,0.051,0,0,0,0,0,0.028,0,0.017,0.394,0.768,0.849,0.514,0.186,0.085,0.085,0,0.02,0.001,0.015,0.021,0,0,0.412,0.683,0.732,0.472,0.09,0,0.051,0,0,0,0.025,0,0,0,0.291,0.678,0.683,0.447,0.172,0,0,0.019,0.002,0,0,0,0.001,0,0.335,0.705,0.75,0.47,0.127,0.064,0,0,0,0,0.026,0.075,0.044,0.03,0.169,0.367,0.415,0.352,0.266,0.282,0.268,0.07,0.202,0.293,0.195,0.26,0.368,0.278,0.138,0.311,0.36,0.281,0,0.028,0,0.066,0.012,0,0,0.01,0,0,0,0,0,0.116,0.439,0.66,0.54,0.233,0.61,0.656,0.456,0.454,0.668,0.648,0.234,0.027,0,0.039,0,0,0.104,0,0,0,0.014,0.038,0,0,0,0,0.024,0.185,0.546,0.955,0.744,0.266,0.671,0.824,0.407,0.6,0.997,0.711,0.342,0.047,0,0.058,0.179,0.037,0,0.017,0,0,0.004,0,0,0,0,0,0,0.038,0.348,0.57,0.523,0.212,0.566,0.584,0.427,0.374,0.49,0.486,0.273,0,0,0.034,0.04,0,0.032,0.029,0,0.049,0,0,0.009,0.023,0,0,0,0.058,0.155,0.185,0.145,0,0.045,0.136,0.141,0.039,0.172,0.201,0.056,0.123,0.011,0.017,0,0.117,0.085,0.092,0.044,0.018,0.042,0,0,0.026,0.043,0,0.037,0,0,0.07,0,0.028,0.019,0.002,0.03,0,0,0,0,0,0,0,0,0.024,0.036,0,0.019,0,0,0,0,0,0.059,0,0.013,0,0,0.013,0,0,0.08,0,0.006,0,0,0.01,0,0,0.034,0.071,0.047,0,0.025,0,0.06,0,0,0,0,0,0.104,0.031,0.075,0.058,0.042,0,0.13,0,0,0.01,0.049,0,0.041,0,0,0.006,0.031,0,0,0,0.047,0.088,0,0.032
6,0,0,0.005,0,0.058,0,0.11,0.055,0.012,0,0.006,0.353,0.494,0.489,0.17,0.347,0.525,0.348,0.228,0.015,0.034,0,0,0,0.089,0,0,0.047,0.051,0.046,0.033,0,0.023,0.024,0.117,0,0.063,0.032,0.125,0.486,0.844,0.73,0.363,0.609,0.887,0.643,0.267,0.007,0.108,0.091,0.044,0.06,0.023,0.032,0.059,0,0.078,0,0.001,0.079,0,0.026,0.032,0.017,0.007,0.05,0.097,0.45,0.74,0.708,0.293,0.524,0.686,0.521,0.295,0.094,0.014,0.068,0,0,0,0.002,0,0.031,0.011,0,0.073,0,0.043,0,0,0,0.192,0.356,0.062,0.178,0.269,0.323,0.175,0.272,0.368,0.24,0.061,0,0,0,0.016,0.022,0.09,0,0,0.003,0.13,0.054,0,0.012,0,0.017,0.033,0.302,0.532,0.555,0.414,0.032,0.093,0,0.016,0,0,0,0.038,0.108,0,0,0.033,0,0,0.021,0,0.062,0,0,0.026,0,0.009,0.008,0.058,0.446,0.817,0.887,0.477,0.023,0,0,0,0,0.009,0.058,0.085,0,0.103,0,0.07,0,0.052,0,0.002,0.024,0,0,0.027,0.021,0,0.004,0,0.357,0.457,0.584,0.333,0,0.033,0.037,0,0,0.073,0.033,0.025,0.031,0.015,0,0,0,0.028,0,0.039,0,0,0.015,0,0.009,0.331,0.328,0.174,0.232,0.306,0.222,0.111,0,0.042,0.005,0,0.033,0.075,0.04,0,0.033,0,0.032,0,0,0,0,0,0,0.046,0.036,0,0.277,0.503,0.705,0.473,0.085,0,0,0.061,0,0,0.013,0,0,0.006,0.09,0.077,0,0.06,0.007,0,0,0.05,0,0.004,0.001,0,0,0.071,0.301,0.728,0.784,0.527,0.254,0.023,0.11,0.004,0,0,0.052,0,0,0.037,0.043,0.047,0,0,0,0,0.059,0,0,0.053,0,0.007,0,0.063,0.111,0.447,0.545,0.362,0.039,0.079,0.114,0,0,0.155,0.043,0,0.031,0.005,0.074,0.017,0,0,0,0.063,0.017,0,0,0.006,0.032,0.105,0,0.017,0.087,0.416,0.392,0.276,0.263,0.48,0.514,0.229,0.292,0.414,0.419,0.244,0.28,0.418,0.323,0.141,0,0,0.044,0,0.078,0,0,0,0,0.03,0,0,0.332,0.506,0.734,0.609,0.379,0.726,0.7,0.446,0.499,0.744,0.676,0.351,0.536,0.874,0.574,0.223,0,0,0,0.059,0,0.031,0,0,0,0.064,0.062,0.006,0.265,0.646,0.806,0.535,0.298,0.681,0.809,0.512,0.496,0.75,0.68,0.301,0.507,0.783,0.6,0.342,0,0,0,0.048,0,0.014,0.02,0,0,0,0.034,0,0.194,0.446,0.476,0.272,0.25,0.563,0.455,0.196,0.217,0.38,0.242,0.166,0.327,0.378,0.341,0.119,0.059,0.141,0,0,0,0.017,0,0.001,0.02,0.005,0.017,0.019,0.163,0.34,0.543,0.395,0.08,0,0.076,0,0,0.02,0.029,0,0,0.06,0.018,0.197,0.439,0.609,0.381,0.016,0.037,0.063,0.106,0,0.013,0.077,0.009,0,0.367,0.716,0.908,0.509,0.141,0,0.053,0,0,0,0,0.017,0,0,0,0.357,0.758,0.885,0.472,0.183,0.048,0.034,0,0.043,0,0.025,0.031,0.005,0.147,0.65,0.802,0.482,0.105,0.023,0.008,0,0,0,0.039,0,0,0.082,0.018,0.26,0.536,0.726,0.401,0.092,0,0.049,0,0,0.031,0.09,0,0.042,0.094,0.217,0.335,0.271,0.049,0.052,0,0,0.093,0,0,0.032,0,0.028,0,0.011,0.208,0.322,0.215,0,0.005,0,0,0.046,0,0.003,0.028,0.027,0.304,0.448,0.734,0.436,0.137,0.028,0.007,0,0,0.002,0,0.002,0,0,0,0.287,0.48,0.635,0.384,0.089,0,0.073,0,0.018,0,0.028,0.026,0.069,0.367,0.72,0.974,0.522,0.213,0.061,0.016,0.052,0,0,0.024,0,0,0,0.02,0.421,0.684,0.893,0.526,0.123,0.008,0,0,0.015,0,0,0.067,0.001,0.241,0.487,0.575,0.453,0.013,0,0.011,0.054,0,0,0,0,0,0,0.026,0.264,0.509,0.557,0.386,0.035,0.058,0,0,0,0.074,0.021,0,0.046,0.01,0.208,0.193,0.101,0.102,0.396,0.393,0.244,0.173,0.385,0.414,0.109,0.247,0.46,0.274,0.07,0.228,0.17,0.018,0.06,0.03,0,0,0.113,0,0,0,0.022,0,0,0.07,0,0.328,0.736,0.767,0.393,0.557,0.73,0.697,0.333,0.646,0.692,0.517,0.301,0,0,0.011,0,0.026,0,0,0,0.094,0,0.008,0.005,0.048,0.032,0,0.05,0.347,0.85,0.771,0.434,0.505,0.776,0.746,0.282,0.56,0.838,0.626,0.283,0,0,0,0.006,0.102,0,0.003,0.073,0,0,0.004,0,0,0,0.018,0.029,0.221,0.422,0.444,0.293,0.186,0.478,0.509,0.202,0.337,0.492,0.357,0.14,0,0,0.063,0.025,0.049,0,0.014,0.016,0.001,0.018,0,0,0.048,0.025,0,0.015,0,0.13,0.083,0.044,0.016,0.043,0.012,0.04,0.094,0.127,0.004,0.01,0,0,0,0,0.067,0.055,0,0,0,0.022,0,0.086,0,0.006,0,0.097,0.004,0,0.057,0.013,0.046,0.031,0,0,0,0.018,0,0.129,0,0.018,0.02,0.029,0,0,0,0,0.056
7,0,0.006,0.276,0.67,1,0.679,0.378,0.719,0.947,0.51,0.403,0.854,0.834,0.447,0.533,0.894,0.75,0.385,0.643,1,0.716,0.322,0,0,0,0,0.066,0,0,0,0.097,0.533,0.626,0.446,0.341,0.572,0.597,0.344,0.336,0.671,0.58,0.436,0.382,0.655,0.524,0.232,0.391,0.764,0.531,0.295,0,0.04,0,0,0,0.07,0,0,0.016,0.181,0.193,0.116,0.094,0.22,0.303,0,0.047,0.323,0.304,0.172,0.195,0.209,0.176,0.067,0.136,0.238,0.214,0.09,0,0.049,0,0.012,0.027,0,0,0.018,0,0.061,0.04,0.012,0,0.019,0.035,0.025,0.021,0,0,0.003,0.06,0,0,0.126,0.475,0.611,0.58,0.287,0.097,0,0,0.004,0,0,0.027,0.016,0.039,0,0,0,0.029,0.036,0.086,0,0.053,0.023,0.044,0,0,0.024,0.031,0.18,0.544,0.913,0.667,0.341,0.124,0.063,0.01,0,0,0,0,0.005,0,0.036,0.003,0,0,0.019,0.011,0.042,0.131,0,0.044,0,0.009,0,0,0.102,0.348,0.505,0.541,0.182,0.087,0.089,0,0,0.014,0.009,0,0.013,0,0,0,0,0,0.071,0,0,0,0.003,0.082,0,0.191,0.386,0.378,0.106,0.234,0.264,0.236,0.002,0,0,0.037,0.045,0,0.018,0,0.032,0.037,0,0.069,0.034,0.032,0.07,0.005,0,0.043,0,0.022,0.06,0.438,0.738,0.6,0.389,0.003,0.019,0,0.01,0.004,0,0,0.061,0.039,0,0.046,0,0,0.036,0.01,0.036,0.03,0,0.034,0.027,0,0,0.118,0.124,0.489,0.826,0.765,0.288,0,0,0,0,0,0,0.05,0.008,0.031,0,0,0.005,0,0,0,0,0.018,0.124,0.07,0,0.005,0.035,0.172,0,0.245,0.541,0.443,0.156,0.043,0,0.013,0,0.01,0,0,0.052,0,0.057,0.093,0.037,0.112,0.004,0.089,0,0,0,0.024,0,0.2,0.424,0.502,0.231,0,0.174,0.169,0,0.033,0,0.07,0,0,0,0.056,0.047,0,0.038,0.017,0,0.068,0.033,0,0.023,0,0,0,0,0.431,0.748,0.76,0.471,0,0.026,0,0.037,0,0.036,0.029,0,0,0,0.104,0,0,0.036,0,0,0,0,0.052,0,0,0.007,0.004,0.032,0.374,0.741,0.774,0.404,0.041,0,0.024,0.006,0.037,0,0,0.029,0,0.01,0,0.048,0.006,0.022,0.037,0,0,0.011,0,0,0,0.115,0.102,0.028,0.225,0.427,0.522,0.241,0,0,0,0.037,0,0,0,0.031,0,0.053,0.039,0.069,0.019,0,0,0.033,0.05,0,0,0.009,0.191,0.434,0.515,0.251,0.011,0.057,0.095,0,0.006,0.035,0.086,0,0,0,0,0.037,0.049,0,0,0,0,0.047,0.047,0,0,0,0.048,0,0.363,0.659,0.85,0.536,0.17,0,0,0.095,0.031,0,0.023,0,0,0.074,0.023,0,0,0.038,0.022,0,0.112,0.035,0.057,0,0,0,0.017,0,0.342,0.701,0.759,0.467,0.123,0.019,0,0,0,0.055,0,0,0.069,0,0,0.033,0.023,0.078,0.019,0.06,0.031,0,0,0,0.088,0,0,0.045,0.08,0.309,0.333,0.238,0,0.013,0,0,0,0,0,0,0,0,0,0.009,0,0.044,0,0,0.003,0.071,0.06,0,0.01,0.057,0.092,0,0.173,0.492,0.583,0.304,0.011,0.009,0.004,0,0.007,0.026,0.004,0,0,0,0,0,0.062,0,0,0,0,0,0.052,0.03,0.022,0.007,0.016,0,0.322,0.715,0.769,0.462,0.096,0.028,0,0,0.018,0.034,0.03,0.01,0.02,0,0,0,0,0,0.011,0.068,0,0,0.01,0,0,0.081,0.01,0.062,0.276,0.573,0.678,0.351,0.042,0.172,0,0,0,0.036,0.052,0.025,0,0.033,0.027,0.047,0.049,0.038,0.054,0,0,0.012,0.067,0.012,0.032,0,0.043,0,0.125,0.282,0.325,0.171,0,0,0.059,0.067,0.031,0.031,0.013,0.043,0,0.02,0.107,0.038,0.002,0,0.139,0.012,0.02,0,0.028,0.032,0.045,0.029,0,0.029,0.242,0.544,0.566,0.323,0,0,0,0,0,0.001,0.091,0.006,0,0.036,0.031,0.08,0,0,0.1,0.041,0,0.01,0,0.004,0,0,0.027,0.095,0.328,0.765,0.869,0.433,0.211,0.05,0.082,0.042,0,0,0.014,0.007,0,0,0.041,0.019,0,0.021,0.052,0,0,0,0.038,0.077,0.043,0.011,0.001,0,0.275,0.435,0.614,0.457,0.059,0,0,0,0.045,0,0,0,0,0,0,0,0.017,0.053,0.007,0.039,0.035,0.024,0.073,0,0,0,0.054,0.037,0.009,0.139,0.336,0.094,0.099,0.013,0.123,0,0,0.044,0,0,0,0.114,0.009,0.052,0.061,0,0.01,0,0.008,0,0.005,0.057,0,0.005,0,0,0,0.088,0.075,0,0.009,0.042,0.007,0.113,0.006,0.098,0.028,0.011,0.019,0.058,0,0.082,0.012,0,0,0,0.006,0,0.001,0.008,0,0.076,0.016,0,0,0,0.004,0,0.035,0.005,0.096,0.069,0.064,0,0.036,0,0,0.053,0,0,0.023,0,0.034,0.066,0.041,0
8,0,0.004,0.122,0,0,0,0.13,0.414,0.843,0.776,0.38,0.523,0.718,0.706,0.441,0.509,0.905,0.738,0.347,0.063,0,0,0,0,0,0.007,0.004,0,0,0,0.008,0,0,0,0.021,0.353,0.692,0.587,0.366,0.448,0.644,0.526,0.334,0.384,0.643,0.574,0.228,0.023,0,0.139,0.039,0.037,0.038,0.041,0,0,0,0.012,0.021,0.085,0.27,0.174,0.123,0.048,0.261,0.23,0.173,0.105,0.251,0.255,0.076,0.186,0.291,0.293,0,0.153,0.277,0.194,0.036,0.065,0.034,0,0,0.014,0,0,0,0.369,0.662,0.624,0.381,0,0,0,0,0.011,0,0.056,0.089,0,0,0.003,0.165,0.536,0.579,0.518,0.25,0,0,0,0,0.009,0.026,0,0.033,0.536,0.744,0.813,0.484,0.106,0.081,0,0,0,0.043,0,0,0.053,0,0,0.333,0.554,0.991,0.586,0.257,0,0,0.095,0.075,0.057,0,0,0.072,0.312,0.546,0.541,0.314,0.033,0,0.042,0,0,0.007,0.067,0.004,0.027,0.057,0,0.059,0.512,0.589,0.468,0.192,0,0.079,0,0,0.007,0,0,0,0.135,0.276,0.282,0.122,0.074,0,0.018,0.01,0.082,0.025,0.056,0.089,0,0,0.022,0,0.172,0.379,0.277,0.05,0,0.031,0,0.093,0.011,0,0,0.01,0.401,0.656,0.697,0.28,0,0.075,0,0.082,0,0,0,0.013,0,0.009,0.011,0.129,0.51,0.66,0.587,0.258,0,0,0.011,0.058,0.056,0.028,0,0.08,0.395,0.806,0.916,0.461,0.19,0,0.022,0.004,0.003,0,0,0.064,0.012,0,0.028,0.296,0.575,0.964,0.709,0.302,0,0.025,0.123,0.026,0.071,0.02,0.079,0.055,0.341,0.522,0.532,0.309,0,0,0.042,0.012,0.032,0.038,0.002,0,0.098,0,0.038,0.158,0.375,0.566,0.424,0.178,0.015,0,0.015,0.046,0.009,0,0.113,0,0,0.216,0.197,0.065,0.159,0.28,0.33,0.19,0.232,0.415,0.264,0.11,0.309,0.273,0.339,0.121,0.041,0.141,0.16,0.046,0.025,0,0.118,0.046,0.002,0.045,0,0.003,0,0.093,0,0,0.409,0.604,0.666,0.35,0.474,0.745,0.683,0.303,0.464,0.704,0.581,0.286,0,0,0.049,0.005,0.048,0.064,0.005,0,0,0,0.028,0.006,0,0,0,0.156,0.406,0.874,0.778,0.413,0.593,0.819,0.682,0.368,0.444,0.897,0.667,0.35,0.023,0,0,0,0.013,0,0,0.04,0,0,0.033,0,0.031,0.07,0.036,0.095,0.309,0.506,0.532,0.188,0.364,0.516,0.487,0.197,0.417,0.567,0.504,0.109,0,0.117,0,0.038,0.015,0,0.001,0,0,0.033,0,0,0.133,0.4,0.325,0.209,0.053,0.096,0.16,0.085,0.071,0.181,0.086,0,0,0.199,0.147,0.042,0.334,0.435,0.233,0.017,0,0.095,0,0.051,0,0,0,0.038,0.356,0.638,0.743,0.508,0.069,0.106,0,0.098,0,0.01,0.035,0,0.027,0.018,0.023,0.187,0.499,0.795,0.556,0.193,0,0,0,0,0.047,0.059,0,0.015,0.381,0.736,0.65,0.38,0.06,0,0,0,0.071,0.027,0.108,0,0,0,0.015,0.199,0.505,0.871,0.771,0.274,0.012,0.004,0.004,0,0,0.025,0,0,0.161,0.415,0.521,0.307,0,0,0.028,0.019,0.069,0,0.069,0.067,0,0.027,0.027,0.124,0.38,0.36,0.452,0.088,0.04,0.024,0.032,0.043,0.038,0,0,0.019,0.237,0.434,0.444,0.344,0,0,0.052,0,0,0.053,0.017,0,0.028,0,0.027,0.093,0.205,0.531,0.311,0.081,0,0,0,0,0,0,0,0.046,0.423,0.744,0.768,0.432,0.16,0,0,0.013,0.06,0,0.027,0,0.078,0,0,0.324,0.65,0.8,0.635,0.254,0.004,0,0,0,0,0,0.018,0.078,0.358,0.795,0.774,0.582,0.122,0,0.076,0,0,0.03,0,0.02,0.002,0,0.026,0.206,0.474,0.822,0.627,0.27,0,0.022,0.032,0,0,0.038,0.081,0.008,0.191,0.406,0.408,0.172,0,0.116,0.177,0.006,0.077,0.13,0.108,0.067,0.008,0.214,0.039,0.044,0.29,0.316,0.308,0.06,0.002,0.137,0,0,0.114,0.022,0,0.011,0,0.105,0.026,0,0.329,0.489,0.425,0.286,0.342,0.393,0.474,0.17,0.279,0.483,0.4,0.19,0.013,0.144,0,0,0,0.043,0.032,0.003,0,0,0,0,0.09,0,0,0.058,0.37,0.771,0.776,0.35,0.459,0.9,0.702,0.42,0.544,0.896,0.646,0.297,0,0,0.055,0.001,0.033,0.022,0.012,0.038,0.023,0.064,0.02,0,0,0.026,0.005,0.074,0.393,0.66,0.643,0.367,0.485,0.755,0.674,0.331,0.474,0.684,0.626,0.258,0.043,0.01,0.081,0,0.051,0,0.015,0,0,0.052,0.035,0.031,0,0.002,0.039,0.096,0.109,0.386,0.26,0.232,0.24,0.389,0.338,0.129,0.242,0.475,0.305,0.043,0,0.038,0,0.109,0,0,0.028,0.08,0,0,0,0,0.048,0,0.025,0.083,0.048,0,0,0.05,0.03,0.033,0.038,0,0,0,0,0,0.062,0,0.136,0.038,0.042,0,0,0,0,0,0,0,0.059,0,0.012,0.068,0.055,0.006,0,0.064,0,0.032,0.059,0.023,0.085,0.019,0,0.024,0,0.022,0.029,0,0,0,0,0.095,0.077
9,0.043,0,0.003,0.045,0,0.005,0.37,0.666,0.797,0.617,0.347,0.672,0.804,0.462,0.284,0.694,0.73,0.544,0.119,0,0,0.019,0,0,0.012,0.071,0,0.032,0.014,0,0.013,0.002,0.032,0,0.143,0.4,0.472,0.393,0.171,0.413,0.511,0.292,0.099,0.394,0.543,0.332,0.017,0,0.062,0.023,0.094,0.107,0,0.159,0,0,0,0,0.073,0.372,0.509,0.274,0,0.02,0.205,0,0.088,0.036,0.045,0.024,0,0.106,0.038,0.004,0.144,0.36,0.412,0.368,0,0.009,0.03,0.036,0.027,0,0,0,0.207,0.638,0.829,0.544,0.231,0.049,0,0.001,0,0,0,0.003,0,0.017,0.082,0,0.348,0.708,0.696,0.484,0.144,0.033,0.013,0.011,0,0.014,0.033,0,0.29,0.585,0.827,0.512,0.151,0,0.034,0.042,0,0,0,0,0.106,0.032,0.041,0,0.321,0.657,0.827,0.515,0.143,0,0,0.028,0,0,0.024,0.024,0.176,0.41,0.383,0.381,0.13,0.034,0,0,0,0.004,0,0,0,0,0.033,0,0.142,0.37,0.387,0.253,0.014,0.018,0,0,0,0.065,0,0,0.045,0.384,0.361,0.333,0.003,0.046,0.013,0.044,0.128,0.032,0.022,0,0,0.006,0,0.024,0.142,0.34,0.451,0.286,0,0,0,0,0,0.03,0,0.052,0.227,0.616,0.806,0.681,0.163,0,0,0,0,0.088,0.063,0,0.027,0,0.005,0.025,0.277,0.618,0.798,0.561,0.152,0,0,0.05,0.05,0.055,0,0,0.25,0.63,0.76,0.545,0.138,0.015,0,0,0,0,0,0.006,0,0.021,0,0.002,0.327,0.721,0.736,0.56,0.167,0.076,0.035,0,0.083,0.052,0,0,0.09,0.312,0.478,0.312,0,0.058,0.112,0.023,0,0.047,0.09,0.016,0,0,0.114,0.011,0.116,0.335,0.512,0.281,0.004,0.107,0.009,0.008,0,0.027,0,0,0.022,0,0,0.015,0.196,0.388,0.548,0.342,0.136,0.405,0.386,0.372,0.287,0.379,0.409,0.243,0.095,0.399,0.473,0.26,0.04,0.003,0,0,0.054,0.108,0.026,0.056,0,0,0,0,0.315,0.702,0.752,0.44,0.373,0.666,0.755,0.573,0.274,0.622,0.732,0.535,0.352,0.744,0.871,0.604,0.169,0.004,0.01,0.025,0,0.031,0,0,0,0.061,0,0,0.284,0.638,0.893,0.54,0.331,0.713,0.76,0.541,0.33,0.575,0.682,0.446,0.311,0.668,0.727,0.511,0.107,0.041,0,0.032,0,0.029,0,0.007,0,0.138,0.003,0,0.061,0.394,0.373,0.255,0.071,0.408,0.437,0.301,0.058,0.331,0.436,0.259,0.126,0.347,0.43,0.316,0.025,0.009,0.021,0,0.025,0.014,0,0.04,0,0,0.036,0.033,0,0.104,0.119,0.083,0,0.034,0.091,0.068,0,0,0,0,0.151,0.373,0.461,0.229,0,0,0,0.084,0,0,0,0.104,0,0.101,0.054,0,0,0.051,0.005,0.052,0.008,0,0.025,0.023,0,0.019,0,0.003,0.33,0.657,0.913,0.561,0.309,0.052,0,0,0.033,0.001,0,0,0,0,0.009,0.086,0,0,0.008,0,0,0.001,0,0,0,0,0,0.038,0.417,0.655,0.793,0.512,0.146,0,0,0.024,0,0.026,0,0.041,0,0,0,0,0,0.073,0,0.038,0.093,0,0.014,0,0.003,0.141,0.079,0,0.068,0.341,0.328,0.256,0.006,0.004,0.008,0.142,0.027,0.06,0.029,0.014,0,0,0,0,0,0,0.101,0.038,0.011,0,0,0,0.119,0.479,0.48,0.253,0.035,0,0.093,0,0,0,0.02,0,0.092,0,0,0,0.073,0.058,0.005,0,0,0,0.014,0.06,0,0.016,0,0,0.376,0.632,0.8,0.478,0.12,0,0,0,0,0.126,0.074,0.016,0.083,0.006,0.021,0.045,0.026,0.06,0,0.112,0.083,0.009,0,0,0.016,0,0.067,0.049,0.324,0.669,0.842,0.48,0.135,0.012,0,0.001,0,0.011,0,0.003,0.008,0.012,0,0.037,0.011,0.058,0.021,0.053,0,0.081,0.131,0.118,0,0.063,0.095,0.063,0.128,0.364,0.411,0.257,0,0.071,0.058,0.012,0.091,0,0,0.052,0.016,0.022,0.056,0.023,0,0.005,0.003,0,0.1,0.432,0.458,0.348,0.185,0.415,0.504,0.358,0.025,0.078,0.083,0.008,0,0,0.021,0.041,0,0,0,0.019,0,0.043,0.026,0,0.015,0.048,0,0.021,0.323,0.703,0.825,0.631,0.227,0.733,0.83,0.468,0.132,0.032,0.052,0,0.014,0,0,0,0,0,0.114,0.059,0,0.046,0.11,0.058,0.032,0,0,0.018,0.28,0.611,0.758,0.583,0.207,0.559,0.663,0.573,0.26,0.101,0.112,0.024,0.048,0,0.015,0,0,0.019,0.046,0.043,0,0,0.012,0,0.015,0.049,0.039,0.131,0.081,0.294,0.452,0.257,0.083,0.356,0.372,0.189,0.065,0,0.008,0,0,0,0,0.045,0,0.009,0.005,0,0.018,0,0.017,0.045,0.001,0,0.039,0.047,0,0.106,0.115,0,0,0.062,0.088,0,0.02,0,0,0,0,0.078,0,0.009,0,0.046,0,0.015,0,0,0.044,0.024,0.029,0,0,0,0,0.123,0,0,0,0.038,0,0.041,0,0,0.018,0,0,0,0.047,0,0,0,0,0,0.045,0
0,0.067,0,0,0.029,0.063,0,0,0,0.136,0.261,0.258,0.017,0.154,0.237,0.102,0.086,0.216,0.183,0.027,0.053,0,0.006,0,0.005,0.03,0,0,0,0,0.038,0,0.001,0,0,0,0.087,0.393,0.68,0.495,0.259,0.462,0.615,0.419,0.485,0.49,0.5,0.293,0.062,0.074,0.004,0,0.002,0,0,0.036,0.037,0,0.017,0.057,0,0,0,0,0.043,0.438,0.922,0.737,0.323,0.721,0.934,0.548,0.593,0.871,0.8,0.41,0.056,0.026,0.081,0,0,0,0.087,0.117,0,0,0,0,0.021,0.143,0.03,0.122,0.099,0.436,0.751,0.559,0.34,0.549,0.683,0.463,0.452,0.677,0.555,0.235,0.041,0.132,0,0.088,0.05,0.06,0,0.069,0.038,0.05,0.022,0,0,0.136,0.278,0.388,0.225,0.092,0.271,0.149,0.038,0.206,0.269,0.136,0.218,0.274,0.331,0.148,0.37,0.444,0.363,0,0.064,0.058,0.043,0,0.011,0,0.004,0,0.016,0.334,0.677,0.706,0.376,0.213,0,0.047,0,0,0.084,0.073,0,0,0.028,0.365,0.645,0.761,0.571,0.238,0.003,0,0,0.011,0.016,0,0.083,0.039,0.002,0.317,0.633,0.846,0.622,0.176,0,0.008,0.045,0,0.05,0.023,0.074,0,0.087,0.288,0.688,0.765,0.541,0.189,0,0.006,0,0,0,0,0,0.001,0.044,0.156,0.391,0.451,0.314,0.07,0,0.022,0.006,0,0.071,0,0.074,0.239,0.124,0.15,0.448,0.585,0.308,0.053,0.009,0.093,0,0.039,0,0.049,0.003,0.021,0,0.214,0.627,0.571,0.427,0,0.01,0.05,0,0,0,0.101,0.351,0.611,0.428,0.29,0.451,0.577,0.445,0.186,0.058,0.051,0,0.014,0,0.036,0.012,0.021,0,0.351,0.6,0.864,0.474,0.235,0,0.047,0,0,0,0.138,0.458,0.928,0.808,0.303,0.693,0.896,0.589,0.132,0.042,0.058,0,0,0.043,0,0.001,0,0.027,0.312,0.496,0.66,0.404,0.086,0.009,0,0,0,0.098,0,0.372,0.603,0.485,0.257,0.496,0.624,0.432,0.187,0.005,0.008,0.046,0.041,0.042,0,0,0.034,0,0.109,0.369,0.455,0.329,0.109,0.047,0.088,0.164,0.295,0.366,0.235,0.04,0.291,0.251,0.113,0.395,0.461,0.21,0,0.03,0.033,0.058,0.046,0,0.021,0.06,0,0,0.313,0.624,0.677,0.524,0.174,0,0,0.299,0.655,0.85,0.612,0.065,0.075,0,0.309,0.627,0.736,0.443,0.223,0,0.004,0,0.01,0.065,0,0.096,0,0.052,0.363,0.65,0.782,0.433,0.132,0,0.095,0.324,0.621,0.832,0.398,0.214,0,0,0.351,0.682,0.792,0.447,0.281,0,0.01,0,0,0,0,0,0,0,0.14,0.383,0.446,0.291,0.189,0.283,0.182,0.084,0.482,0.499,0.365,0.155,0,0.01,0.139,0.409,0.492,0.308,0,0.03,0,0.001,0.025,0,0.009,0.008,0,0.053,0.287,0.456,0.61,0.513,0.302,0.63,0.436,0.291,0.048,0.072,0,0.133,0,0,0.196,0.508,0.507,0.427,0,0.004,0.069,0.035,0.03,0.056,0.066,0,0,0.051,0.337,0.676,0.895,0.47,0.534,0.952,0.751,0.316,0.015,0,0,0.059,0.038,0.07,0.363,0.665,1,0.472,0.208,0.018,0,0.004,0,0.102,0,0.103,0,0,0.227,0.564,0.67,0.346,0.423,0.671,0.551,0.291,0.03,0,0,0.021,0.068,0.084,0.276,0.615,0.6,0.44,0.129,0,0,0.031,0,0,0,0,0.016,0,0,0.346,0.374,0.209,0.149,0.26,0.223,0.044,0.035,0.018,0,0.005,0.004,0.007,0.173,0.241,0.4,0.316,0,0.008,0.01,0.06,0.027,0,0,0,0,0,0.339,0.643,0.867,0.563,0.2,0.003,0.077,0.008,0.129,0.007,0.042,0,0,0.127,0.263,0.591,0.821,0.453,0.178,0.001,0,0.043,0,0,0,0,0.01,0,0.369,0.706,0.851,0.507,0.076,0,0,0,0,0,0,0.045,0.028,0,0.383,0.667,0.9,0.575,0.081,0,0,0,0,0.053,0.082,0,0,0,0.167,0.487,0.47,0.336,0.018,0.168,0.174,0.011,0.176,0.162,0.098,0.066,0.144,0.186,0.142,0.426,0.48,0.331,0.069,0.042,0.034,0,0.007,0.04,0.031,0.024,0.017,0.013,0,0.114,0.042,0.072,0.405,0.671,0.517,0.245,0.566,0.585,0.382,0.296,0.582,0.554,0.197,0.094,0.119,0,0,0,0,0.03,0.022,0.056,0.037,0,0,0.059,0,0,0,0.078,0.52,0.824,0.647,0.318,0.773,1,0.528,0.497,0.921,0.677,0.411,0.036,0,0,0,0,0.036,0,0.034,0,0.025,0,0.041,0.013,0.074,0.026,0.041,0.09,0.444,0.684,0.61,0.206,0.486,0.647,0.38,0.436,0.574,0.623,0.312,0.041,0,0.05,0,0.026,0.037,0.01,0,0,0.005,0,0,0.01,0,0.012,0.077,0,0.099,0.324,0.237,0.074,0.271,0.277,0.111,0.119,0.274,0.272,0,0.013,0,0,0.016,0.024,0,0,0,0.023,0.041,0.014,0.066,0,0.034,0.052,0.071,0.053,0.048,0.029,0.12,0,0,0.012,0.004,0.012,0,0.01,0.082,0,0.022,0,0,0.097,0.001,0,0.034,0,0,0,0.014,0.026,0,0,0.034,0,0.035,0.018,0,0.083,0.057,0.077,0,0.031,0.031,0.023,0,0,0.013,0.039,0,0.02,0.074,0.02,0,0.005
1,0,0.026,0,0.078,0,0,0,0.027,0,0,0,0.404,0.687,0.805,0.531,0.164,0,0,0,0,0.04,0,0,0,0.081,0.086,0,0,0,0.098,0.018,0,0,0.039,0,0.011,0.032,0,0,0.36,0.603,0.783,0.466,0.256,0.001,0,0,0,0.01,0,0,0,0,0.061,0,0,0.027,0.006,0,0.001,0,0.092,0.034,0.078,0.075,0.175,0.181,0.11,0.328,0.469,0.313,0,0.038,0.038,0.128,0.001,0.072,0,0,0,0,0,0,0,0.034,0,0.029,0.048,0.001,0.004,0.075,0.206,0.404,0.54,0.468,0.285,0.529,0.495,0.325,0.103,0.115,0.023,0,0.039,0,0,0,0.031,0.017,0.042,0,0,0.004,0.018,0,0,0.017,0.063,0.026,0.251,0.627,0.931,0.529,0.415,0.649,0.886,0.504,0.243,0,0.133,0.028,0.032,0,0,0,0,0,0.066,0.022,0,0,0,0.124,0,0,0,0,0.185,0.478,0.65,0.569,0.313,0.596,0.669,0.46,0.185,0.096,0.015,0,0,0.027,0.012,0.055,0.005,0,0,0,0,0,0,0,0,0,0,0,0,0.28,0.402,0.14,0.065,0.238,0.364,0.246,0,0,0.013,0.021,0.053,0,0,0.092,0.023,0.036,0,0.062,0.028,0,0.016,0,0.052,0.026,0.007,0,0,0.037,0.014,0.056,0.192,0.613,0.538,0.373,0.072,0.191,0.031,0.013,0.023,0.073,0.015,0.021,0.011,0,0.014,0.074,0.068,0,0.008,0.059,0,0,0,0.026,0,0.011,0.033,0,0.372,0.8,0.857,0.58,0.158,0,0.012,0.048,0,0,0.011,0,0,0,0,0,0,0.019,0,0,0.137,0.079,0,0.054,0.051,0.039,0,0.04,0.2,0.49,0.572,0.456,0.014,0.061,0,0,0,0.018,0,0,0,0,0,0,0.025,0,0,0,0.049,0.059,0,0.034,0,0.002,0.03,0.027,0.086,0.367,0.354,0.242,0,0,0.011,0,0,0.037,0,0.049,0.026,0.094,0.025,0.013,0,0.069,0.022,0,0.118,0.003,0,0.043,0,0,0.001,0,0.214,0.632,0.746,0.516,0.189,0.067,0,0,0,0,0.039,0.015,0.011,0,0,0.007,0,0,0,0,0,0,0,0,0,0,0,0.058,0.354,0.777,0.865,0.447,0.17,0,0,0.058,0.013,0,0,0,0.009,0,0,0,0,0,0.034,0.05,0.002,0.037,0,0.042,0.049,0.038,0,0.091,0.176,0.489,0.631,0.279,0.076,0,0.018,0,0,0,0,0.113,0,0,0,0.017,0,0.028,0.005,0.133,0.009,0,0.043,0,0,0,0,0.013,0.121,0.339,0.439,0.235,0,0.054,0.034,0,0,0,0.041,0,0,0,0.044,0.041,0.1,0,0.016,0.074,0.071,0,0.08,0.019,0.072,0.075,0,0.011,0.304,0.681,0.725,0.513,0.219,0.092,0.037,0,0,0,0,0,0.085,0,0,0,0,0.083,0,0,0.031,0,0.065,0.062,0.008,0,0,0,0.277,0.696,0.694,0.479,0.134,0.066,0,0.012,0,0,0,0.019,0,0.072,0.063,0.02,0.018,0,0.052,0.027,0.009,0,0,0.026,0,0,0.024,0,0.278,0.333,0.393,0.256,0,0,0.004,0,0,0.039,0,0.008,0,0.014,0.06,0,0,0,0,0.067,0,0,0.012,0.05,0.053,0.035,0.041,0.053,0.193,0.366,0.472,0.428,0.21,0,0.04,0.086,0,0,0,0,0,0,0.003,0,0.023,0.059,0.003,0,0,0,0,0.076,0,0,0,0.069,0.313,0.57,0.9,0.572,0.135,0.04,0,0.026,0,0.033,0,0.044,0.057,0.015,0.033,0.095,0.055,0.017,0.051,0.014,0.011,0,0.027,0,0.058,0,0.013,0,0.262,0.587,0.691,0.41,0.052,0.107,0.01,0.02,0.069,0.027,0.019,0.008,0.005,0.018,0,0.021,0,0.004,0,0.116,0,0.02,0,0.009,0.01,0.26,0.267,0.13,0.069,0.242,0.314,0.235,0.041,0.247,0.249,0.07,0,0,0,0.011,0,0.002,0.022,0.027,0,0.013,0,0.001,0.127,0,0.083,0,0.17,0.521,0.568,0.532,0.32,0.549,0.697,0.457,0.344,0.701,0.56,0.319,0.06,0,0.011,0.021,0.06,0.037,0,0.011,0,0,0.064,0,0.005,0,0.005,0,0.242,0.619,0.93,0.575,0.384,0.64,0.906,0.574,0.394,0.869,0.802,0.381,0.136,0,0,0.017,0.024,0.038,0,0,0.066,0,0,0,0,0.011,0,0,0.141,0.571,0.692,0.421,0.311,0.484,0.651,0.366,0.315,0.614,0.55,0.335,0.003,0,0,0,0,0,0,0.034,0,0,0.022,0,0.024,0,0.012,0.039,0,0.195,0.254,0.169,0.017,0.221,0.214,0.01,0.05,0.229,0.239,0,0,0,0.004,0.052,0,0,0.003,0.032,0,0.042,0,0,0,0.041,0.052,0.126,0.024,0.073,0.015,0.063,0,0.069,0,0.018,0,0,0,0,0,0,0.039,0.014,0,0,0.05,0,0.053,0.01,0,0.074,0.023,0,0,0.072,0,0,0,0.008,0,0.03,0.053,0.008,0,0,0.044,0,0,0,0,0,0,0.094,0.03,0.029,0
2,0.052,0,0,0,0,0.086,0.455,0.879,0.77,0.381,0.58,1,0.655,0.442,0.752,0.857,0.531,0.16,0.031,0,0.024,0,0.049,0,0,0,0,0.055,0.016,0,0,0.05,0.064,0.083,0.376,0.556,0.467,0.31,0.405,0.607,0.463,0.244,0.58,0.482,0.322,0.051,0.085,0.087,0,0.028,0,0.016,0,0,0,0.044,0,0,0.072,0.312,0.43,0.235,0.105,0.081,0.215,0.105,0.138,0.183,0.123,0.013,0.171,0.169,0.06,0.376,0.364,0.426,0.174,0,0.088,0,0,0.118,0,0,0.039,0.055,0.369,0.698,0.873,0.522,0.173,0,0,0.107,0.038,0,0,0.034,0.025,0.03,0.096,0.384,0.824,0.667,0.286,0.057,0.096,0.01,0.028,0,0.036,0,0.042,0.087,0.343,0.729,0.814,0.476,0.016,0,0.075,0.16,0.031,0,0,0.049,0,0.029,0.116,0.516,0.833,0.647,0.347,0,0,0.07,0,0.034,0,0.128,0,0.063,0.212,0.412,0.376,0.275,0.047,0.011,0.037,0,0.042,0,0,0,0.01,0.079,0.014,0.295,0.415,0.46,0.206,0,0,0.072,0.048,0,0,0,0,0,0.047,0.077,0,0.007,0.093,0,0.038,0,0.048,0.017,0.099,0,0.03,0,0.04,0.274,0.524,0.454,0.293,0.049,0,0,0,0,0,0,0,0.005,0,0,0,0,0,0,0,0,0,0.002,0,0.005,0,0.059,0.111,0.498,0.863,0.744,0.353,0.07,0,0,0,0.073,0,0,0,0.011,0.058,0,0,0,0,0,0.079,0.077,0,0.008,0,0,0,0,0.105,0.364,0.698,0.616,0.323,0,0.007,0,0,0.016,0,0.013,0,0,0,0.048,0,0.046,0.015,0.027,0.042,0,0.074,0,0.052,0.17,0.372,0.254,0.169,0.099,0.286,0.252,0.086,0,0,0.004,0.028,0.041,0,0,0.06,0.045,0.052,0,0.055,0,0.009,0.01,0,0.021,0,0.05,0,0.229,0.593,0.682,0.492,0.065,0,0,0.012,0,0,0,0.114,0.044,0,0,0,0,0,0,0.005,0.079,0,0,0,0.017,0.044,0.075,0.01,0.442,0.715,0.877,0.516,0.115,0.002,0,0,0.06,0,0,0.016,0.011,0.004,0.015,0.08,0,0,0.036,0,0.042,0,0,0,0,0,0.062,0.017,0.247,0.429,0.584,0.403,0.116,0.021,0,0,0.033,0.039,0,0,0,0,0.002,0,0,0,0,0,0,0.088,0.031,0,0,0.304,0.433,0.328,0.087,0.145,0.146,0.074,0,0.009,0,0,0,0,0,0.03,0,0,0,0.015,0.012,0.056,0.036,0,0.009,0,0,0,0.241,0.584,0.87,0.597,0.255,0.013,0,0.001,0.021,0,0.027,0,0,0,0,0,0.086,0.084,0.026,0,0.024,0.017,0,0.034,0.052,0.064,0.051,0.06,0.279,0.514,0.79,0.589,0.309,0.003,0,0.038,0,0.107,0.037,0.035,0,0,0,0,0,0,0.001,0.011,0,0.029,0.012,0.023,0.04,0.082,0.142,0.233,0.072,0.306,0.416,0.349,0.152,0.128,0,0.107,0.022,0.013,0,0.048,0,0.145,0,0,0.046,0.033,0,0.018,0.092,0.023,0,0,0,0.422,0.543,0.542,0.268,0,0.065,0,0.088,0,0.042,0.018,0.036,0.033,0.024,0.043,0,0,0,0,0,0,0,0,0,0.061,0.092,0.087,0.08,0.485,0.853,0.736,0.39,0.031,0,0,0,0,0.163,0.018,0.036,0,0,0,0,0,0,0.041,0,0,0,0,0,0,0,0.032,0.079,0.385,0.639,0.544,0.41,0.002,0,0,0,0,0.102,0.053,0.043,0,0.064,0,0,0.026,0.009,0,0,0.02,0.055,0.011,0.044,0.007,0.286,0.367,0.227,0.228,0.313,0.306,0.128,0.29,0.335,0.255,0.067,0.332,0.351,0.302,0.119,0.354,0.351,0.147,0.028,0.012,0.008,0.004,0,0.027,0.015,0,0.032,0.183,0.602,0.744,0.538,0.346,0.68,0.617,0.326,0.5,0.803,0.578,0.283,0.602,0.768,0.512,0.371,0.735,0.558,0.311,0,0.028,0.002,0.02,0.068,0,0,0,0.001,0.292,0.686,0.847,0.572,0.455,0.79,0.719,0.438,0.622,0.899,0.558,0.353,0.716,0.823,0.497,0.487,0.888,0.753,0.335,0,0.059,0.01,0,0,0.043,0.07,0.003,0,0.131,0.43,0.452,0.327,0.304,0.464,0.513,0.286,0.29,0.588,0.444,0.224,0.484,0.547,0.446,0.335,0.515,0.428,0.257,0,0.003,0,0,0,0.127,0,0.008,0.075,0,0.122,0.067,0.027,0,0.152,0.133,0,0,0.17,0.11,0,0.132,0.199,0.013,0.008,0.095,0.067,0,0.001,0.064,0.009,0.012,0.022,0,0,0,0.07,0.031,0.115,0,0.071,0.073,0,0,0,0,0,0.024,0,0.005,0,0,0,0,0.037,0,0.063,0,0.031,0.01,0,0.017,0.006,0.029,0.068,0.058,0,0,0,0.014,0.006,0,0,0,0.046,0.023,0.002,0.046,0,0.023,0,0.045,0,0.039,0,0,0,0,0,0.055,0,0.039,0.007,0.008,0.067,0,0.094,0,0.014,0,0,0.048,0.061,0.026,0.035,0.016,0.045,0.085,0.073,0,0.042,0,0,0,0,0,0,0,0
3,0,0.007,0.024,0.416,0.336,0.266,0.147,0.411,0.438,0.307,0.26,0.376,0.487,0.156,0.362,0.484,0.463,0.167,0.486,0.406,0.242,0,0.077,0,0.02,0,0,0,0.006,0.058,0.17,0.557,0.764,0.486,0.334,0.68,0.882,0.47,0.453,0.755,0.604,0.428,0.594,0.828,0.653,0.431,0.645,0.812,0.556,0.257,0.102,0.027,0.01,0.043,0.051,0,0.034,0.021,0.22,0.611,0.814,0.724,0.22,0.589,0.741,0.51,0.464,0.802,0.629,0.381,0.451,0.922,0.665,0.276,0.646,0.766,0.522,0.088,0.009,0,0.103,0,0,0,0,0.096,0.034,0.426,0.512,0.366,0.172,0.347,0.322,0.203,0.256,0.442,0.438,0.288,0.344,0.354,0.269,0.234,0.39,0.406,0.342,0,0.058,0,0.048,0,0.087,0.028,0.049,0,0,0,0.023,0.017,0.058,0,0.122,0.072,0,0.067,0,0.037,0.472,0.568,0.41,0.185,0.003,0.083,0.072,0,0.021,0.051,0,0.01,0.05,0,0,0,0,0,0,0,0,0.004,0,0.041,0,0,0.052,0.32,0.557,1,0.652,0.247,0,0.001,0.09,0,0.003,0,0,0.026,0.011,0,0,0,0,0,0.013,0,0.011,0.036,0,0.033,0.088,0.037,0.073,0.137,0.474,0.69,0.54,0.166,0.025,0.105,0,0,0.048,0.103,0.078,0,0,0.002,0,0.015,0.016,0.055,0,0,0.017,0,0.004,0.068,0.125,0.451,0.259,0.076,0.21,0.214,0.276,0.107,0.053,0,0,0,0.118,0.041,0,0,0.061,0,0.039,0.015,0,0,0.033,0,0.003,0,0,0,0.36,0.551,0.653,0.248,0.079,0.016,0.007,0,0.008,0,0.044,0.126,0,0,0,0.08,0,0.004,0,0,0,0.018,0,0,0,0.058,0,0.22,0.499,0.887,0.671,0.428,0.061,0.029,0,0.002,0.033,0.031,0,0,0,0,0.054,0.026,0,0,0,0.011,0,0.028,0,0.051,0,0,0,0.023,0.327,0.522,0.496,0.198,0,0.124,0.048,0,0,0,0.049,0.054,0,0.049,0.062,0.038,0,0,0.052,0.031,0,0.016,0,0.008,0,0.062,0,0.035,0.077,0.13,0.232,0.033,0.297,0.411,0.41,0.111,0,0.041,0.016,0.106,0.078,0.018,0.05,0.02,0.004,0,0.016,0,0.048,0,0,0,0,0.002,0,0,0.01,0.115,0.027,0.178,0.579,0.748,0.636,0.301,0.042,0,0,0,0,0,0,0,0,0.036,0.101,0,0.005,0.021,0.034,0.117,0.09,0,0.004,0,0.037,0,0,0.163,0.64,0.828,0.588,0.209,0.034,0,0.031,0.009,0.118,0,0,0,0.081,0.021,0,0,0,0,0,0,0.095,0.074,0.019,0.025,0.016,0,0.03,0.096,0.347,0.494,0.408,0.132,0.103,0.228,0.036,0.051,0,0.043,0,0.083,0.013,0.044,0,0,0,0,0.03,0.107,0.095,0.059,0,0,0,0,0.066,0,0,0.076,0.039,0.201,0.478,0.575,0.388,0.12,0.105,0,0,0,0.008,0,0.018,0,0,0,0.055,0.072,0,0,0,0,0.036,0,0,0,0,0,0,0.363,0.696,0.845,0.504,0.186,0,0.033,0.014,0,0,0.04,0,0.083,0.063,0.019,0,0,0,0,0,0,0,0.05,0,0,0.092,0.015,0,0.311,0.55,0.634,0.406,0.174,0.013,0.054,0.039,0.023,0.072,0.046,0,0,0,0.214,0.319,0.203,0.078,0,0.082,0,0,0.047,0.014,0,0,0,0.021,0.021,0.299,0.262,0.175,0,0,0,0.03,0.081,0,0,0,0,0.216,0.529,0.831,0.592,0.225,0.038,0.004,0.026,0.007,0.053,0,0.105,0,0.007,0.054,0.312,0.627,0.674,0.431,0.027,0,0.021,0.019,0.008,0.098,0,0,0,0.257,0.659,1,0.628,0.36,0.003,0,0,0,0.04,0,0.039,0.068,0.005,0.006,0.373,0.751,0.893,0.529,0.137,0,0,0,0.022,0,0,0,0.01,0.104,0.422,0.558,0.461,0.159,0.049,0.12,0,0,0,0.091,0,0.027,0.078,0.065,0.121,0.515,0.539,0.325,0.042,0,0.061,0,0,0,0,0,0.055,0,0.048,0.166,0.194,0.153,0.328,0.392,0.287,0.312,0.487,0.408,0.186,0.357,0.445,0.355,0.063,0.169,0.149,0.073,0.008,0.037,0.017,0,0.032,0.056,0.025,0.07,0,0,0,0,0,0.381,0.657,0.87,0.5,0.443,0.776,0.734,0.385,0.581,0.769,0.531,0.269,0,0.008,0,0.013,0.024,0.043,0,0.068,0,0,0.105,0,0.059,0.027,0,0.06,0.351,0.63,0.735,0.48,0.455,0.752,0.743,0.397,0.564,0.725,0.639,0.266,0.012,0.056,0.019,0,0.059,0,0.031,0.045,0,0,0,0.06,0.055,0,0,0.02,0.16,0.402,0.531,0.251,0.212,0.414,0.367,0.176,0.314,0.432,0.361,0.101,0.007,0,0.086,0,0.07,0,0.016,0.01,0.082,0,0,0.069,0.01,0,0,0,0.024,0.072,0.045,0.092,0,0.153,0.105,0.029,0.042,0.034,0.004,0.015,0,0.094,0,0,0,0.046,0.037,0.071,0.077,0,0.046,0,0,0,0,0,0.133,0.077,0.049,0,0,0,0.073,0,0.021,0,0,0,0.015,0,0.025,0.038,0,0.033,0.031,0,0.037,0.012
4,0,0,0,0.015,0,0.001,0,0.066,0,0.031,0.062,0,0.014,0.12,0.363,0.442,0.19,0.022,0,0,0,0,0.001,0.023,0.006,0,0,0,0.014,0.035,0,0,0,0.02,0,0.003,0.056,0,0,0,0,0.261,0.665,0.812,0.392,0.184,0.027,0,0,0,0,0,0.021,0,0,0,0,0.01,0.036,0.004,0.016,0.022,0.026,0.076,0.039,0,0.069,0,0.014,0.366,0.672,0.768,0.485,0.038,0,0.091,0.028,0.037,0.037,0,0.024,0,0.098,0,0,0.1,0,0,0,0,0,0,0,0,0.189,0.205,0.141,0.181,0.547,0.498,0.338,0.025,0.01,0,0,0,0,0,0,0.06,0,0.008,0,0.026,0.014,0.071,0,0,0,0,0,0.1,0.359,0.551,0.381,0.316,0.543,0.519,0.321,0.017,0.052,0,0.073,0,0,0.045,0.085,0.042,0.058,0,0.007,0,0.007,0.048,0,0.06,0.051,0.003,0,0.252,0.584,0.972,0.677,0.339,0.787,0.821,0.46,0.096,0,0.022,0.024,0.017,0.005,0,0,0,0,0.046,0,0,0,0.002,0.009,0,0.027,0,0,0.148,0.431,0.717,0.478,0.233,0.688,0.655,0.324,0.079,0,0,0.023,0,0,0,0.005,0.068,0,0,0.025,0,0.04,0,0.002,0,0.129,0.391,0.334,0.184,0.224,0.284,0.203,0.056,0.377,0.312,0.111,0.008,0.025,0,0.061,0,0,0,0.014,0.027,0.008,0.042,0,0.047,0,0.001,0,0.146,0.349,0.672,0.655,0.453,0,0,0.026,0.444,0.628,0.671,0.426,0.124,0.019,0,0.021,0,0.029,0.022,0.003,0.018,0,0.048,0.009,0.038,0.022,0,0.042,0.014,0.435,0.794,0.732,0.447,0.118,0.072,0.044,0.446,0.733,0.794,0.472,0.114,0,0.063,0.012,0,0,0,0,0,0.092,0,0,0,0,0.136,0.108,0.036,0.286,0.448,0.522,0.197,0,0.034,0.022,0.066,0.528,0.454,0.267,0,0.048,0,0,0,0,0.033,0.005,0.029,0.038,0,0.119,0,0.154,0.493,0.543,0.341,0.022,0.071,0.106,0,0,0,0.081,0.157,0.47,0.463,0.326,0.041,0,0.089,0.033,0,0,0,0,0,0.076,0.005,0.006,0,0.32,0.661,0.693,0.634,0.247,0.027,0,0,0.039,0.02,0,0.309,0.678,0.773,0.509,0.105,0,0,0.067,0.069,0,0.117,0,0.022,0,0,0.02,0,0.226,0.563,0.681,0.51,0.155,0,0.01,0,0.039,0,0.02,0.266,0.574,0.726,0.514,0.071,0,0.064,0,0.049,0,0.018,0.02,0.062,0.037,0.037,0.111,0.063,0.113,0.3,0.349,0.268,0.096,0.211,0.259,0.054,0.202,0.277,0.16,0.146,0.351,0.326,0.216,0.157,0.305,0.166,0.16,0.009,0,0.078,0.021,0,0,0.067,0.074,0.002,0.358,0.532,0.701,0.474,0.488,0.548,0.587,0.368,0.421,0.722,0.464,0.177,0.54,0.664,0.47,0.45,0.561,0.589,0.235,0,0.048,0.061,0,0,0.016,0,0,0,0.349,0.686,0.965,0.529,0.453,0.862,0.839,0.558,0.659,0.944,0.642,0.465,0.712,0.895,0.526,0.594,0.911,0.635,0.307,0.019,0,0.025,0,0,0,0.026,0,0,0.216,0.564,0.562,0.349,0.344,0.602,0.546,0.37,0.518,0.708,0.508,0.386,0.498,0.494,0.387,0.398,0.576,0.543,0.21,0,0.003,0.002,0.097,0,0,0,0.011,0,0.021,0.109,0.169,0.139,0.057,0.147,0.271,0.034,0.097,0.151,0.197,0.14,0.488,0.381,0.313,0.076,0.24,0.256,0,0,0.001,0.057,0,0.012,0,0,0,0.023,0,0.014,0.006,0.033,0.07,0,0,0.105,0,0,0.007,0.385,0.61,0.767,0.49,0.071,0,0,0.061,0.024,0,0,0,0.007,0.029,0,0,0,0.091,0,0.008,0.007,0.113,0.009,0,0,0.015,0,0,0.422,0.706,0.815,0.502,0.116,0,0.018,0,0,0.045,0,0,0.019,0.025,0,0,0,0.006,0.003,0,0,0.113,0,0.037,0.051,0.059,0,0,0.217,0.354,0.403,0.307,0.022,0,0,0.052,0.009,0,0,0,0.018,0,0,0,0,0,0,0,0,0.068,0.003,0,0.03,0,0.045,0.047,0.297,0.587,0.559,0.272,0.088,0,0,0.096,0,0.04,0,0.026,0,0.012,0,0.114,0.043,0,0,0,0.046,0.017,0,0.001,0,0,0.058,0,0.298,0.772,0.836,0.505,0.098,0,0.01,0,0.022,0.064,0.115,0,0,0.076,0,0.009,0.008,0.014,0,0.033,0.115,0,0,0,0,0.004,0,0.021,0.312,0.551,0.683,0.451,0,0,0,0,0.093,0.035,0,0.118,0.054,0.008,0.058,0,0,0.022,0.099,0.005,0.014,0,0.008,0,0.003,0.099,0.057,0.101,0.069,0.269,0.319,0.11,0,0,0.039,0,0,0.051,0,0.061,0,0.029,0,0.071,0,0.051,0,0,0.073,0.088,0,0.03,0,0.006,0,0.076,0.008,0,0.043,0,0.015,0,0.004,0.052,0,0.042,0.001,0,0.007,0.04,0.131,0.036,0.015,0,0,0,0,0,0,0,0,0.061,0,0,0.006,0.056,0.054,0,0.092,0.013,0,0.026,0,0,0.021,0.052,0.011,0,0.023
5,0,0.027,0.118,0.408,0.647,0.632,0.214,0.581,0.635,0.524,0.344,0.706,0.654,0.296,0.478,0.617,0.531,0.342,0.607,0.575,0.263,0.087,0.032,0.027,0,0,0.004,0.029,0.003,0.041,0.241,0.47,0.914,0.648,0.397,0.727,0.834,0.545,0.51,0.92,0.757,0.38,0.686,0.994,0.622,0.571,0.882,0.792,0.468,0.07,0.005,0,0.045,0.08,0.038,0.052,0.089,0,0.041,0.445,0.52,0.5,0.382,0.438,0.672,0.288,0.452,0.636,0.519,0.273,0.46,0.589,0.457,0.294,0.558,0.527,0.287,0,0,0,0,0,0.094,0.125,0.019,0.053,0,0.328,0.405,0.334,0.017,0.191,0.143,0.117,0.07,0.262,0.25,0.076,0.09,0.247,0.1,0.076,0.258,0.217,0.095,0.016,0,0,0,0,0.044,0.01,0.067,0,0.013,0.507,0.851,0.628,0.335,0.001,0,0,0,0.084,0,0,0,0.024,0.029,0,0.011,0.003,0,0,0,0.025,0.015,0,0,0.046,0,0.105,0.209,0.58,0.826,0.628,0.374,0.003,0,0.008,0,0.032,0,0.088,0,0,0.041,0.046,0,0.026,0,0.085,0.021,0.036,0.005,0.022,0.093,0.033,0.003,0.068,0.066,0.228,0.356,0.243,0.117,0.223,0.233,0.109,0.191,0.271,0.199,0,0.206,0.202,0.165,0,0,0,0,0.102,0.015,0.044,0.02,0.004,0,0,0.009,0,0.144,0.442,0.54,0.556,0.139,0.361,0.541,0.298,0.419,0.543,0.411,0.192,0.501,0.529,0.344,0.105,0.054,0.037,0,0,0,0,0.002,0.018,0.012,0.01,0.008,0,0.154,0.539,0.927,0.68,0.312,0.829,0.922,0.455,0.53,0.949,0.795,0.29,0.658,0.934,0.563,0.214,0.079,0,0.04,0,0,0.003,0.085,0.021,0.022,0.045,0,0,0.245,0.509,0.663,0.438,0.378,0.542,0.702,0.405,0.342,0.668,0.615,0.253,0.449,0.737,0.43,0.196,0.022,0.069,0.138,0,0.045,0,0.016,0.008,0.065,0.084,0,0.029,0.003,0.233,0.288,0.233,0.049,0.243,0.335,0.138,0.163,0.279,0.164,0.014,0.246,0.263,0.203,0.201,0.38,0.317,0.217,0.004,0,0.04,0,0,0.071,0.091,0,0.048,0,0.089,0,0.008,0,0.007,0,0,0,0.023,0.016,0,0,0.003,0.095,0.339,0.745,0.67,0.346,0.081,0,0.074,0,0,0,0,0.106,0.041,0.053,0,0,0,0.106,0,0.011,0,0,0.011,0.038,0.028,0,0.035,0.077,0.522,0.75,0.787,0.447,0.074,0,0.068,0,0.038,0.061,0,0,0.039,0,0,0.026,0,0.054,0,0,0,0.055,0.024,0.018,0.088,0,0.03,0,0.333,0.555,0.509,0.359,0.021,0.036,0,0.115,0.001,0.064,0,0,0,0.048,0.026,0,0.035,0,0.065,0.069,0,0.094,0,0.132,0,0.073,0.047,0.048,0.258,0.463,0.417,0.189,0.053,0,0,0,0.018,0,0,0.011,0,0.044,0,0.089,0,0,0,0.038,0,0.027,0.093,0,0,0,0,0.012,0.413,0.799,0.846,0.446,0.001,0.016,0,0.048,0.028,0,0,0.014,0.007,0,0,0.07,0.012,0,0,0,0,0.008,0.018,0.023,0,0,0,0,0.315,0.639,0.64,0.407,0.037,0.068,0.059,0.04,0.017,0,0.03,0.077,0.016,0,0.183,0.324,0.169,0,0.046,0,0.008,0,0.142,0.009,0,0.078,0.094,0,0.187,0.404,0.265,0.126,0,0,0,0,0.023,0.055,0.012,0.056,0,0.111,0.393,0.651,0.583,0.234,0,0.06,0.004,0,0,0.065,0.025,0,0,0,0.459,0.585,0.537,0.35,0.042,0.024,0,0,0,0,0,0.042,0,0.181,0.556,0.972,0.701,0.355,0.036,0.059,0.006,0.013,0,0.087,0,0.136,0.019,0.085,0.47,0.889,0.726,0.383,0.126,0,0,0,0,0,0.036,0,0,0.145,0.41,0.506,0.527,0.128,0.024,0.092,0.161,0.006,0.037,0.116,0,0.03,0.11,0.096,0.318,0.571,0.478,0.294,0.033,0,0.023,0,0.026,0,0.019,0.019,0.023,0.066,0.138,0.247,0.192,0.195,0.364,0.501,0.288,0.207,0.398,0.307,0.116,0.278,0.428,0.333,0.053,0.192,0.178,0.088,0.018,0,0,0,0.011,0,0,0,0.016,0,0.07,0.039,0,0.279,0.661,0.75,0.531,0.393,0.778,0.691,0.414,0.641,0.789,0.585,0.324,0,0.023,0.077,0.084,0,0.027,0.058,0.023,0.016,0.054,0.002,0.009,0,0.016,0,0.001,0.339,0.702,0.799,0.569,0.512,0.77,0.705,0.36,0.597,0.831,0.517,0.103,0,0.064,0.017,0.009,0,0,0,0,0.019,0,0.071,0,0,0.024,0.119,0.022,0.138,0.42,0.368,0.264,0.278,0.395,0.344,0.118,0.385,0.463,0.332,0.068,0.049,0.003,0,0.016,0.007,0.038,0.028,0,0,0,0,0,0.035,0,0,0.008,0.024,0.016,0,0.029,0.015,0.063,0.007,0,0.051,0.122,0,0,0.044,0.045,0,0,0.049,0.031,0,0,0.093,0,0,0.019,0.032,0.024,0.076,0.024,0,0.003,0.132,0,0,0,0,0,0.037,0,0.001,0,0,0.033,0.076,0.016,0,0,0.017,0,0,0,0.08,0,0.014,0,0.034,0.033,0.057,0,0,0.035,0,0,0.044,0.002,0.032,0.06,0.037,0,0,0.014,0,0,0,0,0,0,0.026,0.123
6,0.111,0,0.027,0.014,0,0.016,0.047,0.02,0,0.242,0.552,0.911,0.534,0.265,0.563,0.813,0.609,0.196,0,0.027,0,0.031,0.07,0,0,0,0,0.049,0,0,0,0.072,0,0.048,0.009,0.091,0.021,0.076,0.298,0.454,0.459,0,0.266,0.405,0.345,0.092,0.042,0.01,0.006,0.063,0.102,0.042,0.025,0,0,0.005,0.059,0.038,0,0.011,0,0.052,0.261,0.478,0.329,0.054,0.073,0.051,0,0,0.015,0.027,0.036,0.002,0.026,0,0,0.054,0,0.001,0.052,0.052,0.078,0.03,0,0,0.018,0.036,0,0.238,0.573,0.946,0.565,0.205,0.033,0.055,0,0,0,0,0,0.015,0,0,0,0.092,0.012,0.048,0.037,0.005,0,0,0.014,0,0.019,0,0.033,0.185,0.594,0.741,0.568,0.239,0,0.013,0.042,0.02,0.045,0,0,0.003,0,0,0,0,0,0,0,0.076,0,0.055,0,0.002,0,0.047,0.031,0.009,0.263,0.387,0.291,0.063,0,0,0,0.053,0.035,0.067,0.009,0,0,0,0.03,0.012,0,0.058,0.042,0.044,0,0.006,0,0.108,0.344,0.461,0.412,0.197,0,0.016,0.004,0,0.03,0.088,0,0,0.063,0.018,0,0,0.069,0,0,0,0.069,0.036,0.059,0,0.048,0.089,0,0.258,0.713,0.798,0.659,0.269,0.022,0.014,0,0.002,0.025,0.009,0.02,0,0.043,0.07,0,0.005,0,0,0.058,0.026,0,0.054,0.006,0,0,0.002,0.034,0.301,0.517,0.724,0.619,0.209,0,0,0.005,0.018,0.008,0.013,0,0,0,0.048,0,0.065,0,0.059,0,0.065,0,0,0,0.017,0,0,0.014,0.012,0.355,0.333,0.311,0.135,0.082,0.096,0.087,0,0.048,0.113,0.03,0,0,0.146,0.049,0.085,0,0.089,0.048,0.089,0.066,0,0,0.001,0,0.113,0,0.081,0.362,0.509,0.423,0.11,0.35,0.435,0.438,0.121,0.4,0.373,0.367,0.059,0.363,0.467,0.41,0.063,0.072,0.086,0,0.016,0,0.045,0.032,0.102,0,0,0,0.252,0.558,0.858,0.654,0.284,0.571,0.841,0.619,0.242,0.67,0.88,0.553,0.264,0.606,0.931,0.55,0.276,0,0,0,0,0.002,0,0,0,0,0,0.072,0.101,0.596,0.742,0.531,0.309,0.514,0.836,0.587,0.301,0.473,0.75,0.533,0.177,0.563,0.821,0.552,0.216,0.009,0.134,0.074,0.027,0.007,0.027,0.164,0,0,0.037,0.059,0,0.318,0.387,0.438,0.072,0.262,0.472,0.375,0.11,0.257,0.371,0.317,0.061,0.32,0.341,0.346,0,0.097,0.127,0.04,0,0,0,0.052,0,0.062,0.005,0,0,0.392,0.535,0.436,0.139,0.019,0.032,0.012,0,0.026,0.091,0,0,0,0.136,0,0.061,0.388,0.535,0.367,0.015,0.074,0.062,0.033,0.078,0.075,0.042,0,0.205,0.559,0.79,0.634,0.266,0.061,0,0.042,0,0.058,0.021,0,0.005,0,0,0.022,0.307,0.554,0.887,0.575,0.191,0,0,0,0.003,0,0.04,0,0.251,0.536,0.759,0.533,0.205,0.076,0.079,0.031,0.071,0.026,0.1,0.052,0,0.046,0,0.027,0.246,0.563,0.74,0.545,0.22,0,0.007,0,0,0,0,0.118,0.006,0.207,0.413,0.217,0.075,0,0,0,0.057,0,0.005,0.001,0,0,0.018,0,0.075,0.318,0.357,0.303,0.105,0,0.119,0,0.001,0,0,0,0.071,0.412,0.449,0.434,0.072,0.034,0,0.014,0,0,0,0.034,0,0.037,0.007,0,0.121,0.312,0.373,0.37,0.114,0,0.021,0.019,0.062,0,0,0.023,0.263,0.627,0.842,0.549,0.285,0.017,0,0.069,0,0,0,0.076,0,0,0,0,0.289,0.582,0.884,0.62,0.297,0,0.053,0,0.038,0.009,0.005,0.029,0.211,0.536,0.745,0.614,0.215,0.009,0.009,0.115,0.054,0,0.016,0,0.056,0.01,0.011,0.048,0.268,0.528,0.704,0.508,0.242,0,0,0.062,0.041,0,0.024,0.12,0,0.204,0.466,0.241,0.068,0.015,0.145,0.121,0,0.072,0.095,0.145,0.044,0.086,0.117,0.008,0.019,0.276,0.488,0.25,0.075,0.003,0,0.031,0,0,0.092,0.094,0,0,0,0.004,0.147,0.349,0.493,0.504,0.13,0.396,0.567,0.385,0.158,0.398,0.549,0.415,0.09,0,0,0.038,0.082,0,0.081,0,0.027,0.019,0.006,0,0,0.008,0,0,0.305,0.593,0.865,0.7,0.296,0.663,0.873,0.684,0.311,0.633,0.963,0.627,0.294,0,0,0,0.073,0,0.124,0,0.074,0,0.055,0,0.044,0,0,0.008,0.202,0.596,0.687,0.46,0.265,0.543,0.659,0.528,0.218,0.605,0.769,0.559,0.219,0.123,0,0.073,0.043,0,0,0.041,0.001,0.092,0.014,0,0.032,0,0.079,0.041,0.024,0.152,0.366,0.316,0,0.23,0.365,0.238,0.005,0.35,0.325,0.263,0.032,0,0,0,0.049,0,0.045,0,0.004,0,0,0,0,0,0.004,0,0,0.062,0.018,0,0,0.006,0,0,0,0.057,0,0.053,0.142,0,0,0,0,0.02,0.052,0.007,0,0,0,0,0.019,0.033,0.001,0.018,0.048,0.051,0,0,0.021,0,0.04,0,0,0.039,0,0.055,0.037,0.074,0,0,0,0.025,0.03,0,0,0.005,0.037
7,0.026,0.188,0.589,0.775,0.464,0.373,0.706,0.741,0.445,0.475,0.654,0.676,0.387,0.374,0.712,0.578,0.225,0.484,0.598,0.511,0.187,0.04,0.042,0,0.049,0,0,0,0,0.313,0.589,0.977,0.589,0.318,0.769,0.901,0.498,0.47,0.819,0.875,0.448,0.494,0.904,0.696,0.3,0.602,0.953,0.661,0.294,0.105,0,0,0.056,0.074,0,0,0,0.18,0.539,0.513,0.399,0.18,0.534,0.524,0.311,0.248,0.585,0.567,0.318,0.359,0.459,0.458,0.247,0.388,0.558,0.475,0.146,0,0,0.031,0,0,0.036,0.025,0.142,0.004,0.072,0.206,0.008,0.052,0.222,0.071,0.043,0,0.171,0.261,0,0.03,0.239,0.146,0.11,0.31,0.387,0.396,0.121,0.063,0.082,0.021,0,0.06,0.052,0,0,0.006,0.049,0,0,0.034,0.011,0,0,0,0.066,0,0.074,0.031,0.048,0.09,0.129,0.512,0.792,0.514,0.163,0.077,0.088,0,0,0.011,0,0.018,0.02,0,0.06,0.072,0.017,0,0.025,0,0.137,0,0,0.027,0,0,0.014,0,0.228,0.591,0.893,0.566,0.275,0.035,0.05,0,0,0.097,0.018,0,0.005,0,0,0.016,0.074,0,0.041,0.02,0,0,0,0.061,0.068,0,0.021,0.095,0,0.409,0.572,0.46,0.024,0.054,0,0.039,0.004,0,0,0.034,0,0,0,0,0.014,0.069,0.068,0,0.075,0,0,0.06,0.006,0.347,0.521,0.45,0.182,0.029,0.057,0.043,0,0.041,0.008,0,0,0,0,0,0.012,0.038,0,0.115,0.047,0,0.024,0,0,0,0.038,0,0.178,0.486,0.854,0.624,0.294,0,0.042,0.014,0,0,0.028,0.083,0.082,0.049,0.001,0,0.098,0.053,0,0.003,0.072,0.043,0.015,0,0,0,0.008,0,0.124,0.407,0.711,0.519,0.367,0.05,0.006,0,0,0,0,0.035,0,0,0.017,0,0.034,0.029,0,0.124,0.084,0,0,0,0,0.006,0.11,0.192,0,0.282,0.386,0.412,0.15,0,0,0,0.082,0.022,0.019,0,0,0,0,0.096,0,0.085,0.094,0,0.033,0.02,0,0.093,0,0.249,0.461,0.498,0.308,0,0.13,0,0.009,0,0,0.053,0.018,0.008,0,0,0,0,0,0,0,0,0,0,0,0.031,0,0.044,0,0.418,0.801,0.893,0.409,0.075,0.043,0,0,0,0.023,0,0,0.032,0,0.009,0,0,0.01,0,0,0,0,0,0,0.036,0.046,0,0,0.432,0.711,0.617,0.392,0.05,0,0.091,0.017,0,0,0.04,0.062,0,0.097,0.044,0,0,0,0.027,0.107,0.07,0,0.037,0,0.06,0.161,0.281,0.102,0.111,0.226,0.339,0.152,0.039,0.06,0,0,0.061,0,0,0.027,0.069,0,0,0.012,0,0.143,0.059,0,0.007,0,0.03,0,0.29,0.525,0.698,0.342,0.02,0,0.053,0,0,0,0.013,0.07,0,0,0,0,0,0.016,0.022,0,0.106,0.041,0.02,0.03,0.016,0.054,0.035,0.056,0.292,0.749,0.8,0.56,0.183,0.049,0.079,0.014,0.032,0,0,0,0.054,0.014,0.004,0.054,0,0,0,0,0,0,0.042,0.04,0,0.024,0.075,0,0.197,0.586,0.485,0.4,0.098,0.023,0.027,0,0.065,0.057,0,0,0.083,0,0,0,0,0,0.029,0,0.105,0.032,0,0.031,0.011,0.047,0,0.029,0.097,0.277,0.299,0.133,0.004,0,0,0.022,0,0.075,0.052,0,0,0.04,0.012,0.055,0,0,0.098,0.097,0.079,0.056,0.05,0,0,0,0,0.056,0.279,0.641,0.75,0.498,0.041,0.155,0,0,0.042,0,0.023,0.032,0,0,0,0.021,0.095,0,0,0.001,0.019,0,0.059,0,0.096,0,0.002,0.028,0.296,0.722,0.848,0.522,0.225,0,0,0.077,0.036,0,0.063,0,0.069,0,0,0.025,0.04,0.025,0.018,0.028,0,0,0,0.028,0,0,0,0.004,0.335,0.564,0.566,0.461,0.045,0,0,0,0,0.047,0,0,0,0,0.054,0,0.002,0.04,0.05,0.021,0,0,0,0.024,0.05,0.033,0,0,0.155,0.299,0.415,0.199,0,0.03,0,0.019,0,0,0,0,0,0,0.007,0.037,0.067,0,0.023,0,0.029,0.071,0.084,0.03,0.026,0.037,0.009,0,0.252,0.643,0.669,0.358,0.155,0,0.093,0,0.012,0.043,0,0.083,0.021,0.103,0,0.046,0,0.061,0.044,0,0.036,0,0.069,0.037,0.098,0.033,0.012,0.016,0.379,0.655,0.876,0.437,0.108,0,0.042,0,0.107,0.006,0,0,0,0.014,0.079,0,0.025,0,0.01,0,0.027,0,0,0,0,0,0.021,0.071,0.227,0.489,0.48,0.34,0.045,0.019,0.013,0,0.029,0,0,0.022,0.045,0,0.001,0.034,0.062,0,0.01,0.047,0,0,0,0,0.075,0,0,0.169,0,0.096,0.172,0.008,0.002,0,0.025,0.038,0,0.041,0.01,0.024,0.073,0,0.02,0.093,0,0,0,0.069,0,0,0,0.025,0,0.092,0.045,0.035,0.005,0.058,0,0,0,0.02,0,0.077,0,0.059,0.017,0.073,0,0.076,0.002,0.088,0.008,0,0,0,0.066,0,0.021
8,0,0,0.032,0.013,0.033,0.011,0.096,0.272,0.349,0.216,0.135,0.373,0.381,0.205,0.236,0.389,0.246,0.09,0.1,0,0,0,0.003,0.006,0,0.095,0,0.002,0,0,0.059,0,0,0.076,0.362,0.683,0.783,0.45,0.497,0.766,0.758,0.4,0.612,0.769,0.636,0.27,0,0,0,0,0,0.005,0.036,0,0,0.033,0.036,0.009,0,0,0,0,0.243,0.704,0.832,0.458,0.535,0.713,0.665,0.343,0.643,0.823,0.598,0.258,0.05,0,0.054,0,0,0,0.07,0,0,0,0,0.09,0.033,0.043,0.146,0.046,0.155,0.363,0.588,0.303,0.308,0.453,0.337,0.17,0.312,0.445,0.41,0.057,0.137,0.235,0,0.027,0,0,0,0,0,0.079,0,0.132,0.154,0.44,0.501,0.552,0.176,0,0.085,0.033,0.111,0.088,0.144,0,0.119,0.072,0.011,0.268,0.43,0.492,0.28,0.026,0,0,0,0.017,0,0,0.005,0.024,0.179,0.599,0.934,0.637,0.216,0,0.039,0.103,0.011,0.073,0,0.015,0,0,0,0.333,0.744,0.837,0.5,0.15,0,0.064,0.06,0.019,0.011,0,0,0,0.14,0.502,0.72,0.561,0.24,0.029,0.02,0,0,0,0.039,0.046,0.058,0,0.027,0.283,0.683,0.719,0.499,0.116,0.059,0.019,0.007,0.106,0,0.066,0,0.001,0.009,0.225,0.312,0.193,0.006,0.029,0,0.033,0,0,0.011,0,0,0,0.035,0.111,0.327,0.353,0.225,0,0,0.08,0.11,0,0.035,0,0.092,0.037,0.028,0.485,0.675,0.533,0.342,0.008,0,0,0.03,0.034,0,0,0,0.011,0.021,0.365,0.646,0.662,0.499,0.133,0.024,0,0.099,0.069,0.05,0.088,0.126,0,0.224,0.593,0.955,0.712,0.387,0.009,0.02,0,0,0.049,0,0.002,0,0,0,0.42,0.761,0.793,0.47,0.122,0.014,0,0.036,0,0,0.01,0.022,0.017,0.102,0.416,0.545,0.492,0.15,0.065,0.075,0.016,0.03,0.085,0.119,0,0,0.175,0.015,0.333,0.429,0.63,0.338,0.036,0.052,0.055,0.052,0.049,0,0,0,0,0,0.051,0.179,0.218,0.16,0.332,0.435,0.317,0.26,0.426,0.459,0.224,0.337,0.435,0.367,0.019,0.234,0.199,0,0,0.009,0.114,0,0.108,0.004,0.017,0,0,0,0,0,0.024,0.348,0.647,0.762,0.571,0.486,0.819,0.866,0.432,0.545,0.874,0.653,0.206,0.023,0,0.008,0,0,0,0.019,0,0.079,0,0,0.005,0,0,0,0,0.303,0.642,0.876,0.474,0.485,0.72,0.752,0.341,0.6,0.87,0.601,0.205,0.013,0,0,0,0,0.057,0.03,0,0,0.034,0,0,0.01,0.08,0.264,0.153,0.079,0.332,0.422,0.234,0.208,0.392,0.41,0.261,0.316,0.488,0.383,0.038,0.22,0.226,0.125,0,0,0,0,0,0,0,0.011,0.07,0.165,0.368,0.577,0.416,0.118,0.005,0.068,0.002,0,0.058,0.055,0,0,0.034,0,0.37,0.482,0.554,0.325,0.015,0.035,0.037,0.018,0.098,0.002,0.077,0.001,0,0.164,0.615,0.875,0.59,0.348,0,0.033,0,0,0,0,0,0,0.032,0.001,0.37,0.658,0.898,0.536,0.152,0.038,0.085,0,0.142,0.01,0,0.005,0.067,0.174,0.389,0.731,0.529,0.204,0,0,0,0.016,0.083,0.002,0,0.109,0,0,0.247,0.619,0.645,0.377,0.142,0,0,0,0.011,0.032,0,0,0.023,0,0.196,0.427,0.272,0.063,0,0,0.121,0.041,0,0,0.02,0.016,0,0.038,0.096,0.285,0.452,0.24,0.065,0,0,0.051,0.005,0.043,0.079,0,0,0.138,0.443,0.768,0.569,0.173,0.007,0.02,0,0.03,0.024,0.006,0,0,0,0.058,0.329,0.639,0.667,0.402,0.174,0,0.018,0.05,0,0,0,0.053,0,0.193,0.502,0.92,0.644,0.421,0,0,0,0.016,0.047,0.012,0.09,0.044,0,0.015,0.343,0.696,0.894,0.535,0.205,0,0.054,0.028,0,0.005,0.034,0,0,0.052,0.408,0.548,0.565,0.181,0.113,0.099,0,0.008,0.162,0.097,0.073,0.003,0.102,0.053,0.268,0.47,0.542,0.314,0.014,0,0.038,0.022,0.05,0.099,0,0,0,0,0.053,0.191,0.158,0.082,0.462,0.474,0.281,0.253,0.446,0.383,0.188,0.365,0.434,0.395,0.173,0.15,0.123,0,0.017,0.08,0,0,0,0.006,0.078,0.01,0,0.03,0,0.063,0.006,0.34,0.676,0.806,0.576,0.511,0.678,0.751,0.303,0.568,0.852,0.635,0.275,0.009,0.026,0.021,0.026,0.083,0,0.023,0.016,0.015,0,0,0,0,0.018,0.035,0,0.324,0.538,0.821,0.509,0.478,0.7,0.622,0.364,0.541,0.659,0.661,0.247,0,0.057,0.024,0,0,0.036,0,0.058,0.023,0,0,0,0,0,0,0.004,0.048,0.317,0.403,0.194,0.165,0.43,0.33,0.195,0.306,0.466,0.337,0.031,0.039,0.012,0.068,0.052,0,0,0.043,0.014,0,0.001,0,0.073,0.006,0.028,0,0,0,0.026,0.05,0.079,0,0.079,0.02,0,0,0.011,0.023,0.012,0.016,0,0,0.043,0,0,0,0,0,0.007,0,0.14,0,0.066,0,0.063,0.021,0,0,0,0.012,0.078,0.06,0,0,0,0.06,0.046,0.052,0.051,0.051,0.059,0,0.056,0,0,0.021,0.01
9,0.063,0.091,0,0,0,0.032,0.235,0.491,0.578,0.328,0.318,0.543,0.302,0.348,0.511,0.433,0.187,0,0.042,0,0,0,0,0,0,0.014,0.028,0,0,0,0,0,0.037,0.05,0.456,0.844,0.699,0.362,0.659,0.862,0.618,0.514,0.812,0.871,0.338,0.173,0.027,0.025,0.029,0.022,0.002,0.003,0.035,0.002,0.11,0.01,0,0.014,0.122,0,0.013,0.02,0.294,0.721,0.614,0.395,0.498,0.767,0.462,0.432,0.638,0.675,0.336,0.02,0,0,0,0,0.049,0,0,0.019,0,0.065,0.057,0,0,0.212,0.377,0.245,0.183,0.247,0.314,0.311,0.279,0.373,0.297,0.206,0.321,0.301,0.087,0.314,0.369,0.252,0,0.038,0,0.003,0.061,0,0.058,0,0,0,0.188,0.458,0.697,0.484,0.24,0,0,0,0,0.013,0,0.061,0,0,0.325,0.612,0.815,0.617,0.102,0.002,0,0.041,0,0,0,0.072,0.067,0.038,0.217,0.574,0.945,0.628,0.276,0,0.033,0.014,0,0.049,0.001,0,0.011,0,0.2,0.711,0.909,0.587,0.193,0.073,0,0,0.044,0,0.055,0,0,0,0.203,0.309,0.537,0.462,0.222,0,0,0,0.058,0.074,0,0.031,0,0,0.189,0.36,0.602,0.4,0.07,0.061,0,0.04,0,0.042,0,0.003,0,0,0.138,0.435,0.635,0.416,0.173,0.046,0.002,0,0,0.002,0,0,0.04,0,0.234,0.362,0.675,0.421,0.165,0,0,0,0.044,0.019,0.053,0,0.019,0.031,0.231,0.625,0.909,0.654,0.306,0.029,0,0.014,0,0.059,0.09,0.049,0.009,0.036,0.327,0.653,0.839,0.609,0.244,0.104,0.027,0,0,0,0,0,0,0,0.208,0.411,0.661,0.521,0.216,0.007,0.016,0.027,0,0.076,0.086,0,0.125,0.091,0.187,0.459,0.813,0.474,0.143,0,0,0.017,0.053,0.011,0.029,0,0,0,0.011,0.198,0.344,0.222,0.181,0.388,0.49,0.291,0.36,0.465,0.302,0.244,0.327,0.367,0.139,0.292,0.327,0.301,0,0.02,0.018,0.001,0.008,0,0,0,0,0,0.007,0,0,0.064,0.424,0.704,0.801,0.391,0.643,0.762,0.536,0.408,0.756,0.639,0.344,0.69,0.749,0.529,0.169,0,0,0,0.032,0,0,0.032,0,0,0,0,0.009,0.029,0.47,0.753,0.846,0.42,0.642,0.841,0.579,0.546,0.829,0.632,0.385,0.67,0.836,0.412,0.178,0.15,0.036,0.029,0,0,0,0,0.021,0,0,0.008,0.031,0.073,0.259,0.425,0.462,0.256,0.278,0.538,0.358,0.187,0.482,0.368,0.149,0.363,0.517,0.451,0.152,0,0.08,0,0.047,0.081,0.037,0,0.024,0,0.017,0.054,0.082,0,0,0.079,0.109,0,0.052,0.09,0.113,0.02,0.1,0.134,0.226,0.417,0.599,0.444,0.098,0.066,0.01,0.025,0,0,0,0.059,0.064,0,0,0,0.008,0,0,0,0.005,0.016,0,0,0.016,0,0.016,0.019,0.32,0.687,0.957,0.516,0.272,0.005,0,0,0,0.028,0,0.065,0.039,0,0,0.041,0.144,0.021,0.023,0.008,0,0.087,0,0.133,0,0.001,0.157,0.105,0.267,0.559,0.633,0.387,0.135,0,0.015,0.01,0,0,0,0.053,0,0.026,0,0,0.011,0,0,0,0,0.041,0,0.031,0.064,0.311,0.431,0.448,0.157,0.23,0.273,0.254,0,0,0,0,0.033,0,0,0.028,0.014,0,0,0.017,0.05,0,0.124,0.032,0,0.065,0.038,0,0.078,0.429,0.743,0.687,0.294,0.05,0.005,0.037,0.008,0,0,0.058,0.02,0.006,0,0.032,0,0,0,0.01,0.003,0.081,0,0.019,0.038,0.037,0.047,0.009,0.143,0.386,0.709,0.669,0.394,0.041,0.022,0.101,0,0.051,0.039,0,0.052,0.025,0.007,0.036,0,0,0.087,0,0,0.035,0.045,0.287,0.276,0.015,0.153,0.29,0.199,0.233,0.414,0.426,0.262,0,0.053,0,0,0,0.027,0,0,0,0.029,0.119,0.03,0,0,0,0.13,0,0.314,0.676,0.688,0.354,0.538,0.727,0.555,0.2,0.139,0.11,0.058,0,0.043,0,0,0.06,0.038,0,0,0.012,0,0,0,0.043,0.015,0,0,0.05,0.363,0.868,0.876,0.407,0.602,0.924,0.749,0.161,0,0.04,0.053,0.044,0.084,0,0.008,0.041,0.057,0,0,0,0.025,0.017,0.022,0,0,0,0,0,0.339,0.585,0.523,0.34,0.547,0.51,0.407,0.051,0.042,0.014,0.033,0,0.134,0.04,0,0.008,0,0.004,0.008,0.048,0.064,0.002,0,0.024,0.009,0,0.048,0,0.05,0.221,0.237,0.172,0.093,0.232,0.158,0.014,0,0.106,0.047,0.057,0.115,0.084,0.024,0.034,0,0,0.04,0.018,0,0,0,0,0,0,0.063,0,0.05,0.021,0,0.098,0,0.039,0.01,0.003,0.031,0,0,0.08,0,0,0.011,0,0,0.045,0.038,0,0,0.012,0.032,0,0,0.039,0,0.04,0,0.017,0.094,0,0.005,0,0.023,0.001,0,0.055,0.02,0.069,0.072,0,0.042,0.058,0.081,0.004,0.014,0,0,0,0.042,0,0,0,0.1,0.073,0,0,0,0.021,0,0.024,0,0,0.005,0.067,0,0.011,0,0,0,0,0.02,0,0,0.002,0,0.007
0,0,0.001,0.041,0.054,0.101,0,0.032,0.358,0.619,0.639,0.372,0.475,0.731,0.557,0.274,0.559,0.665,0.497,0.02,0.102,0,0.105,0.037,0,0.022,0,0,0,0.012,0.024,0.032,0.022,0.011,0,0.054,0.539,0.844,0.765,0.45,0.634,0.863,0.658,0.401,0.753,0.826,0.466,0.134,0,0.023,0,0.011,0,0,0.042,0.027,0.075,0,0.046,0.054,0.047,0,0.121,0.071,0.427,0.546,0.482,0.281,0.372,0.604,0.452,0.277,0.506,0.571,0.326,0.01,0.218,0.186,0,0.02,0.018,0.076,0.006,0.033,0.048,0.04,0.016,0.007,0.142,0.41,0.446,0.269,0.088,0.152,0.252,0,0.068,0.056,0.081,0,0.169,0.147,0,0.311,0.529,0.396,0.242,0.026,0.003,0.024,0.058,0,0.107,0,0,0,0.303,0.661,0.82,0.517,0.228,0,0.029,0.001,0.055,0.003,0.056,0.031,0,0,0.166,0.605,0.828,0.695,0.355,0.069,0.064,0.043,0,0.013,0.001,0,0.105,0,0.204,0.552,0.725,0.497,0.176,0.071,0,0,0,0.005,0.041,0.098,0,0,0.194,0.425,0.78,0.672,0.371,0,0.045,0.048,0.029,0.007,0,0,0.049,0,0.058,0.363,0.394,0.285,0,0.003,0,0,0,0.009,0,0.102,0.196,0.176,0.184,0.289,0.464,0.372,0.089,0,0.015,0,0,0,0.031,0.031,0,0.023,0.26,0.489,0.613,0.428,0.181,0,0,0.026,0,0.035,0,0.292,0.605,0.574,0.337,0.604,0.599,0.517,0.217,0.1,0,0.047,0,0.017,0.019,0.017,0.055,0.049,0.315,0.607,1,0.613,0.101,0,0,0,0,0.053,0.063,0.42,0.825,0.82,0.505,0.623,0.952,0.675,0.336,0.042,0.028,0,0,0,0.018,0,0.034,0,0.222,0.491,0.581,0.409,0.099,0.036,0.011,0.03,0,0.098,0.031,0.294,0.532,0.6,0.363,0.47,0.59,0.536,0.226,0.007,0.002,0,0.017,0.067,0.052,0,0,0.094,0.038,0.22,0.403,0.285,0.065,0.088,0,0.065,0.305,0.458,0.333,0.011,0.187,0.215,0.041,0.189,0.444,0.353,0.114,0.027,0,0.045,0.043,0.003,0.146,0,0,0.059,0.294,0.593,0.847,0.518,0.145,0,0.055,0.207,0.605,0.849,0.576,0.322,0,0,0.178,0.454,0.721,0.673,0.319,0,0,0.054,0,0.007,0.115,0.101,0,0,0.304,0.626,0.865,0.578,0.221,0.006,0,0.199,0.672,0.73,0.65,0.362,0,0,0.173,0.49,0.85,0.701,0.293,0.069,0,0.014,0.03,0.083,0.107,0.024,0.047,0.118,0.147,0.357,0.473,0.282,0.101,0.213,0.234,0.076,0.361,0.499,0.357,0.099,0,0,0.03,0.294,0.506,0.418,0.164,0,0.045,0,0.02,0.017,0.032,0.102,0.02,0,0.174,0.474,0.615,0.483,0.309,0.485,0.479,0.368,0,0.078,0.064,0,0.041,0,0.059,0.403,0.579,0.408,0.229,0,0,0,0,0,0,0.001,0,0,0.239,0.654,0.941,0.625,0.514,0.869,0.765,0.37,0.129,0.06,0.048,0.003,0.014,0.008,0.204,0.572,1,0.717,0.366,0,0,0,0.051,0,0,0.039,0,0.064,0.19,0.416,0.681,0.482,0.395,0.677,0.694,0.311,0.028,0,0,0.044,0,0.031,0.107,0.435,0.671,0.548,0.191,0,0,0.009,0.058,0,0,0.029,0.013,0.012,0.063,0.262,0.349,0.258,0.132,0.25,0.331,0.072,0,0,0.073,0.07,0.007,0,0.069,0.147,0.298,0.335,0.041,0.007,0.04,0.03,0,0.095,0,0.028,0.013,0,0.278,0.547,0.775,0.571,0.184,0.034,0.04,0,0.054,0,0.074,0.01,0.093,0,0.12,0.442,0.672,0.602,0.282,0.022,0,0,0.082,0.098,0.007,0,0,0.022,0.284,0.64,0.893,0.601,0.293,0,0.026,0,0,0,0.004,0.024,0.033,0,0.135,0.481,0.861,0.716,0.353,0,0.08,0.051,0,0,0,0,0.05,0,0.135,0.509,0.542,0.338,0.063,0.065,0.171,0.023,0.056,0.143,0.068,0,0.068,0.128,0.068,0.297,0.474,0.474,0.147,0.002,0,0,0,0.037,0,0,0,0.008,0.002,0.065,0.119,0,0.338,0.465,0.402,0.36,0.414,0.369,0.461,0.195,0.518,0.567,0.301,0.078,0.092,0.115,0.014,0,0,0.032,0,0,0,0.018,0.001,0.093,0.042,0,0.047,0.092,0.43,0.688,0.743,0.441,0.583,0.854,0.667,0.412,0.699,0.676,0.551,0.117,0.022,0,0.012,0,0,0.005,0.026,0.062,0.048,0,0,0.003,0,0.008,0.03,0.093,0.337,0.689,0.75,0.374,0.552,0.667,0.411,0.413,0.568,0.711,0.454,0,0,0,0,0.004,0,0,0,0.004,0.044,0,0,0.045,0.099,0,0.027,0,0.156,0.382,0.328,0.089,0.262,0.463,0.314,0.144,0.271,0.403,0.163,0.07,0,0,0,0,0.13,0.004,0,0,0.033,0,0.027,0,0.008,0,0.071,0,0,0,0.061,0,0.032,0.017,0.003,0,0,0.015,0,0,0,0,0,0,0.02,0.01,0,0.031,0,0,0,0,0.078,0.01,0,0,0,0,0,0.031,0,0.005,0.026,0,0.052,0.004,0.041,0,0,0,0,0.01,0.04,0,0,0.075,0.071,0.03,0.095,0,0.086,0,0,0.032,0.042,0.001,0.012,0.042,0,0.016,0.027,0,0.043,0,0,0.056,0,0.055,0,0.03,0.005,0.057,0,0.002,0
1,0.008,0,0,0,0.041,0.032,0.001,0.06,0.011,0,0,0.214,0.553,0.516,0.365,0.123,0.078,0,0.022,0,0.008,0.037,0,0,0,0,0.011,0,0,0,0,0.084,0,0,0,0,0,0,0.074,0.344,0.706,0.923,0.509,0.068,0,0.023,0.009,0.059,0.027,0.031,0.004,0,0.013,0,0.054,0.081,0,0.044,0.01,0.095,0,0.082,0.032,0.056,0.04,0,0.012,0.322,0.524,0.674,0.569,0.236,0.036,0.025,0,0,0,0.01,0,0,0.003,0,0,0,0.043,0,0,0,0.028,0,0.026,0,0.141,0.33,0.269,0.149,0.267,0.293,0.162,0,0.001,0,0,0.08,0,0,0.054,0.049,0.028,0,0.015,0,0.041,0,0.036,0.021,0.048,0.048,0.031,0.308,0.552,0.691,0.569,0.286,0.581,0.718,0.437,0.116,0,0.006,0,0.046,0,0.008,0.012,0,0.025,0.002,0,0,0.003,0.06,0,0,0,0,0.016,0.195,0.596,0.93,0.633,0.413,0.659,0.868,0.533,0.205,0,0.027,0,0,0,0.075,0,0,0.01,0,0.001,0,0.048,0.024,0.038,0,0.04,0.068,0,0.033,0.429,0.475,0.333,0.206,0.511,0.6,0.332,0,0.029,0.007,0.035,0,0.105,0.05,0.045,0,0,0.026,0.06,0.007,0.045,0,0,0,0.128,0,0,0,0.069,0.127,0.079,0.153,0.48,0.498,0.288,0,0,0.023,0,0,0.011,0.034,0,0,0,0.015,0.04,0.054,0,0,0.01,0,0,0.068,0,0,0.099,0,0,0.361,0.677,0.774,0.565,0.131,0.061,0,0.057,0.015,0,0.042,0,0.066,0,0,0.003,0,0,0.011,0.024,0.032,0,0.06,0.039,0.055,0.028,0,0,0.318,0.609,0.743,0.396,0.146,0.052,0.003,0,0.051,0.062,0,0,0,0,0,0,0,0.053,0.042,0,0,0,0,0.031,0,0,0,0,0.037,0.413,0.45,0.106,0,0,0,0,0.036,0.059,0.036,0,0,0,0,0.004,0,0.026,0.04,0.049,0,0,0,0,0.088,0.014,0.026,0.067,0.329,0.567,0.597,0.413,0.108,0.041,0,0.069,0.078,0,0.055,0,0.008,0.059,0.028,0,0.058,0.041,0,0,0,0.015,0,0.072,0.054,0.008,0.013,0,0.312,0.68,0.845,0.501,0.099,0.056,0,0.078,0.023,0,0,0,0,0,0,0.114,0,0.013,0,0.045,0.047,0,0.003,0,0,0,0,0,0.213,0.514,0.645,0.399,0.067,0.018,0,0.086,0,0,0,0,0,0.08,0,0.119,0,0.087,0.018,0.052,0,0.049,0.013,0,0.02,0.009,0.024,0,0.042,0.261,0.4,0.207,0.008,0,0.139,0,0,0,0.032,0,0,0.029,0,0.041,0,0.01,0.041,0.132,0,0.01,0.025,0,0.076,0.062,0.005,0.039,0.241,0.565,0.702,0.483,0.123,0.077,0,0,0,0.028,0,0.01,0.072,0,0,0,0.041,0,0.02,0.093,0.001,0,0,0,0.006,0,0,0.026,0.362,0.744,0.871,0.478,0.158,0.008,0,0.025,0.096,0,0,0,0.004,0,0,0,0.097,0,0,0,0.085,0.077,0.037,0.015,0,0,0,0.027,0.256,0.398,0.501,0.297,0.009,0.009,0.026,0.003,0.083,0,0,0,0,0.048,0,0.005,0.042,0.01,0,0,0,0.049,0.063,0,0.038,0.104,0,0,0.246,0.425,0.501,0.298,0.016,0.088,0.055,0.038,0.007,0,0,0.031,0.011,0.023,0.066,0.04,0,0,0.002,0.024,0.052,0,0,0.013,0,0.11,0.106,0.052,0.336,0.685,0.861,0.514,0.08,0.058,0.014,0,0.051,0,0.031,0,0,0,0.03,0,0,0.009,0.032,0,0,0,0,0,0,0.015,0.018,0.005,0.288,0.556,0.714,0.482,0.128,0.019,0.001,0,0.038,0,0,0,0,0,0,0,0.188,0.034,0.009,0.024,0,0.063,0,0,0,0.12,0.181,0.264,0.222,0.305,0.403,0.155,0.171,0.204,0.232,0,0,0,0.048,0.018,0.045,0,0,0,0,0,0.114,0.011,0.027,0.029,0.137,0,0.12,0.482,0.642,0.553,0.357,0.621,0.677,0.408,0.3,0.583,0.538,0.229,0.005,0,0.005,0,0,0.136,0,0.052,0,0.006,0.056,0.039,0,0,0.02,0,0.288,0.508,0.898,0.68,0.416,0.704,0.89,0.498,0.511,0.838,0.772,0.383,0.073,0,0.006,0,0.085,0,0.062,0,0.023,0,0.042,0.023,0,0.107,0.062,0.101,0.113,0.388,0.605,0.512,0.338,0.54,0.634,0.36,0.369,0.6,0.542,0.402,0,0,0,0,0,0.047,0.039,0,0.054,0.058,0.021,0,0.035,0.065,0,0,0,0.022,0.173,0.095,0.037,0.188,0.189,0.173,0.113,0.198,0.221,0,0,0.027,0.056,0,0.037,0.044,0,0.078,0,0.05,0.095,0.027,0,0.038,0,0,0,0.011,0.032,0,0,0.009,0.054,0.025,0.007,0,0.032,0,0.089,0,0.012,0,0,0.031,0,0,0,0,0,0.087,0.033,0,0,0,0.054,0,0,0,0.065,0,0.066,0.036,0,0,0.015,0,0,0,0.036,0.086,0.043,0,0.027,0,0
2,0.04,0,0.046,0,0.07,0.007,0.223,0.603,0.974,0.686,0.263,0.866,0.943,0.559,0.625,0.873,0.826,0.384,0,0.035,0.015,0.006,0,0.013,0,0.029,0.011,0.057,0.029,0,0.016,0,0.133,0,0.159,0.387,0.482,0.488,0.185,0.518,0.518,0.375,0.419,0.535,0.565,0.179,0.085,0.023,0.09,0,0.066,0.018,0.024,0,0,0.02,0.11,0.013,0,0.181,0.461,0.437,0.243,0.162,0.308,0.148,0,0.087,0.155,0.082,0.116,0.238,0.05,0.099,0.349,0.473,0.3,0.116,0,0.044,0,0,0.026,0,0,0,0.046,0.413,0.713,0.686,0.406,0.066,0.051,0,0.041,0,0,0.123,0.04,0,0.046,0.347,0.546,0.83,0.568,0.235,0.113,0.027,0,0.014,0,0.031,0,0.013,0.127,0.419,0.791,0.752,0.344,0,0.016,0,0.031,0,0,0,0.005,0.021,0,0.329,0.556,0.786,0.565,0.325,0,0.027,0.074,0,0.007,0.074,0,0.059,0,0.255,0.43,0.42,0.211,0.079,0,0.052,0.012,0.055,0,0,0.068,0,0,0.096,0.306,0.544,0.329,0.095,0.049,0,0.077,0,0.048,0.097,0.003,0,0.032,0,0.031,0.049,0.068,0,0.004,0,0,0,0.001,0,0.079,0.034,0.009,0.197,0.491,0.589,0.374,0.118,0.006,0.003,0,0,0.038,0,0.075,0,0,0.034,0,0,0.022,0.074,0,0,0,0,0.018,0,0,0,0.01,0.283,0.624,0.881,0.6,0.229,0,0.01,0,0.111,0,0,0.025,0,0,0.003,0,0,0.021,0.05,0,0.05,0.004,0,0,0,0.018,0.044,0.065,0.232,0.575,0.696,0.478,0.17,0.016,0,0,0.007,0.093,0.002,0,0.011,0,0,0,0,0.029,0.022,0.033,0.052,0.006,0.008,0.056,0.043,0.288,0.276,0.354,0.149,0.224,0.325,0.231,0,0.051,0,0,0,0,0.051,0,0,0.029,0.073,0,0.089,0,0,0,0,0,0.055,0.021,0.076,0.465,0.7,0.591,0.276,0.052,0.015,0.081,0.035,0,0.02,0,0.037,0,0,0,0,0.073,0,0.001,0.003,0,0.013,0.015,0,0,0,0,0.133,0.544,0.801,0.701,0.246,0.073,0.031,0,0.032,0,0.019,0.006,0,0.114,0.021,0,0.031,0,0,0.007,0.005,0,0.042,0,0,0,0.238,0.119,0.077,0.376,0.526,0.421,0.214,0,0.024,0.025,0,0.007,0,0.056,0.022,0,0,0,0,0,0.108,0.022,0,0.015,0,0,0.001,0.195,0.468,0.426,0.273,0.045,0.248,0.127,0,0,0.093,0,0,0.021,0,0.134,0.041,0.063,0.007,0,0,0.051,0,0.009,0.06,0,0,0.023,0,0.392,0.721,0.715,0.488,0.052,0,0.045,0.041,0.093,0,0,0,0.066,0.055,0.028,0,0,0,0,0.001,0.019,0,0.036,0.017,0.079,0,0,0.055,0.305,0.729,0.696,0.431,0.08,0.005,0,0,0,0,0.079,0.032,0,0,0.06,0,0,0.12,0.04,0,0.033,0,0.068,0.066,0.008,0.123,0.183,0.085,0.189,0.339,0.41,0.126,0,0.054,0,0,0,0.025,0.002,0.016,0.121,0.032,0,0.036,0,0.033,0,0.023,0,0.007,0.036,0.008,0.093,0.402,0.606,0.383,0.135,0,0.129,0,0.001,0,0.048,0.011,0,0,0,0.056,0,0,0.017,0.078,0,0.034,0,0,0.031,0,0,0,0.349,0.73,0.967,0.555,0.272,0,0,0.001,0,0.06,0.074,0,0,0.02,0.034,0,0.084,0.035,0,0,0,0.055,0,0.032,0.026,0,0.068,0.055,0.198,0.374,0.687,0.532,0.157,0,0,0,0,0.069,0,0.049,0.004,0,0.037,0,0,0,0.021,0,0,0,0.052,0.009,0,0.156,0.4,0.363,0.204,0.309,0.39,0.297,0.11,0.314,0.427,0.352,0.263,0.429,0.299,0.043,0.311,0.347,0.23,0,0.034,0,0.084,0.122,0.025,0.082,0.015,0.018,0.102,0.461,0.67,0.628,0.351,0.616,0.783,0.544,0.372,0.609,0.636,0.467,0.568,0.689,0.682,0.37,0.605,0.774,0.577,0.165,0,0,0,0.061,0,0,0,0.032,0.123,0.373,0.747,0.763,0.38,0.595,0.836,0.631,0.363,0.728,0.769,0.534,0.426,0.838,0.702,0.383,0.657,0.887,0.551,0.245,0,0,0,0.038,0,0,0.043,0.093,0,0.232,0.511,0.426,0.243,0.315,0.48,0.353,0.228,0.44,0.531,0.31,0.315,0.535,0.451,0.299,0.468,0.502,0.362,0.065,0.011,0.015,0,0.014,0.035,0.072,0.015,0,0,0,0.122,0.155,0.036,0.037,0.151,0.099,0,0.084,0.115,0,0,0.004,0.199,0.057,0.059,0.186,0.049,0.085,0.043,0.039,0,0.029,0.085,0,0.097,0,0,0,0,0.034,0.059,0,0,0.012,0.05,0,0.012,0,0.036,0.008,0,0,0.022,0.041,0,0,0,0,0.043,0.015,0,0.107,0,0.12,0,0,0.014,0.097,0,0.086,0,0.027,0,0,0.075,0.022,0.12,0.106,0.056,0,0,0.011,0.004,0.069,0.059,0.004,0,0,0,0,0.076,0,0.009,0.042,0,0,0.058,0,0,0.059,0,0,0.016,0.086,0,0,0.067,0,0.003,0.072,0,0.065,0.025,0,0.02,0.014,0,0
3,0.01,0,0.448,0.642,0.789,0.612,0.427,0.739,0.874,0.308,0.551,0.981,0.534,0.393,0.801,0.75,0.444,0.481,0.818,0.63,0.3,0,0.019,0,0,0.024,0,0,0,0,0.272,0.57,0.725,0.465,0.457,0.759,0.641,0.369,0.601,0.779,0.542,0.431,0.657,0.675,0.48,0.515,0.828,0.653,0.226,0.019,0.039,0.046,0.002,0.082,0.011,0.092,0.021,0,0.133,0.306,0.418,0.303,0.239,0.42,0.38,0.178,0.277,0.454,0.221,0.177,0.472,0.333,0.14,0.259,0.473,0.37,0.02,0,0.056,0.02,0,0.09,0,0.149,0,0.017,0.04,0.038,0.061,0.009,0,0,0.031,0,0,0.031,0,0.281,0.528,0.608,0.34,0.024,0.003,0,0,0,0.003,0.043,0.002,0,0.033,0.007,0,0,0,0,0.012,0,0.06,0,0,0,0,0,0,0.342,0.813,0.886,0.504,0.169,0,0,0.011,0.061,0,0,0,0,0.003,0,0,0,0,0,0.055,0.006,0,0.093,0.005,0,0.068,0.009,0.036,0.437,0.598,0.56,0.396,0.046,0.021,0,0.061,0.091,0,0.025,0.027,0,0.01,0.021,0.008,0.001,0,0,0,0,0.043,0,0,0.084,0.261,0.37,0.356,0.002,0.182,0.257,0.109,0.02,0,0,0,0.01,0.054,0,0.069,0.012,0.05,0.044,0,0,0,0,0.025,0,0,0,0.039,0.18,0.616,0.78,0.502,0.225,0.043,0,0,0.027,0.113,0,0,0.001,0,0.081,0.023,0,0,0,0,0.01,0.006,0,0.08,0,0.029,0,0.034,0.206,0.634,0.867,0.683,0.257,0.071,0.042,0,0,0,0.12,0.071,0,0,0.106,0,0,0.065,0,0,0,0.053,0.033,0.022,0,0,0.063,0,0.219,0.354,0.487,0.316,0.137,0.12,0.249,0.084,0,0,0,0.051,0,0.047,0.093,0,0,0,0,0,0.078,0.058,0.021,0,0.017,0,0,0.085,0,0,0.07,0.042,0.268,0.549,0.512,0.36,0,0.019,0.019,0.006,0,0.004,0,0,0,0.105,0.049,0,0,0.054,0.019,0,0.051,0,0,0.048,0,0.046,0,0.109,0.455,0.681,0.829,0.431,0.092,0.022,0,0,0.022,0.011,0.065,0,0,0.072,0,0.079,0.026,0.016,0,0,0.045,0.006,0,0,0.022,0,0,0,0.347,0.608,0.659,0.361,0.007,0,0.007,0,0.011,0.083,0,0.028,0,0,0,0.021,0.006,0.061,0.029,0.011,0,0,0,0.019,0,0.076,0,0.002,0.128,0.277,0.313,0.217,0.206,0.401,0.328,0.038,0.055,0.115,0.053,0,0,0,0,0.016,0.005,0,0,0.009,0,0.032,0,0.024,0.081,0,0.066,0,0.009,0.064,0,0.179,0.477,0.675,0.571,0.262,0.04,0.194,0.006,0.02,0.032,0.022,0,0,0,0.04,0.006,0,0,0,0.026,0.05,0,0,0,0.019,0,0.083,0.058,0.252,0.621,0.922,0.701,0.292,0.044,0.02,0,0,0,0.01,0,0.108,0,0,0.17,0.175,0.001,0,0.005,0.012,0.007,0,0,0.062,0.032,0,0.058,0,0.332,0.534,0.392,0.181,0.067,0,0,0,0,0,0,0.059,0,0.12,0.371,0.44,0.286,0.033,0,0.019,0,0,0.055,0.087,0,0.067,0.037,0.111,0.343,0.488,0.444,0.246,0,0.002,0,0.041,0,0,0.015,0.011,0.041,0.241,0.691,0.862,0.503,0.203,0.011,0,0,0,0,0.006,0.098,0.014,0.004,0.318,0.493,0.775,0.626,0.3,0.064,0.037,0.015,0.115,0.008,0,0,0,0.072,0.294,0.598,0.797,0.614,0.138,0.024,0,0.072,0,0.039,0,0.085,0.02,0.071,0.215,0.493,0.882,0.614,0.308,0.033,0,0,0,0.007,0.08,0,0.051,0,0.08,0.338,0.458,0.339,0.135,0.176,0.273,0.059,0.192,0.149,0.125,0.004,0.235,0.282,0.12,0.281,0.356,0.346,0.09,0.053,0,0,0,0,0,0.04,0.097,0.066,0,0.024,0,0.066,0.411,0.621,0.591,0.288,0.55,0.619,0.468,0.31,0.606,0.629,0.364,0.008,0,0.004,0.006,0.016,0.014,0.065,0.014,0.07,0,0,0,0,0,0.058,0,0.071,0.487,0.834,0.802,0.435,0.707,0.982,0.607,0.407,0.817,0.844,0.405,0.105,0.05,0.06,0,0.012,0,0,0.069,0,0.021,0,0,0,0,0,0,0,0.25,0.543,0.533,0.225,0.435,0.636,0.502,0.285,0.537,0.519,0.427,0.152,0.027,0.071,0,0.007,0,0.006,0.017,0.016,0,0,0,0.05,0,0,0.07,0,0.148,0.211,0.109,0.035,0.245,0.245,0.127,0.106,0.306,0.228,0.127,0,0.026,0,0.005,0.036,0.016,0.015,0.106,0,0.097,0.02,0,0.057,0.055,0.044,0,0.02,0,0.113,0.05,0,0.052,0,0.113,0,0.018,0.082,0,0,0.027,0,0,0,0.027,0,0.063,0.087,0,0,0.069,0,0,0,0,0,0.024,0.018,0,0.022,0,0,0.032,0.01,0,0.071,0,0,0.048,0.033,0,0,0.052,0.014,0,0,0,0,0,0.059,0,0,0,0.016,0.067,0.007,0.011,0,0,0,0,0.022,0.071,0.032,0.038,0,0.021,0,0.016,0,0,0,0.022,0.046,0,0.003
4,0,0.019,0.016,0.044,0.064,0.113,0.025,0,0.041,0,0.02,0,0.173,0.39,0.554,0.471,0.212,0.016,0.013,0,0.017,0,0,0,0,0.007,0,0.063,0,0,0.04,0.029,0,0.056,0,0,0.009,0.054,0,0.041,0.144,0.569,0.92,0.701,0.324,0,0.071,0,0,0.096,0,0,0,0,0,0,0.065,0,0.084,0,0,0.054,0,0.035,0.033,0.085,0,0,0.103,0.475,0.64,0.5,0.187,0,0.004,0.028,0.047,0.024,0,0,0.018,0,0.024,0.022,0.036,0,0,0.051,0,0,0.041,0,0.021,0.16,0.341,0.375,0.073,0.285,0.392,0.255,0.031,0.057,0.001,0.012,0,0.047,0.012,0,0,0,0,0,0,0,0,0,0.09,0.052,0.025,0,0.019,0.505,0.692,0.648,0.329,0.584,0.773,0.543,0.217,0.078,0.051,0.046,0.001,0.046,0.106,0,0,0,0.075,0.079,0.011,0.011,0,0,0,0.01,0,0.038,0.123,0.46,0.778,0.804,0.351,0.524,0.878,0.665,0.382,0,0,0.049,0.04,0.026,0.104,0.025,0.034,0,0.087,0.005,0.011,0.053,0,0,0,0,0.072,0.108,0.038,0.336,0.584,0.412,0.282,0.346,0.633,0.387,0.162,0,0.003,0,0.012,0,0,0,0,0,0,0.09,0.103,0.028,0.041,0.062,0.002,0.17,0.451,0.456,0.264,0.036,0.215,0.179,0.177,0.317,0.466,0.33,0.16,0,0,0,0,0,0,0.075,0,0.065,0,0,0.014,0,0,0.021,0.048,0.337,0.67,0.861,0.67,0.123,0.046,0.016,0.133,0.525,0.868,0.592,0.259,0,0.026,0.006,0,0.066,0.015,0.039,0.014,0,0.063,0,0,0,0,0.045,0.051,0.396,0.616,0.683,0.583,0.193,0.005,0,0.219,0.498,0.741,0.632,0.311,0.014,0.012,0,0.022,0.014,0,0,0.038,0.069,0.113,0,0,0.055,0.107,0.225,0.157,0.132,0.389,0.405,0.291,0.026,0,0.065,0,0.304,0.422,0.314,0.04,0,0,0.039,0,0,0,0.022,0,0.006,0,0.009,0,0.179,0.369,0.575,0.475,0.135,0.046,0.004,0.008,0,0,0,0.037,0.431,0.551,0.466,0.323,0,0,0,0.01,0,0.051,0,0.076,0,0,0.058,0,0.156,0.57,0.958,0.646,0.304,0,0,0,0.029,0.017,0,0.208,0.501,0.868,0.56,0.306,0,0,0,0,0,0.013,0,0,0,0,0,0.082,0.297,0.473,0.718,0.541,0.146,0,0,0,0,0.054,0,0.168,0.429,0.721,0.503,0.205,0,0,0.013,0,0.017,0,0.064,0.028,0.04,0.056,0,0.016,0.035,0.157,0.339,0.233,0.131,0.221,0.37,0.178,0.278,0.275,0.329,0.122,0.212,0.276,0.269,0.044,0.22,0.267,0.238,0.016,0,0,0.009,0,0.044,0.028,0,0.059,0.133,0.507,0.722,0.623,0.243,0.61,0.662,0.509,0.439,0.669,0.703,0.247,0.452,0.625,0.578,0.325,0.611,0.64,0.448,0.171,0,0.121,0,0.091,0.064,0.004,0,0,0.21,0.567,0.886,0.632,0.32,0.718,0.956,0.552,0.49,0.839,0.796,0.356,0.469,0.903,0.803,0.339,0.679,0.898,0.513,0.26,0.018,0.13,0,0.061,0,0,0.056,0.095,0.103,0.449,0.505,0.475,0.179,0.491,0.5,0.356,0.197,0.466,0.571,0.241,0.324,0.529,0.511,0.173,0.475,0.602,0.431,0.141,0.005,0.011,0.026,0,0.014,0,0.041,0.027,0,0.135,0.174,0.132,0,0.093,0.151,0.136,0.044,0.208,0.18,0.085,0.33,0.437,0.466,0.031,0.036,0.243,0.039,0.062,0.059,0,0.017,0.108,0.015,0.048,0,0,0.111,0,0.023,0.01,0,0.091,0.043,0.008,0,0,0.025,0.231,0.427,0.837,0.556,0.25,0.049,0.054,0,0.076,0.062,0,0.027,0,0.045,0.093,0.081,0,0.034,0.01,0,0.116,0.01,0.05,0,0.098,0.062,0,0.058,0.169,0.566,0.719,0.637,0.284,0.023,0,0.004,0.046,0.073,0.034,0.033,0,0,0.029,0.045,0,0,0,0.078,0,0,0.014,0,0,0.003,0.024,0,0,0.316,0.397,0.303,0.137,0.081,0,0.065,0,0.061,0,0.085,0.026,0,0.004,0,0,0,0,0,0,0.04,0,0,0.023,0.024,0.072,0.043,0.159,0.383,0.588,0.447,0.176,0.023,0,0.018,0,0,0,0.056,0,0,0,0.07,0.068,0,0.071,0.081,0,0.053,0.064,0.131,0.033,0,0,0,0.285,0.647,0.863,0.606,0.327,0,0,0,0.018,0.151,0.011,0.013,0,0,0,0,0,0,0.015,0.085,0.038,0.01,0.032,0.08,0.031,0,0.013,0,0.117,0.536,0.599,0.556,0.238,0.017,0,0.031,0,0,0.058,0.058,0.006,0,0.011,0,0,0,0,0,0.08,0,0,0.071,0.059,0.02,0,0.015,0,0.22,0.384,0.239,0,0,0.043,0.051,0.019,0,0.04,0,0,0,0.122,0,0.049,0.05,0,0,0,0,0,0.034,0.018,0.031,0.023,0.072,0.004,0,0,0.034,0,0.011,0.023,0.017,0,0,0.019,0,0.006,0,0,0,0,0.001,0.043,0,0,0,0,0.013,0.019,0,0.036,0,0,0.045,0,0.013,0.018,0.034,0.02,0,0,0,0.05,0,0.037,0.05,0.078,0
5,0.093,0.229,0.636,0.993,0.541,0.283,0.594,0.861,0.504,0.426,0.732,0.692,0.413,0.526,0.83,0.675,0.307,0.592,0.849,0.516,0.194,0,0.012,0.092,0.096,0,0.056,0,0,0.185,0.539,0.808,0.561,0.349,0.675,0.812,0.496,0.348,0.667,0.745,0.534,0.471,0.791,0.726,0.234,0.541,0.816,0.484,0.202,0,0,0,0,0.018,0.007,0,0,0.041,0.297,0.377,0.315,0.185,0.469,0.424,0.284,0.162,0.326,0.41,0.232,0.245,0.431,0.284,0.109,0.351,0.451,0.297,0.036,0,0,0.014,0.028,0,0,0,0.103,0.09,0.309,0.615,0.42,0.219,0,0.086,0.004,0.006,0.107,0,0,0,0.077,0,0,0.055,0.159,0,0,0.016,0,0.011,0.091,0.007,0.046,0,0.096,0.287,0.542,1,0.601,0.289,0,0.004,0.03,0.036,0.058,0.038,0.017,0.003,0.015,0,0,0.012,0,0,0.008,0.043,0,0,0,0.044,0,0.108,0.028,0.138,0.355,0.714,0.556,0.233,0,0.053,0,0.086,0.045,0,0,0.001,0.034,0,0,0.014,0,0.035,0,0.088,0.008,0.019,0,0.017,0,0,0,0.061,0.256,0.276,0.259,0.045,0.222,0.316,0.244,0.158,0.249,0.301,0.079,0.261,0.274,0.211,0.041,0,0,0,0,0,0,0,0.061,0,0.077,0,0,0.096,0.563,0.67,0.506,0.27,0.593,0.734,0.471,0.329,0.559,0.589,0.349,0.393,0.699,0.556,0.251,0,0,0,0,0,0.041,0.02,0.046,0,0.036,0,0,0.293,0.584,0.996,0.62,0.295,0.791,0.917,0.574,0.508,0.801,0.767,0.394,0.545,0.911,0.702,0.396,0,0.007,0.036,0,0,0,0.027,0.044,0,0,0.027,0,0.019,0.355,0.552,0.459,0.193,0.471,0.485,0.355,0.288,0.541,0.483,0.262,0.461,0.455,0.526,0.249,0.013,0.05,0.07,0.06,0.023,0.096,0,0,0,0,0.028,0.024,0.078,0.071,0.183,0.133,0,0.158,0.151,0.063,0.019,0.208,0.185,0,0.107,0.31,0.145,0.103,0.294,0.472,0.423,0,0.1,0,0,0,0.065,0.09,0,0.006,0,0.019,0,0.07,0,0.021,0,0.022,0,0.023,0.042,0.064,0.008,0,0.041,0.275,0.635,0.725,0.583,0.194,0,0.035,0,0.023,0.025,0,0.02,0,0.008,0.041,0.02,0.022,0,0,0,0,0,0.042,0.027,0,0,0,0.02,0.286,0.669,0.772,0.576,0.147,0,0.04,0,0.012,0,0.009,0,0,0,0,0.034,0.025,0.006,0.025,0.012,0,0,0,0,0,0.005,0,0.011,0.073,0.417,0.402,0.312,0.07,0,0,0,0.024,0,0,0.066,0.047,0.036,0.048,0,0.01,0,0,0,0,0.001,0.027,0.029,0.048,0,0.016,0,0.184,0.347,0.479,0.299,0.038,0.008,0,0,0.117,0,0,0.031,0,0.02,0,0.006,0,0,0,0.008,0,0,0,0,0.006,0.099,0.053,0,0.243,0.698,0.898,0.56,0.313,0.017,0,0.048,0,0,0,0.037,0.1,0.121,0,0.079,0.022,0.034,0,0.064,0.091,0.095,0.117,0.014,0,0.05,0.028,0.035,0.359,0.558,0.676,0.588,0.152,0.049,0.041,0.014,0,0,0.069,0.03,0,0,0.281,0.294,0.165,0.035,0,0,0,0,0.061,0.033,0.035,0,0.029,0,0.052,0.296,0.278,0.304,0.034,0,0,0,0.076,0.033,0.093,0,0,0.182,0.449,0.603,0.537,0.247,0.027,0.032,0.091,0.028,0,0,0.079,0.016,0,0.02,0.209,0.562,0.582,0.369,0.263,0,0,0,0.001,0,0,0,0,0.155,0.62,1,0.672,0.227,0,0.046,0.049,0,0.029,0.041,0.032,0,0.024,0,0.392,0.623,0.923,0.628,0.264,0,0,0,0.061,0.042,0,0,0,0.071,0.417,0.613,0.564,0.169,0,0.072,0.019,0,0.083,0.012,0.045,0.058,0.044,0.058,0.257,0.441,0.663,0.435,0.159,0,0.014,0.044,0,0,0,0.026,0.077,0.003,0.19,0.141,0.161,0.141,0.249,0.398,0.313,0.185,0.376,0.343,0.108,0.313,0.286,0.341,0.031,0.221,0.178,0.124,0,0.024,0.017,0.057,0.043,0,0,0.028,0.006,0,0.017,0.043,0.039,0.328,0.656,0.799,0.512,0.304,0.753,0.744,0.437,0.53,0.755,0.544,0.277,0.06,0.01,0.007,0,0,0,0.012,0.048,0.095,0,0.02,0,0,0,0.014,0,0.273,0.684,0.843,0.519,0.345,0.711,0.822,0.414,0.512,0.859,0.576,0.275,0.04,0.013,0.058,0.019,0.135,0,0.006,0.104,0.065,0.01,0.011,0,0,0.016,0,0,0.213,0.472,0.424,0.293,0.279,0.482,0.487,0.16,0.404,0.448,0.364,0.135,0.1,0,0.019,0,0.088,0.001,0.008,0.038,0,0,0.038,0.017,0.016,0,0,0,0.038,0.009,0.072,0,0,0.175,0.164,0.007,0,0.017,0.131,0.06,0,0.018,0.028,0.019,0.001,0.017,0,0.02,0.008,0,0.09,0.067,0.013,0,0,0,0,0,0.024,0.034,0,0,0,0,0,0,0,0.057,0.105,0,0,0,0,0.093,0,0.047,0,0,0,0,0.082,0,0,0,0,0.021,0,0,0,0.07,0.062,0.043,0,0.042,0,0,0.014,0,0,0,0,0.004,0.001,0,0,0.036,0.05
6,0.055,0,0.032,0.061,0,0.069,0.097,0.068,0.211,0.522,0.889,0.697,0.321,0.614,0.951,0.649,0.323,0,0,0,0.012,0,0.012,0,0.055,0.053,0,0.125,0,0.014,0,0.014,0,0,0.033,0,0.197,0.38,0.678,0.555,0.304,0.46,0.638,0.534,0.314,0.009,0.005,0.075,0.027,0.021,0,0.059,0,0.025,0,0.006,0.035,0.026,0.082,0.05,0.032,0.08,0.219,0.202,0.103,0.065,0.254,0.276,0.042,0.206,0.253,0.269,0.055,0,0,0.055,0,0.048,0.01,0.087,0,0.07,0,0.055,0.004,0,0,0,0.107,0.394,0.49,0.514,0.266,0,0.037,0.052,0.121,0,0,0.005,0,0.003,0,0,0,0,0.071,0.054,0,0.069,0.086,0.031,0,0.074,0.035,0,0.097,0.49,0.867,0.663,0.344,0,0.005,0,0,0,0.001,0.02,0.062,0.056,0.021,0.036,0.07,0,0.054,0.043,0.003,0.07,0,0,0,0.036,0.057,0.028,0.149,0.333,0.603,0.582,0.299,0,0.046,0.002,0.052,0,0.035,0,0,0,0,0.024,0,0,0.017,0.05,0.002,0,0.022,0,0.054,0.072,0.306,0.213,0.012,0.107,0.284,0.216,0,0,0.041,0.052,0.024,0,0.04,0,0.085,0,0.022,0.062,0.012,0.075,0.024,0.122,0,0.039,0.06,0,0,0.206,0.652,0.621,0.372,0,0,0.03,0,0.035,0.078,0.035,0,0,0,0.046,0,0,0.04,0,0.001,0,0.054,0.014,0.063,0.077,0.025,0.017,0.167,0.444,0.908,0.704,0.339,0.025,0.037,0,0.075,0.012,0.042,0,0,0.081,0.05,0.109,0.067,0,0.012,0,0,0,0,0,0,0.022,0,0.053,0.103,0.335,0.474,0.556,0.261,0.002,0,0.058,0.044,0,0,0,0,0,0.042,0.012,0,0,0.043,0,0.027,0.078,0.087,0,0.002,0,0.004,0.042,0,0.061,0.262,0.345,0.05,0.119,0.269,0.323,0.172,0.112,0.268,0.174,0.079,0.116,0.241,0.206,0.008,0,0.027,0,0,0,0.057,0.032,0,0.038,0.073,0.034,0.08,0.395,0.608,0.612,0.317,0.409,0.651,0.554,0.274,0.422,0.646,0.578,0.175,0.482,0.606,0.571,0.322,0,0.083,0,0.031,0.013,0,0.083,0,0.03,0,0,0.189,0.604,0.868,0.707,0.42,0.526,0.868,0.767,0.296,0.446,0.823,0.774,0.319,0.552,0.976,0.74,0.415,0.048,0.027,0.024,0.026,0,0,0.024,0,0.005,0.084,0,0.059,0.33,0.609,0.438,0.315,0.417,0.563,0.522,0.306,0.355,0.536,0.598,0.192,0.369,0.603,0.477,0.236,0.026,0.04,0.051,0,0,0.079,0,0,0.063,0.021,0,0,0.198,0.24,0.238,0.063,0.152,0.101,0.227,0,0.177,0.233,0.178,0,0.097,0.225,0.105,0.087,0.235,0.253,0.166,0.062,0,0,0.027,0,0,0,0,0.096,0.375,0.644,0.645,0.275,0.043,0.078,0,0.097,0.059,0,0,0,0,0.052,0.001,0.191,0.339,0.754,0.554,0.269,0,0,0,0,0,0,0.029,0.085,0.488,0.789,0.762,0.479,0.115,0,0.002,0,0.059,0.047,0.001,0,0.044,0.024,0,0.266,0.485,0.841,0.577,0.345,0,0,0,0,0,0.004,0,0.046,0.349,0.571,0.587,0.25,0.042,0,0.057,0.019,0,0.067,0.073,0.106,0.072,0.035,0,0.097,0.363,0.549,0.419,0.132,0,0,0.016,0.046,0,0.046,0.009,0.078,0.094,0.229,0.274,0.025,0.046,0.005,0,0,0,0.014,0,0.029,0,0.008,0.058,0.025,0.173,0.245,0.203,0.01,0,0,0,0.059,0,0.014,0,0,0.356,0.665,0.555,0.245,0.016,0,0,0.064,0,0,0.022,0.055,0.013,0,0.017,0.133,0.522,0.788,0.466,0.295,0,0.061,0.027,0.057,0.023,0,0,0.069,0.452,0.853,0.804,0.393,0.057,0,0.008,0.024,0.019,0.003,0,0.056,0,0.023,0,0.199,0.557,1,0.629,0.354,0.002,0.03,0.004,0,0,0,0.039,0.066,0.316,0.563,0.518,0.204,0,0,0.042,0.039,0,0,0,0.035,0.054,0.053,0.038,0.037,0.348,0.624,0.527,0.221,0.056,0,0,0.1,0,0,0,0,0,0.259,0.138,0.009,0.112,0.344,0.361,0.114,0.146,0.377,0.276,0.054,0.186,0.332,0.447,0.166,0.076,0.119,0.074,0,0.053,0.041,0.051,0,0.011,0,0.049,0.026,0,0,0,0.108,0.292,0.679,0.555,0.394,0.474,0.72,0.707,0.225,0.527,0.785,0.605,0.292,0.04,0,0.005,0,0,0,0.031,0.01,0.029,0,0,0.006,0,0.067,0,0.184,0.561,0.835,0.72,0.306,0.414,0.957,0.664,0.315,0.506,0.902,0.718,0.234,0.031,0,0,0,0.016,0,0,0,0,0.052,0.018,0,0,0.007,0.07,0.019,0.346,0.595,0.49,0.236,0.356,0.514,0.449,0.241,0.385,0.575,0.436,0.181,0.021,0,0,0,0.01,0.018,0.037,0.031,0.035,0,0.065,0,0.108,0.081,0.003,0,0.004,0.147,0.154,0.043,0.06,0.171,0.15,0.011,0.068,0.144,0.127,0,0.073,0.063,0,0,0,0.068,0.047,0,0,0,0.035,0.13,0,0,0,0.04,0,0.043,0,0.041,0,0,0,0.035,0,0,0,0,0.053,0.051,0,0.046,0.009,0.024,0,0.004,0,0.012,0.057
7,0.033,0,0.303,0.582,0.601,0.457,0.338,0.627,0.653,0.357,0.416,0.724,0.607,0.441,0.46,0.788,0.528,0.309,0.538,0.744,0.529,0.192,0.013,0,0.015,0,0.085,0.035,0.016,0.018,0.352,0.755,1,0.464,0.451,0.791,0.819,0.386,0.46,0.809,0.765,0.344,0.55,0.87,0.682,0.323,0.63,0.916,0.671,0.322,0,0.008,0.065,0.031,0,0.038,0.031,0.003,0.191,0.415,0.53,0.457,0.302,0.503,0.493,0.365,0.251,0.55,0.537,0.295,0.398,0.606,0.378,0.164,0.414,0.54,0.425,0.18,0.054,0,0.029,0.009,0.068,0,0,0,0.034,0.202,0.189,0.14,0.072,0.16,0.199,0.111,0.054,0.197,0.162,0,0.008,0.131,0.166,0.041,0.329,0.279,0.29,0,0.114,0.028,0,0,0.017,0,0.005,0.12,0,0,0.022,0,0.002,0.032,0,0,0.092,0,0,0,0.011,0,0,0.258,0.547,0.792,0.631,0.227,0.016,0,0,0.102,0,0.008,0,0.007,0.03,0.002,0,0.001,0.038,0.068,0.019,0,0,0.025,0.011,0.007,0,0.01,0.032,0.261,0.581,0.869,0.624,0.242,0,0,0.066,0,0.046,0.017,0,0,0.044,0,0,0.055,0,0.072,0.032,0,0,0,0,0,0,0.057,0,0.093,0.415,0.508,0.431,0.099,0.074,0.002,0.012,0.004,0,0,0,0,0.011,0,0.019,0,0.078,0.063,0,0,0,0.067,0.059,0.01,0.296,0.483,0.396,0.197,0.06,0.222,0.096,0,0.023,0,0,0.031,0.106,0.031,0,0.083,0.023,0.081,0,0.023,0,0.064,0.013,0.08,0,0,0.015,0.207,0.547,0.79,0.581,0.331,0.023,0,0.121,0.048,0.019,0,0,0.008,0,0,0.047,0,0.071,0.027,0.026,0,0.051,0,0.008,0.007,0.035,0.027,0.017,0.124,0.455,0.847,0.62,0.377,0,0,0,0.069,0,0,0.001,0.003,0.035,0.077,0,0,0.109,0.042,0,0,0.038,0,0,0.041,0.051,0.158,0.167,0,0.31,0.401,0.451,0.132,0,0,0,0,0.001,0,0.022,0,0.01,0.031,0,0,0.011,0,0,0.019,0.025,0,0.007,0,0.229,0.498,0.472,0.294,0,0.029,0.073,0.011,0.031,0,0,0,0.052,0.046,0,0.002,0,0,0.007,0,0,0,0,0,0.036,0.015,0,0.095,0.503,0.814,0.699,0.426,0.04,0.002,0,0.015,0.06,0.075,0,0.006,0.012,0,0,0,0,0.014,0.018,0.028,0.079,0,0,0.022,0.015,0,0,0.041,0.298,0.774,0.635,0.268,0.026,0,0.096,0.034,0,0,0,0.016,0,0,0,0,0.083,0,0.007,0.032,0.007,0.012,0,0.065,0.056,0.164,0.172,0.042,0.153,0.352,0.296,0.144,0.019,0.049,0.024,0,0.061,0.017,0.02,0.055,0,0.043,0.012,0,0,0.009,0,0,0,0,0,0,0.179,0.439,0.534,0.373,0.081,0.057,0,0,0,0.014,0,0.013,0.028,0,0,0.034,0,0,0,0.059,0,0.093,0.127,0,0,0,0,0.041,0.414,0.761,0.916,0.517,0.191,0,0,0.114,0,0.029,0,0,0,0.01,0.019,0.045,0.045,0.034,0.02,0.032,0.033,0,0,0,0.084,0,0,0,0.394,0.512,0.613,0.442,0.125,0.006,0.006,0.083,0,0,0,0.017,0,0,0.01,0.06,0,0,0.036,0,0.028,0.08,0.089,0.081,0.012,0.022,0.082,0.011,0,0.335,0.315,0.085,0,0,0,0.038,0,0,0,0.013,0.008,0.077,0.051,0.024,0.04,0.029,0,0.035,0,0,0.021,0.025,0.042,0,0,0,0.273,0.559,0.608,0.423,0.001,0.026,0,0,0,0,0.023,0,0,0,0,0.021,0,0.058,0.126,0.018,0,0.075,0.041,0,0,0,0,0.006,0.384,0.863,0.807,0.491,0.097,0,0.019,0,0.042,0.064,0.016,0.013,0.023,0.018,0,0.067,0.064,0,0.063,0.041,0,0,0.03,0.064,0,0,0.084,0,0.345,0.516,0.51,0.382,0.027,0,0.02,0,0.04,0,0,0,0.026,0,0.037,0.029,0,0.015,0.054,0.056,0.02,0.039,0,0,0.023,0,0.001,0.034,0.081,0.281,0.302,0.118,0.098,0,0.06,0,0.065,0.027,0,0.014,0,0.009,0.026,0,0.063,0,0,0,0.059,0.031,0.028,0,0.016,0,0.014,0.019,0.303,0.576,0.648,0.38,0,0,0.028,0,0,0.011,0,0.078,0.014,0.005,0.04,0.027,0.009,0,0.052,0.034,0,0.008,0.066,0,0.046,0,0.05,0.022,0.441,0.752,0.797,0.509,0.097,0,0.005,0.03,0,0,0,0,0.041,0.005,0,0,0.062,0.011,0.116,0.016,0.041,0,0.074,0.028,0.021,0,0,0,0.277,0.506,0.528,0.304,0,0.112,0.048,0.072,0.069,0,0.086,0.036,0.073,0,0.028,0.049,0.029,0,0.025,0,0.016,0.139,0,0.105,0,0,0.019,0,0.03,0.195,0.122,0.06,0,0.008,0,0.048,0,0,0,0.012,0,0.025,0,0.051,0,0,0.017,0,0,0,0,0,0.106,0.043,0,0.047,0.039,0.03,0.013,0.044,0,0.003,0.034,0.128,0.042,0.003,0.032,0.04,0,0.062,0.068,0.008,0,0.012,0,0.121,0.112,0.016
8,0.008,0.016,0,0,0,0.25,0.508,0.789,0.576,0.287,0.588,0.594,0.493,0.376,0.675,0.773,0.455,0,0.02,0,0.061,0,0.011,0.075,0,0,0.002,0,0.06,0,0.067,0.057,0.001,0.153,0.474,0.844,0.687,0.322,0.698,0.93,0.543,0.436,0.781,0.751,0.499,0.112,0.09,0,0,0.012,0,0,0,0.201,0.009,0,0,0.032,0,0.103,0.182,0.066,0.277,0.467,0.318,0.139,0.442,0.595,0.405,0.24,0.468,0.412,0.343,0,0.114,0.079,0.021,0,0.025,0.009,0.025,0.043,0,0,0,0,0.221,0.451,0.436,0.225,0,0.175,0.118,0.006,0.209,0.099,0.008,0.045,0.085,0.129,0.085,0.278,0.543,0.475,0.19,0,0,0.062,0,0,0,0,0.029,0.079,0.475,0.865,0.781,0.468,0,0.018,0,0,0.046,0.101,0,0.076,0,0,0.121,0.58,0.751,0.643,0.387,0.065,0,0.046,0,0.036,0,0,0.043,0.021,0.39,0.737,0.656,0.349,0,0.03,0.015,0,0.022,0,0,0,0.01,0.006,0.121,0.539,0.803,0.611,0.383,0.04,0.07,0,0,0,0,0,0,0.007,0.207,0.363,0.347,0.12,0.054,0.002,0,0,0,0,0,0.022,0,0,0.014,0.201,0.401,0.235,0,0.014,0,0,0.093,0,0.007,0,0,0.03,0.362,0.563,0.597,0.262,0.022,0,0,0.015,0.013,0.029,0.016,0,0,0.079,0.142,0.419,0.562,0.485,0.296,0.063,0,0.013,0.059,0.039,0,0.045,0,0.07,0.493,0.891,0.786,0.497,0.073,0,0,0,0.055,0.029,0.012,0,0,0,0.16,0.62,0.993,0.731,0.27,0.027,0,0,0,0.092,0,0.076,0.048,0,0.375,0.688,0.592,0.313,0.007,0.027,0.005,0.08,0,0.043,0.02,0.044,0,0,0.076,0.503,0.722,0.532,0.279,0.039,0.028,0.018,0.08,0,0,0,0,0.055,0,0.223,0.242,0.09,0.206,0.318,0.318,0.034,0.31,0.404,0.265,0.12,0.332,0.307,0.142,0.16,0.256,0.237,0,0,0.064,0.028,0,0,0,0.037,0.023,0,0,0,0,0.24,0.496,0.694,0.526,0.229,0.64,0.676,0.499,0.417,0.704,0.667,0.32,0.118,0.018,0,0,0,0.073,0.01,0,0.013,0.018,0.048,0.039,0.027,0.076,0.028,0.011,0.14,0.657,0.993,0.697,0.385,0.649,0.843,0.497,0.429,0.807,0.754,0.458,0.05,0,0.033,0,0,0,0,0,0,0.02,0.01,0,0.015,0,0.059,0.012,0.142,0.337,0.545,0.542,0.153,0.48,0.517,0.346,0.289,0.576,0.528,0.231,0,0.019,0.014,0.026,0,0,0,0.085,0.028,0,0.005,0.049,0,0.274,0.544,0.4,0.232,0.094,0.199,0.307,0,0.091,0.254,0,0.066,0.213,0.164,0,0.264,0.377,0.424,0.187,0.043,0.022,0,0,0.047,0,0,0.018,0.086,0.441,0.832,0.712,0.358,0.083,0,0.062,0.001,0,0.018,0.028,0.059,0.003,0.079,0.11,0.528,0.759,0.65,0.278,0,0.088,0,0,0.042,0.018,0.096,0,0.039,0.441,0.715,0.643,0.341,0.089,0.026,0,0.024,0.024,0,0.051,0,0,0.005,0.178,0.475,0.869,0.575,0.313,0.027,0.015,0,0.01,0.018,0.036,0,0,0.046,0.309,0.399,0.495,0.159,0.051,0.009,0.013,0,0,0,0,0.008,0.001,0.012,0,0.255,0.455,0.416,0.112,0,0.085,0,0,0.101,0,0,0,0.003,0.258,0.505,0.572,0.256,0.053,0.046,0.113,0.029,0.036,0,0.055,0.034,0.099,0.033,0.035,0.36,0.488,0.44,0.265,0,0.076,0,0,0.073,0.026,0.093,0,0.094,0.452,0.782,0.818,0.449,0,0,0,0.032,0,0.02,0,0.059,0,0.015,0.137,0.617,0.881,0.65,0.236,0,0,0.033,0.014,0,0.02,0.037,0.012,0.153,0.397,0.576,0.595,0.252,0.045,0,0.017,0.01,0.043,0,0.049,0.077,0,0.016,0.128,0.378,0.623,0.599,0.324,0,0,0.059,0.02,0,0,0.018,0.004,0,0.078,0.348,0.344,0.152,0.196,0.37,0.21,0.033,0.295,0.234,0.116,0.071,0.192,0.232,0.174,0.2,0.351,0.312,0.083,0.003,0.019,0,0,0,0,0.002,0,0,0.097,0,0.004,0.161,0.41,0.628,0.504,0.297,0.508,0.698,0.571,0.298,0.645,0.654,0.317,0.021,0.039,0,0,0,0,0,0,0,0,0,0,0.037,0,0.018,0.01,0.245,0.514,0.99,0.745,0.319,0.667,0.926,0.552,0.444,0.754,0.824,0.484,0.025,0.041,0.048,0.016,0,0,0,0.041,0,0.018,0.035,0.062,0,0,0.036,0,0.178,0.46,0.594,0.407,0.188,0.488,0.544,0.328,0.293,0.518,0.53,0.404,0,0.047,0,0,0,0.064,0,0,0.054,0.079,0.044,0.004,0.005,0.132,0,0.011,0.095,0.12,0.228,0.037,0.097,0.232,0.23,0.171,0.091,0.208,0.122,0.081,0.003,0.004,0.062,0.13,0.002,0.039,0,0,0.044,0.051,0.034,0,0,0,0,0.083,0,0.119,0.112,0,0.044,0,0.015,0,0,0.071,0.037,0.119,0.039,0.037,0.022,0,0.05,0,0,0.001,0,0.015,0.031,0.029,0,0.08,0,0.064,0.015,0,0.111,0,0,0,0,0,0.042,0.055,0.089,0,0,0,0,0,0.076,0,0,0.044,0,0,0.002
9,0.015,0.006,0.046,0.099,0.053,0.021,0.386,0.593,0.596,0.312,0.437,0.536,0.511,0.227,0.45,0.615,0.369,0.049,0.024,0,0.067,0.024,0.006,0,0.079,0.049,0,0.031,0.094,0,0.034,0.013,0.023,0.169,0.574,0.785,0.703,0.279,0.566,0.899,0.612,0.332,0.717,1,0.556,0.195,0,0.05,0.012,0,0,0,0,0,0.043,0.106,0,0.054,0.065,0.047,0,0.079,0.386,0.66,0.511,0.196,0.434,0.624,0.573,0.25,0.569,0.722,0.339,0.158,0.048,0.055,0.016,0.005,0,0.065,0.029,0,0,0,0,0.033,0.13,0.319,0.322,0.111,0.149,0.317,0.217,0.035,0.124,0.329,0.158,0.021,0.264,0.305,0.198,0.136,0.305,0.286,0.141,0,0,0,0,0,0.044,0.085,0,0,0.341,0.616,0.629,0.434,0,0.077,0,0,0,0.076,0.008,0,0.032,0.026,0,0.363,0.528,0.655,0.344,0.102,0.051,0,0,0.037,0.034,0.024,0,0.009,0.378,0.833,0.828,0.454,0.148,0.021,0.043,0.054,0.013,0.006,0,0.032,0.014,0,0,0.399,0.796,0.823,0.547,0.191,0,0.025,0.044,0,0,0.053,0.037,0,0.265,0.465,0.563,0.307,0,0,0.015,0,0.008,0,0,0.003,0,0.041,0,0.326,0.554,0.612,0.331,0.011,0.038,0.029,0,0,0.078,0,0.029,0.053,0.229,0.375,0.352,0.281,0,0,0.02,0.028,0.025,0,0.045,0.064,0,0.026,0.012,0.119,0.452,0.425,0.21,0,0,0,0,0.017,0.065,0,0,0.025,0.374,0.702,0.674,0.395,0.003,0,0.06,0,0,0,0.021,0.022,0.013,0,0.023,0.275,0.705,0.626,0.368,0,0.037,0,0,0.11,0,0.007,0,0.019,0.415,0.803,0.737,0.458,0.125,0,0,0.071,0,0.073,0.005,0.009,0.057,0,0.03,0.38,0.727,0.784,0.533,0.143,0.034,0.027,0.002,0.103,0,0.049,0.086,0,0.243,0.439,0.514,0.248,0.008,0.047,0.012,0.023,0,0.111,0.129,0,0.09,0.148,0,0.177,0.411,0.503,0.261,0,0.014,0,0,0,0,0.042,0,0,0.042,0.145,0.081,0,0.232,0.435,0.358,0.137,0.36,0.511,0.391,0.181,0.4,0.523,0.275,0.246,0.412,0.399,0.308,0,0.006,0.04,0.059,0,0.014,0.028,0,0.024,0,0,0.028,0.159,0.494,0.806,0.722,0.382,0.61,0.818,0.575,0.419,0.616,0.807,0.548,0.36,0.716,0.793,0.491,0.057,0.01,0.098,0,0.011,0.071,0.024,0,0.041,0.046,0,0,0.026,0.399,0.728,0.669,0.322,0.575,0.761,0.61,0.278,0.586,0.771,0.474,0.39,0.682,0.843,0.347,0.092,0,0.072,0,0.054,0,0.004,0.045,0.057,0.095,0,0.004,0.19,0.25,0.414,0.345,0,0.242,0.322,0.343,0.14,0.318,0.374,0.152,0.129,0.392,0.395,0.201,0,0.024,0.062,0.044,0.028,0.02,0.012,0,0.079,0,0.082,0.101,0.021,0,0.112,0.054,0.036,0,0,0.015,0,0,0.085,0,0.263,0.439,0.631,0.37,0.01,0.034,0,0.085,0,0,0.016,0.017,0,0,0.035,0.028,0.031,0.046,0,0.018,0.02,0.088,0.02,0,0,0,0,0.158,0.355,0.692,0.831,0.42,0.103,0,0.035,0.002,0,0,0,0,0,0.012,0.079,0,0,0.006,0.044,0,0.026,0,0.055,0,0.092,0,0,0,0.352,0.585,0.7,0.377,0.053,0.018,0.02,0,0.023,0.036,0.077,0,0,0.008,0.021,0,0.068,0.019,0.051,0,0,0,0,0.066,0.02,0.218,0.272,0.206,0.119,0.229,0.311,0.176,0,0.026,0,0,0.056,0.032,0,0.048,0,0,0,0.081,0.041,0,0,0.021,0.036,0.006,0,0.051,0.184,0.596,0.634,0.417,0.112,0.097,0.05,0.013,0,0,0.038,0.033,0,0,0.048,0.006,0.049,0,0,0.031,0.004,0.033,0.08,0.053,0.023,0,0.095,0.041,0.295,0.578,0.923,0.647,0.218,0.03,0.068,0,0,0,0,0,0,0,0.006,0.002,0,0,0,0,0.013,0,0,0.043,0.01,0,0.007,0.079,0.242,0.518,0.56,0.459,0.038,0.08,0.017,0.02,0,0.022,0.029,0,0,0,0,0.058,0.032,0,0,0,0,0.14,0.419,0.311,0.018,0.246,0.401,0.222,0.037,0.196,0.253,0.066,0,0.05,0.029,0.016,0.036,0,0.039,0,0,0,0.06,0,0,0.113,0,0.002,0.145,0.477,0.678,0.611,0.244,0.533,0.7,0.665,0.249,0.058,0.004,0.026,0,0,0,0,0,0,0.012,0,0.066,0.045,0.051,0.015,0,0,0.005,0,0.113,0.486,0.875,0.708,0.402,0.588,0.912,0.742,0.27,0.085,0.072,0,0.013,0.002,0.048,0,0.001,0,0.058,0,0,0,0.023,0.042,0.022,0,0,0,0.053,0.237,0.478,0.375,0.156,0.295,0.586,0.415,0.081,0,0,0.021,0,0.052,0,0,0,0,0,0.013,0,0.033,0,0.028,0.012,0,0,0,0.092,0.045,0.165,0.073,0.007,0.008,0.118,0.056,0,0.016,0,0,0,0.034,0.011,0.027,0.069,0.04,0.05,0.044,0,0,0.034,0.014,0,0,0.041,0.045,0.099,0,0.08,0,0.019,0,0,0.01,0.029,0,0,0,0.046,0,0.014,0,0,0.015,0.028,0.09,0,0,0
0,0,0,0.112,0,0.01,0.094,0.069,0.353,0.654,0.663,0.391,0.444,0.626,0.529,0.143,0.631,0.681,0.403,0.109,0,0.001,0.003,0,0,0,0,0.012,0,0,0.02,0,0,0,0.033,0.076,0.362,0.625,0.824,0.443,0.568,1,0.668,0.314,0.752,0.878,0.562,0.074,0.085,0.026,0.066,0.053,0,0,0,0,0.019,0,0.009,0,0.086,0.075,0.097,0.002,0.302,0.438,0.552,0.316,0.397,0.591,0.508,0.191,0.492,0.537,0.455,0.079,0.094,0.129,0,0,0.036,0,0,0,0,0,0,0,0.008,0.268,0.554,0.372,0.128,0.241,0.197,0.009,0.108,0.084,0.157,0.116,0.142,0.145,0.04,0.366,0.459,0.472,0.143,0,0,0,0,0.058,0,0,0.004,0.148,0.195,0.566,0.898,0.703,0.379,0.028,0,0,0.01,0,0,0,0,0.057,0.087,0.565,0.852,0.799,0.32,0.034,0.05,0.033,0.044,0.017,0,0,0.051,0,0.197,0.595,0.688,0.552,0.211,0,0.096,0,0,0,0,0.035,0.017,0,0.137,0.448,0.768,0.71,0.347,0,0.054,0,0,0.031,0.037,0,0.018,0.049,0.049,0.211,0.432,0.339,0.139,0.114,0,0,0,0.016,0.098,0.125,0.184,0.296,0.179,0.296,0.469,0.424,0.096,0,0.007,0.006,0,0.005,0.02,0,0,0,0.202,0.456,0.726,0.547,0.182,0.101,0,0.041,0,0.024,0,0.256,0.613,0.595,0.339,0.446,0.649,0.57,0.263,0,0.068,0.028,0.146,0,0,0,0,0.045,0.303,0.577,0.884,0.591,0.267,0.005,0.024,0,0.08,0,0,0.463,0.687,0.905,0.586,0.533,0.88,0.718,0.325,0,0.058,0.032,0.146,0.121,0,0,0.021,0,0.163,0.414,0.562,0.438,0.237,0,0.051,0,0.012,0.004,0.198,0.285,0.511,0.679,0.336,0.39,0.483,0.528,0.172,0.002,0.052,0.042,0.039,0.007,0,0.06,0.032,0.113,0,0.315,0.521,0.266,0.086,0.032,0,0.027,0.225,0.487,0.384,0.035,0.165,0.219,0.122,0.427,0.462,0.334,0.242,0,0,0.02,0,0,0.053,0,0.116,0,0.168,0.522,0.835,0.705,0.207,0.053,0,0.187,0.499,0.794,0.666,0.236,0.018,0.008,0.142,0.463,0.848,0.597,0.377,0,0,0,0,0.022,0,0,0,0,0.219,0.5,0.805,0.647,0.302,0.019,0,0.177,0.541,0.822,0.566,0.259,0,0.034,0.247,0.533,0.799,0.645,0.312,0.054,0.007,0,0.044,0.001,0.048,0,0.064,0.073,0.014,0.359,0.395,0.395,0.048,0.201,0.186,0.031,0.258,0.409,0.416,0.166,0,0,0.023,0.281,0.422,0.254,0.138,0,0,0,0,0.023,0.053,0,0.048,0,0.089,0.367,0.542,0.511,0.315,0.513,0.523,0.284,0.041,0.092,0.048,0,0.043,0.047,0.088,0.346,0.548,0.467,0.27,0.056,0,0,0.08,0,0,0.023,0.036,0,0.25,0.6,0.967,0.707,0.422,0.805,0.909,0.463,0.231,0,0.029,0,0.017,0.05,0.14,0.502,0.906,0.713,0.286,0.013,0.004,0,0,0,0,0,0,0.106,0.114,0.453,0.514,0.446,0.287,0.517,0.66,0.39,0.027,0,0.03,0.008,0.018,0.015,0.078,0.419,0.664,0.449,0.204,0.013,0.06,0.024,0.018,0,0.079,0,0.008,0.007,0.067,0.284,0.432,0.264,0.169,0.193,0.31,0.178,0.021,0.043,0,0.032,0,0.028,0.09,0.258,0.425,0.318,0.125,0.026,0,0.028,0,0,0,0,0,0,0.204,0.55,0.904,0.615,0.316,0,0.011,0,0,0,0,0.074,0,0.047,0,0.357,0.813,0.656,0.282,0,0,0,0.014,0.069,0.048,0.081,0.014,0.037,0.194,0.504,0.814,0.599,0.214,0,0,0.034,0.015,0,0,0.011,0.045,0.008,0.128,0.506,0.736,0.606,0.363,0.085,0,0.004,0,0,0,0,0,0,0.046,0.255,0.447,0.351,0.113,0.271,0.256,0.079,0.192,0.272,0.109,0,0.286,0.212,0.061,0.224,0.339,0.341,0.074,0,0.008,0.084,0,0.053,0.032,0,0.024,0,0.047,0.026,0.094,0.051,0.249,0.576,0.586,0.397,0.439,0.586,0.473,0.314,0.61,0.614,0.426,0.087,0.018,0.063,0.081,0.044,0,0.073,0.022,0.115,0.051,0.036,0,0,0,0,0,0,0.301,0.762,0.864,0.485,0.556,0.921,0.654,0.392,0.711,0.941,0.531,0.115,0,0,0.018,0,0.055,0.016,0,0,0.056,0.018,0,0.037,0,0.037,0,0,0.245,0.566,0.636,0.401,0.447,0.639,0.431,0.181,0.543,0.614,0.38,0.077,0.062,0,0.05,0.095,0,0,0,0.071,0,0.031,0.073,0.028,0,0.067,0,0,0.059,0.291,0.306,0.177,0.071,0.291,0.187,0.05,0.257,0.21,0.059,0.06,0.059,0,0,0.006,0,0.044,0,0.022,0,0,0,0,0,0.017,0,0,0.057,0,0.086,0.001,0.016,0.032,0,0,0.068,0,0.011,0.008,0,0,0.048,0.091,0.124,0.101,0.107,0.066,0.116,0.013,0,0,0,0,0,0.049,0,0.09,0,0.013,0,0,0,0.042,0.02,0.035,0,0,0,0.002,0,0,0.01,0,0,0.027,0,0.038,0,0.028,0.028,0,0.061,0.035,0.014,0.038,0,0,0,0,0,0,0.036,0,0.014,0.038,0,0.066,0,0.036,0,0,0,0.009,0
1,0,0.019,0,0,0,0.033,0,0,0.14,0.493,0.622,0.605,0.309,0,0.023,0,0.065,0,0.011,0,0,0,0.025,0,0.098,0,0,0,0.07,0,0.012,0,0,0,0.035,0.019,0.073,0.56,0.928,0.717,0.332,0,0.058,0.074,0.039,0.053,0,0,0,0,0,0,0,0.039,0,0,0,0.01,0.076,0.043,0,0,0.194,0.205,0.074,0.325,0.512,0.503,0.227,0.082,0,0,0.039,0,0,0,0,0.014,0,0.03,0,0,0,0.022,0.008,0,0.005,0.048,0,0.23,0.418,0.592,0.452,0.362,0.532,0.403,0.211,0.064,0,0.03,0.107,0,0,0,0.08,0,0.122,0,0.033,0.004,0,0.048,0,0.002,0,0,0,0.346,0.638,0.924,0.625,0.427,0.896,0.746,0.266,0.088,0.017,0.029,0,0,0,0,0,0,0.105,0,0.001,0.061,0,0.029,0.048,0,0,0,0,0.265,0.591,0.664,0.584,0.475,0.72,0.691,0.324,0,0,0,0,0.069,0,0.002,0,0.065,0,0,0,0,0,0.063,0.062,0,0,0.035,0,0.012,0.311,0.236,0.16,0.198,0.42,0.253,0.121,0,0,0,0,0,0,0.03,0,0.062,0.038,0,0,0,0,0,0.076,0.046,0,0,0.006,0.014,0,0.043,0.164,0.509,0.741,0.649,0.386,0.006,0.03,0,0,0,0.059,0,0,0,0,0,0,0.027,0.027,0,0.01,0.026,0.006,0,0.099,0.016,0,0.008,0.209,0.525,0.704,0.767,0.349,0,0.053,0.091,0.098,0,0.005,0,0,0,0,0,0,0,0,0,0,0,0.046,0,0,0,0,0.042,0,0.234,0.545,0.449,0.273,0,0,0.058,0.063,0,0.013,0,0.087,0,0.075,0.042,0.094,0.085,0,0,0.057,0.022,0.04,0.08,0.053,0,0.082,0.017,0.075,0.372,0.561,0.498,0.192,0.001,0.006,0.103,0,0.061,0,0.008,0,0,0.084,0,0.01,0.023,0.08,0,0,0.015,0,0,0.075,0.035,0.032,0.085,0.093,0.497,0.848,0.791,0.381,0.086,0.016,0.086,0,0.007,0.008,0.094,0.1,0.028,0.037,0,0.044,0,0,0.035,0,0,0,0.039,0,0.017,0,0,0.069,0.321,0.626,0.506,0.214,0.021,0.061,0,0.037,0,0,0,0,0.079,0,0.042,0,0.044,0.055,0.023,0,0,0,0,0.009,0.059,0.06,0.044,0,0.229,0.413,0.415,0.145,0,0,0,0,0.033,0.019,0.046,0,0.064,0,0.023,0.045,0,0,0.027,0,0,0.005,0.02,0.065,0.081,0.004,0.042,0.114,0.446,0.753,0.642,0.301,0,0,0,0,0,0.081,0.017,0.002,0.048,0,0,0,0,0.083,0.06,0,0.02,0,0.023,0,0,0.027,0,0.112,0.495,0.81,0.71,0.44,0,0,0.105,0.043,0,0.022,0.061,0,0,0,0.036,0,0.005,0.03,0,0,0.021,0.003,0.027,0,0.068,0,0.012,0.07,0.322,0.466,0.412,0.15,0.005,0.052,0,0,0,0.027,0.03,0.031,0.021,0.014,0.116,0,0,0.022,0,0,0,0,0.011,0.009,0.083,0,0,0.052,0.44,0.608,0.51,0.302,0.045,0.023,0.001,0.014,0,0,0.004,0,0,0,0.087,0,0,0.016,0,0.035,0,0.001,0.011,0,0,0,0,0.116,0.529,0.866,0.711,0.366,0,0.065,0,0.015,0.033,0,0.083,0,0.036,0.049,0,0,0.085,0.036,0,0.051,0,0,0.013,0.033,0,0.057,0.169,0,0.297,0.565,0.503,0.273,0.009,0.082,0,0,0.051,0,0.033,0.043,0,0,0,0.02,0.021,0,0,0.009,0.031,0.046,0,0,0.026,0.35,0.504,0.302,0.242,0.501,0.38,0.209,0.467,0.469,0.359,0.016,0,0,0,0.064,0,0.131,0.068,0.033,0.031,0.063,0.034,0.048,0.058,0,0,0,0.376,0.669,0.87,0.61,0.43,0.791,0.68,0.419,0.701,0.749,0.536,0.113,0,0.035,0,0.01,0.002,0.068,0.046,0.036,0.03,0.031,0,0.052,0,0,0,0.032,0.253,0.601,0.817,0.51,0.487,0.802,0.698,0.315,0.613,0.751,0.518,0.115,0,0.004,0.019,0.085,0,0,0.002,0.012,0,0,0,0.004,0,0.066,0.017,0,0.07,0.289,0.411,0.244,0.163,0.378,0.421,0.182,0.347,0.39,0.241,0,0.021,0,0,0.005,0,0.024,0,0.052,0,0.006,0,0,0,0.076,0.024,0.103,0.06,0,0,0.075,0,0,0,0,0,0.057,0.015,0.042,0.001,0.014,0.03,0,0,0,0.045,0.04,0,0,0,0,0,0,0,0.07,0,0,0,0.001,0,0,0,0.011,0,0,0.083,0,0,0,0.003,0.076,0,0.021,0,0.09,0,0,0.09,0.071,0,0.01,0,0.032,0.011,0,0,0,0,0.015,0.049,0.032,0,0,0.032,0,0,0.018,0.007,0.041,0.044,0.04,0,0.015,0.002,0,0.025,0.017,0.046,0,0,0,0.007,0,0.068,0,0.092,0.02,0.137,0.01,0,0.004,0,0.045,0,0,0.045,0.012,0.1,0.053,0,0.068,0.002,0.013,0
2,0,0.05,0,0,0,0,0.378,0.721,0.902,0.588,0.373,0.717,0.922,0.505,0.399,0.743,0.852,0.469,0.166,0.095,0,0.041,0,0.062,0,0,0.056,0,0.043,0,0.001,0,0,0.049,0.277,0.528,0.678,0.443,0.25,0.503,0.59,0.414,0.265,0.529,0.506,0.497,0.033,0,0.041,0,0.01,0.003,0,0,0.019,0,0,0.061,0,0.275,0.318,0.286,0.047,0.202,0.245,0.111,0,0.265,0.29,0.174,0,0.293,0.24,0.16,0.14,0.226,0.364,0.102,0.046,0,0,0.069,0.068,0,0.025,0,0.263,0.632,0.721,0.453,0.171,0,0,0.016,0,0.089,0,0.113,0.054,0,0.1,0.025,0.439,0.571,0.61,0.414,0.046,0.079,0,0,0.151,0.028,0,0,0.268,0.622,1,0.604,0.226,0.002,0,0,0,0.036,0,0.054,0,0.012,0.01,0.018,0.38,0.72,0.765,0.471,0.127,0.039,0,0,0,0,0.024,0,0.156,0.364,0.546,0.397,0.087,0.048,0,0,0.086,0,0.085,0.007,0.004,0.044,0.084,0,0.329,0.429,0.549,0.314,0,0.011,0,0.021,0,0,0,0,0,0.073,0.157,0.1,0.066,0,0.029,0,0,0,0.013,0.026,0,0.035,0,0.017,0.164,0.326,0.307,0.176,0,0.033,0,0,0,0.028,0,0.023,0.064,0,0,0,0,0.042,0.019,0,0,0,0.018,0.064,0,0,0,0.063,0.34,0.765,0.724,0.33,0.075,0.037,0,0.09,0,0,0.012,0,0.002,0.008,0,0,0,0.002,0.031,0,0,0,0,0,0,0.009,0.076,0.027,0.432,0.841,0.818,0.444,0.109,0,0.04,0.005,0,0.014,0,0.091,0.043,0,0.003,0,0,0,0.061,0,0,0,0.017,0.024,0,0,0.012,0.005,0.301,0.492,0.488,0.25,0.061,0,0,0.061,0.039,0.007,0.055,0.071,0.057,0.01,0.035,0.127,0.035,0,0.067,0,0,0.015,0.045,0.006,0.06,0.325,0.373,0.293,0,0.162,0.145,0.035,0.052,0,0,0.056,0,0,0,0.064,0.01,0.022,0.002,0,0.06,0,0,0.005,0,0,0.043,0,0.332,0.694,0.742,0.493,0.113,0.146,0,0.111,0.045,0,0,0.005,0,0.058,0,0.079,0.019,0,0.089,0.054,0,0,0.051,0.11,0,0,0,0.058,0.341,0.66,0.775,0.435,0.082,0,0.026,0,0,0.013,0.061,0.02,0,0,0,0,0.036,0.051,0.039,0.02,0,0.009,0,0.011,0.016,0.018,0.056,0,0.188,0.503,0.472,0.239,0,0.006,0.039,0,0.003,0.11,0,0,0,0,0,0,0.013,0,0,0,0,0.011,0.042,0.019,0.262,0.309,0.417,0.33,0.009,0.116,0.103,0.055,0,0.023,0,0.065,0.06,0,0,0,0.054,0,0.054,0.048,0.015,0.039,0.017,0,0.054,0,0,0,0.346,0.719,0.802,0.581,0.143,0,0,0.045,0,0,0.082,0.08,0.001,0,0.054,0.028,0.08,0,0,0,0.011,0.035,0,0.042,0,0.04,0,0.005,0.42,0.646,0.858,0.488,0.171,0,0,0,0,0,0.017,0,0,0,0.011,0.062,0.017,0.017,0,0,0.007,0.036,0,0.022,0.053,0.025,0.059,0,0.161,0.357,0.456,0.29,0,0,0,0.002,0.046,0.063,0,0.016,0.109,0.081,0.07,0,0,0,0,0.068,0.046,0,0,0,0.128,0.359,0.497,0.351,0.037,0.002,0.064,0,0.04,0.037,0.124,0.09,0.078,0.047,0.008,0,0,0.011,0,0,0.023,0,0,0,0,0.033,0.122,0,0.276,0.697,0.824,0.359,0.19,0.013,0,0.012,0.029,0.034,0.084,0.09,0.03,0.008,0,0,0,0.047,0.028,0,0.034,0,0,0,0.04,0.017,0.035,0,0.323,0.624,0.787,0.533,0.223,0,0.062,0,0,0,0,0.001,0,0,0.037,0,0,0,0,0.04,0,0,0.034,0,0.035,0.067,0.136,0.096,0.098,0.307,0.464,0.384,0.009,0.075,0.159,0,0,0.151,0.173,0,0.075,0.069,0.087,0,0,0.018,0,0,0.026,0,0,0,0.06,0.345,0.523,0.386,0.137,0.38,0.51,0.353,0.181,0.466,0.457,0.329,0.3,0.423,0.501,0.31,0.243,0.452,0.398,0.343,0,0.001,0.026,0.053,0,0.022,0,0.045,0.28,0.646,0.784,0.617,0.376,0.661,0.891,0.59,0.313,0.648,0.752,0.472,0.421,0.756,0.788,0.524,0.404,0.683,0.843,0.472,0.023,0.005,0.028,0,0.069,0.049,0,0,0.255,0.591,0.718,0.491,0.353,0.626,0.751,0.596,0.303,0.634,0.762,0.532,0.34,0.601,0.738,0.557,0.445,0.652,0.797,0.375,0.081,0.038,0.048,0,0,0.026,0.01,0,0,0.293,0.403,0.32,0.149,0.36,0.482,0.166,0.128,0.382,0.361,0.216,0.17,0.324,0.306,0.055,0.22,0.329,0.305,0.197,0.083,0,0.048,0.107,0,0,0,0,0,0.06,0.073,0.015,0.032,0,0.092,0,0.065,0,0.004,0,0,0,0.025,0,0.048,0.066,0,0,0,0,0.008,0,0,0.008,0,0.01,0.064,0.032,0,0,0,0.039,0,0.065,0.044,0,0.011,0,0.167,0,0,0,0.004,0,0,0,0.036,0.065,0.006,0,0,0.041
3,0.055,0.034,0,0.026,0.099,0.352,0.347,0.199,0.079,0.366,0.319,0.263,0.357,0.359,0.217,0.239,0.404,0.37,0.206,0.219,0.402,0.303,0.018,0.06,0,0.094,0,0,0.016,0,0,0.051,0.386,0.642,0.749,0.409,0.43,0.59,0.586,0.262,0.676,0.849,0.439,0.435,0.766,0.63,0.371,0.515,0.74,0.462,0.272,0.043,0,0.069,0.064,0,0.086,0,0.113,0.045,0.422,0.77,0.81,0.377,0.595,0.832,0.704,0.381,0.733,0.923,0.638,0.538,0.761,0.717,0.38,0.627,0.849,0.648,0.201,0,0,0,0.073,0,0,0,0,0,0.24,0.503,0.503,0.312,0.302,0.529,0.443,0.147,0.479,0.462,0.405,0.304,0.382,0.511,0.282,0.401,0.539,0.401,0.145,0.016,0,0.023,0.037,0,0,0.021,0,0.059,0,0.085,0.171,0,0.01,0.115,0.06,0.027,0.083,0.183,0.151,0.316,0.493,0.505,0.272,0.133,0.163,0.097,0.037,0,0,0.075,0.025,0,0,0,0.049,0.013,0,0,0,0.12,0,0.05,0,0.057,0,0,0.049,0.453,0.807,0.777,0.402,0,0,0.066,0,0,0.004,0.043,0.008,0,0.022,0.001,0,0.008,0.011,0.049,0,0,0.03,0,0.015,0.02,0.045,0,0.01,0.432,0.724,0.728,0.333,0,0,0.109,0.001,0.013,0.038,0.022,0.023,0,0.07,0.07,0,0.006,0,0.031,0.029,0,0.03,0.031,0.054,0,0.299,0.246,0.105,0.211,0.372,0.383,0.11,0,0.005,0,0.078,0.022,0.029,0,0,0,0.036,0.048,0.014,0,0.076,0.098,0.039,0.001,0,0,0.073,0.204,0.51,0.635,0.43,0.178,0,0.048,0.026,0.02,0,0,0,0,0,0,0.035,0.054,0,0.028,0.04,0.066,0.065,0.035,0.017,0.02,0,0,0,0.381,0.639,0.873,0.548,0.139,0,0.04,0.174,0,0.013,0.001,0,0.017,0,0,0.008,0.022,0,0.072,0,0.025,0,0,0.005,0,0,0.078,0,0.278,0.534,0.53,0.471,0.08,0.025,0,0.048,0,0.024,0.048,0.016,0.087,0.028,0.036,0,0.013,0.012,0,0,0.004,0,0,0.107,0.038,0.057,0,0,0.032,0.218,0.27,0.112,0.285,0.45,0.322,0.214,0,0,0,0.033,0.047,0.042,0,0.026,0,0.009,0,0,0.018,0,0.024,0,0.054,0.031,0.025,0.05,0,0,0.003,0.093,0.461,0.725,0.726,0.441,0.05,0,0,0,0,0,0,0.008,0.033,0,0.053,0.048,0.024,0,0.038,0.01,0.024,0,0.047,0.02,0.01,0,0,0.08,0.434,0.774,0.813,0.397,0.084,0.04,0.052,0.002,0.068,0.065,0.064,0.024,0,0.003,0,0,0,0,0,0,0.038,0,0.026,0.015,0.027,0.02,0,0.033,0.24,0.393,0.469,0.225,0.026,0.268,0.035,0.055,0,0.032,0.025,0.049,0.028,0.092,0.053,0,0.008,0.072,0,0.122,0,0,0.031,0,0.008,0.033,0.051,0.1,0.015,0.119,0.037,0.057,0.413,0.549,0.437,0.115,0,0,0.065,0,0.011,0.017,0.011,0,0,0,0,0,0,0,0,0,0.085,0,0.011,0,0.1,0,0.068,0.245,0.612,0.982,0.709,0.275,0.043,0,0.01,0,0,0,0.067,0.051,0.057,0,0.018,0.096,0,0,0,0.029,0,0.013,0,0,0,0,0.053,0.273,0.509,0.646,0.537,0.125,0.14,0,0.022,0,0,0.05,0,0,0.017,0.033,0.272,0.321,0.2,0.023,0,0,0,0,0.037,0,0,0,0.07,0.096,0.264,0.347,0.211,0,0,0.037,0.02,0.017,0.03,0.024,0.01,0,0.008,0.251,0.657,0.671,0.398,0.114,0,0,0.029,0.06,0,0,0,0.114,0,0.154,0.591,0.749,0.494,0.309,0,0.052,0.013,0,0,0.026,0,0.05,0.029,0.424,0.731,0.824,0.456,0.134,0,0.022,0.016,0,0,0,0,0.07,0.014,0.277,0.724,0.945,0.64,0.276,0.062,0,0.035,0,0,0,0,0,0,0.268,0.42,0.479,0.324,0,0.126,0.093,0.04,0.127,0.072,0,0,0.068,0.001,0.151,0.316,0.595,0.435,0.107,0.004,0.005,0.011,0,0.003,0.01,0.008,0.06,0.031,0.032,0.152,0.189,0,0.363,0.539,0.397,0.209,0.45,0.457,0.342,0.19,0.457,0.411,0.257,0.016,0.188,0.056,0.132,0,0,0,0,0,0,0,0.03,0,0,0,0,0.123,0.524,0.811,0.606,0.311,0.647,0.922,0.493,0.469,0.836,0.653,0.397,0.015,0,0.007,0,0.11,0,0,0,0.022,0.05,0.044,0.004,0.063,0,0,0.089,0.097,0.543,0.805,0.648,0.323,0.586,0.86,0.501,0.506,0.669,0.69,0.406,0.014,0,0.118,0.009,0.03,0,0,0,0,0.043,0.022,0.034,0,0,0.033,0.066,0.032,0.173,0.439,0.269,0.097,0.425,0.386,0.23,0.137,0.375,0.392,0.142,0,0,0.056,0.054,0.03,0,0.011,0,0.01,0.017,0,0,0.009,0.007,0,0,0.036,0.016,0,0.054,0.088,0.018,0,0,0,0,0.024,0,0.038,0.072,0,0,0,0,0,0,0,0.073,0.108,0,0,0.075,0,0.025,0.023,0.055,0.026,0,0.002,0.012,0,0.065,0,0,0.029,0.029,0,0,0.033,0,0,0,0.072,0,0
4,0.054,0,0,0.016,0.018,0,0.122,0,0,0.123,0.096,0.044,0.041,0.002,0.107,0.288,0.465,0.335,0.098,0.034,0.06,0.03,0.01,0.001,0.025,0.028,0.03,0.114,0.059,0,0.023,0.039,0,0.051,0,0.017,0,0.012,0,0,0.013,0.026,0.191,0.501,0.755,0.628,0.257,0.025,0.064,0,0.06,0.029,0.11,0,0.013,0.018,0.049,0.006,0,0,0.116,0,0,0.058,0,0.044,0.058,0,0.093,0.016,0.218,0.505,0.802,0.702,0.273,0,0.076,0.107,0.027,0,0,0,0,0,0,0.025,0.1,0.003,0,0.004,0.016,0.045,0.027,0,0,0,0.134,0.089,0.039,0.297,0.503,0.317,0.098,0,0.055,0.027,0,0.006,0.056,0.031,0.034,0.045,0,0,0.034,0,0.076,0,0.043,0.043,0,0,0,0.274,0.559,0.504,0.286,0.369,0.562,0.484,0.21,0.048,0,0.028,0,0,0,0.004,0,0,0.101,0,0,0,0,0.012,0.057,0.034,0.11,0.069,0.046,0.414,0.823,0.741,0.405,0.548,0.856,0.668,0.304,0,0.077,0,0.041,0,0,0.048,0,0,0,0.013,0,0,0,0.025,0.005,0,0.047,0,0.033,0.371,0.686,0.584,0.309,0.594,0.723,0.53,0.34,0.027,0,0.074,0,0.038,0,0,0.013,0,0.016,0,0,0,0.062,0,0.025,0.015,0.259,0.293,0.259,0.138,0.31,0.24,0.071,0.144,0.331,0.289,0,0.071,0,0,0,0.061,0.063,0,0.027,0.036,0.099,0,0.059,0,0,0,0,0.257,0.509,0.706,0.515,0.198,0.056,0.045,0.158,0.496,0.631,0.527,0.298,0.007,0.019,0.027,0.048,0,0,0.098,0.038,0.033,0.001,0,0.047,0,0.053,0.068,0.022,0.447,0.645,0.967,0.644,0.22,0.012,0.037,0.178,0.501,0.785,0.602,0.309,0.042,0,0,0,0.029,0.043,0,0.046,0,0.043,0.048,0,0.01,0.056,0.135,0.068,0.211,0.456,0.564,0.433,0.173,0.035,0.066,0.096,0.335,0.492,0.435,0.182,0,0,0.013,0.016,0.014,0.067,0.033,0,0.087,0,0,0,0,0.284,0.386,0.399,0.211,0.049,0.265,0.093,0,0,0,0.049,0.31,0.575,0.317,0.108,0,0.017,0.071,0,0.068,0.008,0,0.013,0,0.075,0.041,0.002,0.108,0.429,0.859,0.664,0.389,0,0.046,0,0.027,0,0.009,0.082,0.544,0.892,0.594,0.297,0.01,0,0,0.024,0.085,0,0.004,0.011,0,0,0,0,0.058,0.445,0.75,0.722,0.349,0,0,0,0,0.04,0,0.2,0.485,0.764,0.664,0.328,0,0.105,0.021,0.039,0,0.039,0.035,0.018,0.027,0,0,0.077,0,0.296,0.463,0.328,0.178,0.194,0.254,0.098,0,0.239,0.276,0.035,0.275,0.437,0.419,0.035,0.249,0.244,0.266,0,0.125,0.023,0,0.055,0.002,0,0.103,0.052,0.039,0.405,0.572,0.59,0.335,0.476,0.644,0.345,0.336,0.544,0.565,0.312,0.37,0.675,0.501,0.268,0.459,0.595,0.344,0.115,0.019,0.088,0,0.076,0.009,0.033,0,0.022,0.231,0.576,0.891,0.716,0.38,0.631,0.921,0.589,0.382,0.838,0.857,0.434,0.566,1,0.763,0.325,0.812,0.943,0.594,0.133,0,0,0.006,0,0.007,0.109,0.035,0,0.086,0.424,0.654,0.601,0.333,0.687,0.688,0.522,0.317,0.528,0.675,0.304,0.454,0.569,0.655,0.267,0.497,0.576,0.5,0.069,0.042,0,0,0,0.019,0.064,0.024,0.069,0,0.168,0.228,0.218,0,0.202,0.275,0.212,0.017,0.325,0.28,0.069,0.283,0.37,0.296,0,0.269,0.266,0.216,0,0.056,0.038,0.037,0.026,0,0.012,0,0,0.02,0.061,0.033,0.012,0,0.039,0.017,0.024,0.096,0,0,0.173,0.639,0.745,0.576,0.298,0,0,0,0.065,0.013,0.01,0.045,0.005,0.039,0,0,0.014,0,0,0.08,0.04,0,0.075,0.074,0,0.002,0,0.111,0.219,0.495,0.902,0.551,0.371,0.012,0.037,0.1,0.028,0,0.013,0,0,0.013,0,0,0.065,0,0,0,0.033,0,0,0,0,0.072,0.068,0,0.139,0.355,0.521,0.42,0.2,0.03,0,0,0.039,0,0,0,0,0,0.031,0,0.033,0,0.069,0,0,0,0,0.088,0,0,0.129,0.015,0.028,0.309,0.452,0.413,0.083,0.017,0.004,0,0,0,0,0,0.097,0,0,0,0,0,0,0,0.022,0,0.02,0,0,0,0.004,0.029,0.261,0.484,0.842,0.663,0.382,0.026,0,0.097,0,0.024,0,0,0,0.01,0,0,0.046,0.002,0.059,0.03,0,0.004,0,0.054,0.039,0,0.084,0,0.179,0.459,0.718,0.551,0.314,0,0,0,0,0,0.055,0,0,0,0,0.003,0.06,0.119,0,0,0,0.086,0.051,0,0.03,0,0.038,0,0,0.272,0.355,0.353,0.185,0.077,0,0,0,0,0.022,0,0.055,0.013,0,0.078,0,0,0.004,0,0,0,0,0,0.012,0,0.013,0.046,0.027,0,0,0,0,0,0.036,0.038,0,0,0,0.076,0,0,0,0.073,0,0,0,0.067,0,0.06,0.051,0,0.043,0.021,0,0.036,0,0,0.047,0.02,0,0,0,0,0,0,0,0,0,0
5,0,0,0,0,0,0.312,0.548,0.449,0.22,0.342,0.444,0.276,0.267,0.469,0.431,0.173,0.432,0.379,0.261,0.317,0.567,0.442,0.171,0.015,0.102,0.061,0,0.096,0,0.028,0,0,0.123,0.466,0.746,0.681,0.3,0.675,0.766,0.431,0.592,0.81,0.66,0.381,0.733,0.842,0.528,0.548,0.798,0.586,0.325,0.051,0,0.024,0.105,0,0,0,0,0,0.181,0.392,0.75,0.73,0.293,0.727,0.733,0.488,0.521,0.797,0.646,0.356,0.598,0.779,0.533,0.564,0.88,0.612,0.26,0.032,0,0.084,0.005,0.03,0.001,0.031,0.057,0.019,0.024,0.185,0.37,0.338,0.092,0.325,0.437,0.18,0.331,0.433,0.355,0.16,0.362,0.402,0.216,0.202,0.346,0.279,0.086,0.011,0.037,0,0.016,0,0.03,0.032,0,0,0.095,0.403,0.705,0.679,0.189,0,0.101,0.06,0.039,0.05,0,0.119,0.059,0,0,0.077,0.047,0,0,0.033,0,0,0.009,0,0,0.013,0.113,0,0.209,0.561,0.929,0.719,0.333,0,0.072,0,0.022,0,0.031,0.001,0,0,0,0,0.034,0,0.052,0,0.066,0.013,0,0.008,0,0,0,0.073,0.069,0.46,0.662,0.553,0.31,0,0.111,0.052,0.02,0.059,0.073,0.057,0.073,0.045,0.049,0,0,0,0,0,0.053,0.009,0,0.068,0.043,0.043,0,0,0.037,0.398,0.583,0.424,0.207,0.468,0.566,0.319,0.29,0.521,0.44,0.194,0.407,0.564,0.345,0,0.022,0.072,0,0.034,0.056,0.079,0,0.003,0,0,0,0.021,0.119,0.606,0.86,0.784,0.311,0.73,0.799,0.461,0.517,0.836,0.618,0.356,0.738,0.756,0.415,0.121,0,0.017,0,0,0,0.075,0,0,0.016,0.055,0.033,0,0.112,0.463,0.744,0.629,0.381,0.767,0.816,0.411,0.436,0.76,0.744,0.408,0.648,0.77,0.428,0.069,0.03,0,0,0.05,0,0,0,0,0,0,0,0,0,0.216,0.237,0.33,0.21,0.326,0.358,0.255,0.245,0.402,0.434,0.041,0.306,0.43,0.231,0.105,0.328,0.254,0,0.051,0,0,0,0,0,0,0.048,0,0,0,0.14,0,0.042,0.075,0.049,0.074,0,0.014,0,0.083,0,0,0.143,0.451,0.729,0.52,0.172,0,0,0,0.01,0,0.111,0,0,0.031,0,0,0.073,0.012,0,0,0,0.005,0.024,0,0,0.094,0,0,0.114,0.473,0.971,0.703,0.278,0.019,0.027,0.014,0.002,0.04,0,0.111,0,0,0,0,0,0,0,0.018,0,0,0,0,0.057,0,0.062,0.064,0.153,0.404,0.576,0.486,0.242,0.032,0,0.004,0,0,0.036,0.009,0.032,0,0,0,0.061,0,0.013,0.058,0.02,0.099,0.003,0,0.006,0.015,0.006,0,0.094,0.383,0.506,0.447,0.202,0,0,0,0,0,0.045,0.019,0.002,0.013,0.016,0,0,0.022,0,0.013,0,0.002,0,0,0.008,0,0,0,0.12,0.617,0.863,0.683,0.175,0.033,0.029,0.018,0.022,0,0.011,0,0,0.034,0.018,0,0,0,0.007,0.028,0,0,0,0,0,0.026,0,0,0.183,0.659,0.825,0.529,0.248,0,0.088,0.138,0,0,0.068,0.026,0.042,0.05,0,0.088,0.307,0.202,0,0,0,0.046,0.04,0.115,0,0.03,0,0,0,0.116,0.413,0.245,0.105,0,0,0,0,0,0,0,0,0,0.083,0.439,0.676,0.641,0.274,0,0.066,0,0.063,0.013,0,0.031,0,0,0.176,0.459,0.668,0.621,0.248,0,0.027,0,0.011,0.072,0,0.008,0,0.057,0.13,0.377,0.874,0.717,0.398,0.039,0.087,0.082,0,0,0,0,0,0,0.218,0.552,0.927,0.656,0.299,0.084,0,0,0,0,0,0.03,0,0,0.011,0.471,0.545,0.41,0.276,0.125,0.247,0,0.062,0.194,0.177,0.044,0.129,0.132,0.1,0.383,0.58,0.505,0.27,0.009,0.018,0.003,0,0,0,0,0,0,0.036,0.117,0.169,0.129,0.188,0.342,0.431,0.261,0.421,0.546,0.409,0.232,0.48,0.582,0.281,0.1,0.088,0.127,0.035,0.03,0,0.02,0,0.015,0.016,0.018,0,0.059,0,0.051,0.042,0,0.414,0.715,0.792,0.576,0.587,0.8,0.661,0.376,0.687,0.935,0.573,0.158,0.044,0.081,0,0,0,0,0,0,0.038,0,0,0.056,0.035,0,0.06,0.03,0.4,0.657,0.744,0.446,0.466,0.625,0.564,0.391,0.54,0.765,0.466,0.099,0,0.045,0.035,0,0.009,0.001,0.076,0.048,0,0,0,0,0.063,0.045,0.073,0,0.035,0.269,0.372,0.323,0.218,0.386,0.256,0.093,0.396,0.416,0.088,0,0.028,0,0.022,0.025,0.022,0.016,0.049,0.013,0.031,0,0.005,0.005,0,0.015,0,0,0,0,0,0.045,0.113,0,0.024,0,0,0,0.024,0,0,0.036,0,0,0.097,0,0,0,0,0,0.008,0,0,0.039,0,0.005,0.064,0.041,0,0,0,0.028,0,0.04,0.1,0.105,0,0,0.06,0.02,0.02,0,0.004,0.012,0.056,0.047,0.078,0,0,0.045,0,0.039,0,0,0,0,0.063,0,0.028,0,0.028,0,0.113,0,0.02,0.009,0.037,0,0.034,0,0,0,0,0
6,0.051,0,0,0,0.071,0.064,0,0.039,0.127,0.495,0.932,0.724,0.444,0.561,0.797,0.759,0.395,0,0.021,0.057,0.088,0,0,0,0,0.02,0,0,0,0,0.009,0.008,0,0.002,0.028,0.062,0,0.305,0.607,0.527,0.29,0.416,0.571,0.563,0.216,0.074,0.095,0.006,0.074,0.014,0.095,0.068,0.033,0,0.023,0,0,0.019,0.032,0.008,0,0.164,0.313,0.387,0.107,0.018,0.113,0.207,0,0.111,0.258,0.23,0.106,0.007,0.014,0,0.039,0,0,0,0.015,0.055,0.151,0,0.021,0.044,0.008,0.046,0.055,0.332,0.654,0.646,0.404,0.006,0.037,0.002,0.013,0,0.014,0,0.039,0,0,0,0.007,0.066,0,0.025,0,0,0.075,0.011,0,0,0,0.025,0.106,0.511,0.876,0.8,0.358,0.101,0.018,0.001,0.005,0.018,0.019,0.048,0,0.033,0.016,0,0.055,0,0,0.004,0.039,0.101,0.101,0,0,0,0,0.053,0.024,0.222,0.465,0.504,0.193,0,0.055,0,0,0,0.102,0,0.074,0.019,0.003,0,0,0.096,0.009,0.003,0.004,0.015,0,0,0,0.134,0.347,0.382,0.152,0.026,0.105,0.229,0.045,0.038,0.049,0.036,0.001,0,0.113,0,0,0.011,0.02,0.034,0.032,0.008,0.049,0,0.032,0.044,0,0.051,0.066,0.383,0.684,0.74,0.345,0.067,0.139,0,0.03,0.016,0.018,0.067,0,0,0.085,0,0,0,0,0,0.047,0,0.004,0,0,0,0,0,0,0.392,0.727,0.803,0.478,0.153,0.021,0,0.091,0.053,0,0,0.034,0,0,0.013,0,0,0.085,0,0.007,0.029,0.029,0,0.04,0,0.019,0,0.06,0.201,0.391,0.495,0.296,0.017,0.068,0.054,0.031,0,0.052,0,0.018,0.07,0.086,0.031,0,0.024,0.015,0,0.042,0,0.025,0,0,0,0,0.012,0,0.271,0.478,0.371,0.19,0.151,0.42,0.328,0.235,0.31,0.459,0.355,0.255,0.221,0.325,0.313,0.074,0,0.019,0.021,0,0.032,0,0.002,0.036,0,0.001,0.05,0,0.438,0.761,0.727,0.4,0.416,0.762,0.725,0.375,0.383,0.678,0.694,0.454,0.438,0.785,0.747,0.325,0,0.067,0,0.002,0,0.015,0,0,0,0,0,0,0.443,0.816,0.646,0.447,0.443,0.826,0.719,0.45,0.534,0.727,0.651,0.362,0.408,0.77,0.726,0.296,0.089,0,0,0,0,0.003,0.039,0.052,0,0.039,0,0.038,0.207,0.517,0.428,0.216,0.282,0.458,0.414,0.206,0.227,0.418,0.529,0.273,0.291,0.453,0.352,0.127,0.047,0.128,0,0.003,0,0,0,0,0.063,0.024,0,0,0.241,0.362,0.322,0.208,0.035,0,0.076,0.088,0,0.008,0.09,0.024,0.085,0.041,0.111,0.041,0.235,0.481,0.291,0.079,0,0,0,0,0.052,0,0,0.086,0.41,0.754,0.779,0.387,0.098,0.019,0,0,0,0,0,0.01,0,0.074,0,0.119,0.547,0.836,0.736,0.313,0,0.085,0,0.031,0,0,0,0.058,0.379,0.708,0.739,0.351,0.099,0,0,0.004,0,0,0.028,0.011,0.024,0.023,0.041,0.099,0.486,0.777,0.674,0.288,0.073,0.021,0,0.039,0,0.038,0.011,0,0.18,0.413,0.432,0.232,0,0.045,0,0,0.098,0.009,0.002,0,0.001,0.004,0.019,0.089,0.357,0.364,0.318,0.209,0,0.072,0.055,0.002,0,0.008,0.012,0,0.275,0.463,0.431,0.159,0.032,0,0,0,0.053,0.07,0.017,0,0.009,0,0,0,0.428,0.51,0.495,0.258,0.022,0,0,0,0,0.039,0,0,0.451,0.646,0.777,0.47,0.036,0,0,0,0,0,0.023,0.096,0.088,0,0.081,0.051,0.621,0.838,0.735,0.217,0.038,0.03,0,0.007,0,0.05,0.003,0.051,0.373,0.683,0.716,0.358,0.07,0,0.02,0,0,0.137,0,0.054,0,0,0,0.16,0.486,0.803,0.697,0.286,0,0.053,0.102,0.036,0.011,0,0,0.017,0.086,0.397,0.312,0.118,0,0.135,0.172,0.006,0,0.135,0.165,0.063,0,0.12,0.06,0.002,0.309,0.41,0.198,0.202,0.067,0,0.034,0.078,0,0,0.003,0,0,0,0.016,0.024,0.25,0.505,0.548,0.342,0.423,0.498,0.475,0.194,0.216,0.574,0.462,0.157,0,0.044,0,0,0.019,0.082,0.063,0,0,0.058,0.048,0.02,0,0,0,0.108,0.457,0.857,0.687,0.369,0.457,0.85,0.777,0.347,0.506,0.841,0.719,0.408,0.016,0.054,0,0.022,0.07,0,0,0,0,0,0,0,0.074,0,0,0.07,0.392,0.571,0.719,0.365,0.437,0.71,0.659,0.426,0.395,0.776,0.63,0.346,0,0.001,0.013,0,0.052,0,0,0,0.025,0.014,0,0,0.039,0.019,0,0.002,0.032,0.41,0.379,0.098,0.24,0.348,0.372,0.089,0.255,0.358,0.367,0.119,0,0.03,0,0.035,0,0.067,0,0.099,0.007,0,0,0.022,0,0.025,0.038,0.069,0.028,0.058,0,0,0.003,0,0.059,0,0.032,0,0,0.008,0,0,0,0,0,0.026,0,0,0.001,0,0.019,0,0,0.024,0,0.097,0,0,0.026,0,0,0,0,0,0,0.026,0.012,0.001,0,0.014,0,0,0.041,0.03,0,0,0.055,0.008,0
7,0.054,0,0.026,0.031,0.002,0.058,0.171,0.078,0.003,0.101,0.243,0,0.132,0.095,0.079,0,0.13,0.092,0.054,0.11,0.133,0,0,0,0.074,0,0.006,0,0.077,0,0.079,0,0.095,0.511,0.508,0.342,0.267,0.501,0.483,0.289,0.425,0.475,0.333,0.245,0.509,0.404,0.181,0.478,0.463,0.258,0.008,0.046,0,0.082,0,0,0.023,0,0,0,0.249,0.64,0.871,0.652,0.449,0.87,0.732,0.366,0.716,0.872,0.503,0.532,0.909,0.766,0.366,0.689,0.886,0.529,0.137,0,0.064,0,0.041,0.09,0,0.008,0.061,0.065,0.196,0.543,0.857,0.509,0.449,0.713,0.68,0.436,0.526,0.725,0.442,0.516,0.794,0.526,0.351,0.653,0.731,0.425,0.111,0,0.012,0,0,0.024,0.039,0.028,0,0.034,0.016,0.286,0.349,0.391,0.162,0.229,0.376,0.164,0.4,0.452,0.184,0.258,0.394,0.4,0.066,0.308,0.306,0.165,0.032,0.007,0,0.008,0.094,0.044,0,0,0.065,0.026,0.006,0.067,0,0.031,0,0,0.113,0,0.078,0.058,0,0.045,0,0.003,0.347,0.638,0.75,0.472,0.107,0.016,0,0,0.041,0.035,0.008,0.013,0.02,0,0.09,0.011,0.039,0.024,0,0.116,0,0.09,0,0,0,0,0.041,0.026,0.417,0.661,0.816,0.51,0.181,0.028,0.016,0.072,0.024,0.076,0,0,0,0.049,0.116,0,0,0,0,0,0,0,0.02,0,0,0.035,0.303,0.123,0.231,0.47,0.548,0.328,0,0,0.117,0,0.019,0.057,0,0.061,0.058,0,0,0,0.016,0,0,0.011,0.087,0.064,0,0,0.014,0.476,0.584,0.417,0.272,0.106,0.097,0.039,0,0.072,0,0,0.021,0,0.051,0,0.005,0,0.013,0,0,0.032,0.108,0.027,0,0.047,0.065,0.007,0.154,0.541,0.929,0.62,0.333,0,0,0.039,0.019,0.062,0,0,0.022,0.042,0,0,0,0.074,0,0.067,0,0.012,0.059,0.061,0,0.074,0.046,0,0.103,0.47,0.565,0.567,0.178,0,0.006,0,0,0.063,0,0,0,0.043,0.036,0.075,0.016,0.092,0.029,0,0.055,0.033,0.088,0.045,0,0.121,0.289,0.419,0.289,0.14,0.336,0.138,0.041,0.005,0,0,0,0.01,0,0,0,0.023,0.078,0,0,0,0.001,0,0,0,0,0,0,0.311,0.64,0.778,0.55,0.106,0,0,0,0,0.064,0,0.038,0,0.05,0,0.037,0.005,0.121,0.009,0,0,0,0,0,0.033,0.014,0.006,0.043,0.32,0.667,0.826,0.499,0.113,0.095,0,0.087,0,0.006,0.016,0,0,0,0.016,0,0,0.059,0.04,0,0,0,0,0,0.056,0.046,0.251,0.179,0.217,0.447,0.449,0.301,0.069,0,0,0.1,0.055,0,0.049,0,0,0.027,0,0.061,0.039,0.011,0.097,0.004,0,0,0.003,0,0.019,0.369,0.586,0.574,0.251,0.082,0.169,0.107,0,0.059,0,0,0,0,0.017,0,0,0.053,0,0,0.009,0,0,0.009,0,0,0.027,0,0.147,0.444,0.881,0.757,0.294,0,0,0.041,0,0.031,0.092,0.002,0,0.074,0.038,0,0,0,0,0.093,0.07,0.057,0,0.031,0,0,0.011,0.021,0.081,0.366,0.575,0.444,0.281,0.028,0.054,0.016,0.004,0,0.015,0,0,0.004,0,0,0,0,0,0.142,0,0,0,0,0,0.059,0.024,0.051,0,0.222,0.454,0.487,0.19,0,0,0.008,0,0.007,0.045,0.047,0.035,0.034,0,0.062,0.072,0,0.07,0,0.025,0.046,0,0,0,0,0.069,0.069,0.149,0.42,0.817,0.8,0.292,0.037,0,0.012,0,0.042,0.012,0,0,0,0,0.05,0.094,0,0,0.005,0,0,0,0.029,0.056,0.092,0,0,0.073,0.338,0.744,0.607,0.322,0,0.068,0.045,0,0.054,0,0,0,0,0.047,0,0,0.023,0,0,0,0,0,0.047,0,0,0,0.033,0,0.214,0.431,0.411,0.168,0,0.088,0,0.065,0.079,0.056,0.039,0,0.045,0,0,0.041,0.034,0.077,0,0.063,0,0.076,0.02,0,0,0.001,0.042,0.079,0.33,0.614,0.514,0.425,0,0.087,0,0,0.043,0.114,0,0,0.01,0.07,0,0.065,0,0.078,0,0.041,0.004,0.091,0,0,0.005,0.059,0,0.135,0.502,0.842,0.768,0.504,0.067,0.003,0.028,0,0,0.037,0,0.021,0,0,0.037,0.055,0.021,0,0.091,0,0.026,0,0.032,0.002,0,0,0,0,0.331,0.582,0.462,0.263,0.021,0.018,0,0.089,0,0,0.074,0,0.02,0.026,0,0,0.017,0,0.062,0.026,0,0.034,0.052,0,0.104,0,0.022,0,0.096,0.221,0.236,0.03,0,0.03,0,0,0.085,0,0,0,0.001,0.001,0,0,0,0,0,0,0.006,0,0.047,0.043,0,0.029,0,0.021,0,0.049,0,0,0,0.101,0.075,0,0,0.007,0.016,0,0.019,0,0.027,0,0,0,0.026,0,0,0,0.02,0.086,0,0,0.032,0.034,0,0,0.039,0,0,0,0,0.005,0.046,0.009,0.031,0,0,0.008,0,0.086,0,0,0,0
8,0.009,0.001,0,0.039,0.069,0.452,0.766,0.727,0.504,0.466,0.946,0.65,0.401,0.584,0.913,0.593,0.211,0.062,0,0.033,0,0,0.082,0.087,0,0,0.048,0,0,0,0,0.011,0,0.412,0.747,0.621,0.436,0.552,0.718,0.641,0.273,0.616,0.723,0.624,0.169,0.098,0.041,0,0.017,0.026,0.121,0.02,0,0.017,0,0.017,0,0.041,0.225,0.195,0.182,0.126,0.308,0.332,0.092,0.225,0.36,0.317,0,0.28,0.296,0.29,0,0.267,0.262,0.109,0.002,0,0,0.025,0.053,0,0,0.005,0.051,0.265,0.495,0.622,0.372,0.201,0.044,0.01,0.01,0,0.01,0.039,0,0,0.058,0.023,0.253,0.638,0.636,0.358,0.085,0,0.04,0.023,0.021,0,0,0.029,0.061,0.389,0.666,0.944,0.538,0.122,0.061,0,0,0.024,0,0,0,0.069,0.031,0.159,0.406,0.743,0.981,0.513,0.109,0,0.031,0,0.005,0,0,0.006,0,0.178,0.541,0.598,0.392,0.197,0,0,0,0.005,0.065,0,0,0.089,0,0.058,0.226,0.512,0.658,0.434,0.056,0,0.037,0.006,0.057,0,0,0.053,0,0.105,0.344,0.288,0.244,0.034,0,0,0.008,0.027,0.004,0.024,0,0,0.011,0,0.152,0.296,0.389,0.106,0,0.065,0.004,0.067,0,0,0,0,0.028,0.32,0.556,0.765,0.461,0.017,0.019,0,0,0.026,0.042,0,0.016,0,0.003,0,0.353,0.7,0.825,0.506,0,0.044,0,0.033,0,0,0.034,0.019,0.036,0.258,0.761,0.847,0.587,0.142,0.058,0.024,0,0,0.015,0,0.051,0,0.026,0,0.374,0.69,0.799,0.482,0.176,0.036,0,0.047,0.003,0,0,0.006,0.088,0.163,0.315,0.442,0.375,0.102,0.123,0.078,0.025,0,0.084,0.04,0.144,0,0.187,0.014,0.215,0.49,0.46,0.322,0.075,0,0.01,0.008,0,0,0.014,0.078,0,0.005,0.126,0.153,0.067,0.237,0.446,0.45,0.169,0.273,0.512,0.407,0.204,0.399,0.471,0.295,0.089,0.074,0.177,0.002,0.042,0.012,0.076,0,0.017,0,0,0,0.093,0,0,0,0.012,0.422,0.726,0.808,0.393,0.567,0.885,0.666,0.36,0.577,0.812,0.514,0.324,0,0.069,0,0,0.019,0.035,0.104,0.099,0.045,0,0.028,0,0.057,0.028,0,0.053,0.388,0.727,0.834,0.384,0.493,0.787,0.566,0.3,0.58,0.76,0.585,0.218,0.007,0,0,0,0.003,0.046,0.082,0.119,0.028,0.052,0.039,0.062,0,0.118,0.267,0.058,0.226,0.384,0.349,0.165,0.284,0.429,0.403,0.138,0.263,0.431,0.25,0.11,0.172,0.139,0.102,0,0.038,0,0,0.029,0.064,0,0,0.001,0.175,0.533,0.647,0.428,0.049,0.029,0,0,0,0,0.025,0.032,0,0.084,0.045,0.243,0.477,0.57,0.297,0.016,0.016,0.048,0.025,0,0.05,0.004,0.005,0.037,0.252,0.715,0.972,0.521,0.205,0.021,0,0,0,0.026,0,0.065,0,0,0,0.36,0.764,0.934,0.504,0.13,0,0,0.02,0.006,0.026,0.036,0,0,0.23,0.448,0.647,0.491,0.193,0.017,0.057,0.089,0.031,0.042,0,0.003,0.051,0,0.042,0.162,0.526,0.713,0.424,0.055,0.093,0.087,0,0.045,0.029,0,0,0,0.073,0.244,0.283,0.219,0,0,0.01,0.012,0,0,0.064,0.005,0.021,0.045,0,0.063,0.149,0.26,0.169,0.069,0,0,0,0.097,0.036,0.023,0.058,0.057,0.277,0.512,0.768,0.548,0.077,0,0,0,0,0.061,0,0,0,0.037,0,0.437,0.544,0.755,0.34,0.143,0,0.012,0,0,0,0.038,0,0.085,0.334,0.607,0.899,0.614,0.215,0.019,0.056,0,0.008,0,0.048,0,0,0.049,0,0.42,0.729,0.91,0.368,0.1,0.001,0,0.02,0.115,0,0.035,0,0,0.211,0.407,0.522,0.342,0.124,0.005,0.072,0,0.022,0,0.008,0.02,0,0.127,0,0.282,0.502,0.664,0.299,0.011,0.012,0,0,0,0,0.026,0.05,0.044,0,0.115,0.218,0.114,0.227,0.493,0.448,0.241,0.293,0.423,0.353,0.112,0.33,0.487,0.243,0.053,0.098,0.161,0.057,0.037,0.021,0,0,0,0,0.052,0,0,0,0.023,0,0.01,0.401,0.709,0.696,0.365,0.547,0.756,0.687,0.382,0.627,0.696,0.546,0.198,0,0,0.077,0,0,0,0.021,0,0.049,0,0,0.113,0.024,0.023,0,0,0.511,0.784,0.731,0.421,0.484,0.729,0.628,0.279,0.7,0.888,0.623,0.211,0,0,0.019,0,0.023,0.084,0.042,0,0.059,0.033,0,0.024,0.014,0,0.085,0,0.152,0.373,0.34,0.245,0.259,0.462,0.398,0.197,0.377,0.493,0.328,0,0.051,0.108,0,0.037,0,0,0.029,0,0.014,0,0,0,0,0,0.03,0.005,0.009,0.056,0.011,0.074,0,0.047,0.101,0,0.017,0.05,0,0,0,0,0.014,0,0.071,0,0,0,0.042,0.041,0.009,0,0.08,0,0,0,0,0,0,0,0,0.057,0,0.035,0.031,0.026,0,0.069,0,0.019,0,0,0,0,0,0,0,0.075,0,0.013,0.023,0.025,0,0,0.075,0.025,0,0.107,0,0.009,0,0.045,0.004,0,0,0.037,0,0.046,0.049,0.033,0,0.028,0.066,0,0.014,0,0.02
9,0,0,0.007,0.038,0.055,0,0,0.1,0.482,0.719,0.767,0.333,0.572,0.924,0.599,0.327,0.663,0.867,0.473,0.142,0.017,0,0,0,0,0.049,0,0.025,0.013,0.013,0.083,0.024,0.123,0,0,0.129,0.413,0.816,0.678,0.386,0.495,0.787,0.605,0.346,0.669,0.721,0.47,0.046,0,0.066,0.009,0.077,0.017,0.184,0.016,0,0,0.008,0,0,0,0.206,0.171,0.103,0.284,0.367,0.421,0.241,0.329,0.509,0.262,0.185,0.418,0.393,0.306,0.095,0.288,0.113,0.058,0.04,0,0.015,0.056,0,0,0.003,0,0.096,0.195,0.451,0.58,0.376,0.119,0.006,0,0,0.085,0.074,0,0.086,0.044,0,0.125,0.423,0.568,0.571,0.229,0,0,0.012,0.001,0,0.028,0,0.038,0.041,0.318,0.765,0.913,0.595,0.172,0,0,0,0.071,0.04,0.024,0.009,0.023,0,0.164,0.583,0.922,0.717,0.474,0.036,0.035,0,0,0,0.09,0,0,0,0.262,0.49,0.705,0.402,0.1,0.033,0,0,0,0,0,0.036,0.003,0,0.113,0.423,0.604,0.585,0.28,0.01,0,0,0.122,0,0,0,0.005,0,0,0.374,0.458,0.25,0,0,0.064,0,0.031,0,0,0.006,0,0.01,0,0.23,0.382,0.251,0.132,0.068,0.056,0.041,0.004,0.038,0,0.018,0.072,0.117,0.266,0.719,0.756,0.641,0.197,0,0.014,0.004,0.057,0,0.088,0.003,0.005,0.056,0.228,0.534,0.733,0.615,0.334,0.064,0,0.088,0.013,0,0.006,0.004,0.077,0.021,0.211,0.655,0.897,0.565,0.18,0.034,0.029,0,0,0.018,0,0.022,0.033,0.079,0.279,0.501,0.817,0.748,0.343,0,0,0,0.014,0.001,0.01,0,0.031,0.001,0.132,0.439,0.601,0.265,0,0.18,0.198,0.042,0.043,0.217,0.225,0,0.099,0.234,0.01,0.338,0.502,0.492,0.164,0,0.042,0.021,0.014,0,0,0,0,0,0,0.068,0.152,0.067,0.283,0.584,0.551,0.244,0.384,0.496,0.409,0.281,0.46,0.428,0.29,0.33,0.566,0.49,0.119,0,0,0,0.035,0.079,0,0.015,0.028,0,0,0,0,0.106,0.371,0.827,0.818,0.444,0.644,0.961,0.69,0.398,0.7,0.753,0.55,0.487,0.827,0.717,0.418,0,0.011,0.115,0,0,0,0,0.047,0,0,0.017,0.081,0.061,0.484,0.689,0.729,0.453,0.456,0.683,0.542,0.327,0.629,0.634,0.432,0.435,0.671,0.628,0.322,0,0,0.024,0.018,0,0,0,0.035,0,0.055,0,0.013,0,0.148,0.36,0.345,0.186,0.249,0.319,0.262,0.121,0.283,0.384,0.151,0.215,0.402,0.326,0.19,0,0.063,0.007,0.03,0.002,0.029,0.04,0.046,0,0,0,0,0,0,0,0.039,0,0,0,0,0,0.07,0,0.098,0.347,0.641,0.616,0.248,0,0,0,0.034,0,0,0,0.041,0,0,0.005,0,0.069,0.003,0.034,0,0.054,0.086,0,0,0,0,0,0.246,0.534,0.886,0.675,0.323,0.079,0.058,0,0.087,0.056,0,0,0,0.059,0.01,0.023,0.023,0,0.028,0.062,0,0.013,0,0,0.012,0,0.07,0,0.063,0.375,0.619,0.512,0.246,0.015,0.041,0.017,0,0,0.037,0,0.017,0,0.023,0,0,0.033,0,0,0,0,0.036,0.12,0.025,0.201,0.465,0.331,0.304,0.097,0.217,0.157,0.05,0,0,0.078,0.029,0,0.018,0,0.018,0.059,0,0,0.056,0,0,0.07,0.069,0,0.045,0.022,0.095,0.312,0.71,0.791,0.39,0.084,0,0.029,0,0.108,0.047,0.071,0.074,0.041,0,0.066,0.053,0,0,0.045,0.036,0.041,0.019,0.068,0,0.044,0.019,0.034,0.033,0.378,0.714,0.792,0.498,0.137,0.066,0,0,0.012,0,0,0,0.007,0,0,0,0,0,0.044,0,0,0.079,0.223,0.267,0.054,0.169,0.264,0.137,0.227,0.339,0.467,0.262,0.01,0,0.056,0.019,0.019,0.063,0.054,0,0,0,0.05,0.055,0.01,0.036,0,0.02,0.1,0.357,0.587,0.494,0.303,0.515,0.705,0.511,0.158,0.016,0.056,0.087,0.013,0,0,0,0.055,0.062,0,0,0.043,0.045,0,0.036,0,0,0.009,0,0.067,0.424,0.865,0.758,0.49,0.568,1,0.546,0.124,0.087,0,0.023,0.103,0.092,0.016,0,0,0,0.102,0,0.035,0.007,0.066,0,0,0.051,0,0.039,0.017,0.41,0.486,0.622,0.35,0.449,0.7,0.561,0.222,0.042,0.104,0.022,0,0.052,0,0,0,0.035,0.031,0,0,0.012,0,0,0.015,0,0,0.046,0.055,0.098,0.282,0.333,0.045,0.187,0.238,0.188,0,0,0,0.008,0,0,0,0,0,0.054,0.027,0,0.024,0.003,0,0,0.016,0.03,0,0.057,0.014,0.069,0,0,0,0,0,0.014,0,0.013,0,0.002,0,0,0.027,0,0.023,0,0,0,0.002,0.009,0,0.026,0,0.136,0,0,0.025,0,0.063,0,0,0.007,0,0.05,0.111,0,0.051,0.009,0.061,0,0.018,0.001,0.024,0.106,0.024,0.049,0,0,0.015,0.055,0.046,0.056,0.027,0.006,0.049,0.002,0,0.022,0,0,0.133,0,0.057,0,0,0,0,0,0.045,0,0,0.039,0.073,0,0
