0.50532 -0.03998 0.00317 0.03680
-0.02987 0.33205 -0.02534 -0.00188
-0.61567 0.03203 -0.00163 -0.02953
-0.01507 -0.82101 0.02071 -0.00049
0.55803 -0.08942 0.00581 0.03804
-0.13269 0.89202 -0.03518 -0.00486
-0.22431 0.02320 -0.00469 -0.03713
0.19185 -0.85100 0.03103 0.00725
0.77006 -0.00578 0.00013 0.02094
0.07714 0.87257 -0.03154 0.00264
-0.54842 -0.11722 0.00593 -0.02973
-0.02686 -0.55629 0.03080 -0.00152
0.46087 0.03085 -0.00286 0.03384
0.12616 0.98867 -0.02661 0.00349
-0.56437 -0.13798 0.00511 -0.02003
0.00342 -0.80586 0.02971 0.00021
0.96899 0.10970 -0.00319 0.02892
-0.04983 0.36102 -0.03307 -0.00409
-0.70005 -0.07959 0.00250 -0.02182
0.13587 -0.87634 0.02685 0.00437
0.28987 -0.02655 0.00361 0.03823
-0.00577 0.68194 -0.03524 -0.00022
-0.64853 0.05625 -0.00207 -0.02279
0.04489 -0.58728 0.03185 0.00252
0.53736 0.04306 -0.00253 0.03409
-0.15689 0.87413 -0.03200 -0.00547
-0.76454 0.01302 -0.00018 -0.02278
0.25745 -0.80784 0.03518 0.01143
0.51064 0.01933 -0.00160 0.03009
-0.06894 0.40510 -0.03524 -0.00604
-0.27251 0.03971 -0.00480 -0.02793
-0.01669 -0.18920 0.02543 -0.00135
0.59939 -0.04167 0.00163 0.02349
-0.11666 0.57489 -0.03236 -0.00675
-0.92406 -0.00900 0.00042 -0.03152
0.12360 -0.71921 0.02735 0.00437
0.80322 0.19860 -0.00925 0.03782
0.01111 0.29598 -0.02718 0.00031
-0.18017 -0.03222 0.00609 -0.02805
0.02867 -0.52548 0.02931 0.00143
0.67125 0.16324 -0.00760 0.03193
-0.14963 0.53168 -0.02372 -0.00681
-0.89399 0.09181 -0.00195 -0.02108
0.05710 -0.54881 0.03075 0.00349
0.77322 0.12059 -0.00610 0.03929
-0.00287 0.98452 -0.03587 -0.00016
-0.64600 -0.18405 0.01023 -0.03528
0.12430 -0.87471 0.03828 0.00521
0.88793 0.10353 -0.00421 0.03947
-0.13351 0.96261 -0.02606 -0.00372
-0.78061 -0.03986 0.00158 -0.03267
0.31792 -0.86956 0.02453 0.00904
0.86739 0.07375 -0.00241 0.02636
-0.17429 0.63454 -0.03786 -0.01087
-0.45218 -0.05514 0.00206 -0.01995
0.15168 -0.66576 0.02745 0.00585
0.87671 0.24657 -0.00994 0.03633
-0.11068 0.61944 -0.02970 -0.00506
-0.56104 -0.13232 0.00687 -0.02802
0.25885 -0.78411 0.02302 0.00780
0.95475 0.21102 -0.00547 0.02504
-0.26946 0.83902 -0.02888 -0.00941
-0.68992 -0.28715 0.01358 -0.03217
0.14372 -0.55914 0.03482 0.00858
0.86526 0.15021 -0.00500 0.02936
0.00283 0.66112 -0.02514 -0.00013
-0.75084 -0.22616 0.00785 -0.02667
0.13683 -0.88762 0.03145 0.00455
0.63033 0.07449 -0.00366 0.02997
-0.01621 0.07430 -0.02010 -0.00200
-0.63641 -0.04602 0.00278 -0.03982
0.06135 -0.64545 0.02732 0.00248
0.15166 0.01678 -0.00234 0.02225
-0.07144 0.71832 -0.02092 -0.00194
-0.22775 -0.06044 0.00984 -0.03567
0.11877 -0.86448 0.03364 0.00479
0.47881 0.22554 -0.01441 0.03005
-0.22830 0.85158 -0.02201 -0.00587
-0.82362 -0.28506 0.00968 -0.02816
0.14532 -0.84622 0.03859 0.00656
0.76054 0.17655 -0.00883 0.03783
-0.24997 0.78082 -0.03043 -0.00936
-0.71978 -0.05810 0.00196 -0.02681
0.29780 -0.67167 0.03607 0.01525
0.29658 0.07792 -0.00581 0.02132
-0.14255 0.45740 -0.03647 -0.01162
-0.56186 -0.04407 0.00270 -0.02895
0.09690 -0.45121 0.02169 0.00413
0.72832 0.26118 -0.01107 0.03150
-0.27303 0.60717 -0.03627 -0.01641
-0.79696 -0.21598 0.00660 -0.02372
0.27915 -0.61086 0.02011 0.00934
0.29283 0.15966 -0.01448 0.02770
-0.42814 0.89793 -0.03345 -0.01555
-0.71892 -0.32862 0.01079 -0.02366
0.39009 -0.67613 0.02252 0.01252
0.73155 0.18023 -0.00573 0.02408
-0.35703 0.81587 -0.03569 -0.01587
-0.66430 -0.29427 0.01117 -0.02552
0.12449 -0.44654 0.02705 0.00788
0.86221 0.23689 -0.00963 0.03572
-0.20090 0.44808 -0.02066 -0.00913
-0.84035 -0.32753 0.00976 -0.02423
0.27651 -0.64682 0.02022 0.00854
0.16615 0.08398 -0.01210 0.02743
-0.15805 0.44257 -0.03685 -0.01373
-0.77280 -0.11200 0.00571 -0.03807
0.33099 -0.78286 0.03352 0.01422
0.53901 0.30368 -0.01475 0.02687
-0.10703 0.56252 -0.03629 -0.00637
-0.91003 -0.12560 0.00364 -0.02585
0.10362 -0.38061 0.02746 0.00700
0.92916 0.22648 -0.00871 0.03717
-0.17578 0.57336 -0.02837 -0.00901
-0.76499 -0.27838 0.01247 -0.03423
0.14534 -0.27280 0.02134 0.01093
0.95380 0.29599 -0.00944 0.03111
-0.03310 0.19397 -0.02209 -0.00382
-0.21784 -0.10238 0.01225 -0.02460
0.35811 -0.62871 0.02824 0.01573
0.88295 0.30385 -0.00785 0.02292
-0.19367 0.48277 -0.02097 -0.00860
-0.89424 -0.33886 0.01180 -0.03110
0.38488 -0.67923 0.02564 0.01468
0.60608 0.37486 -0.01361 0.02160
-0.27217 0.57034 -0.02448 -0.01155
-0.63416 -0.21086 0.00948 -0.02889
0.14814 -0.33765 0.03202 0.01357
0.85943 0.37016 -0.00897 0.02073
-0.13396 0.35942 -0.03496 -0.01279
-0.66487 -0.44013 0.01430 -0.02186
0.37083 -0.65102 0.03240 0.01806
0.67338 0.36227 -0.01390 0.02555
-0.18042 0.69668 -0.02658 -0.00648
-0.54452 -0.14547 0.00695 -0.02648
0.10828 -0.22400 0.03095 0.01347
0.71769 0.20718 -0.00587 0.02018
-0.33674 0.50412 -0.01936 -0.01290
-0.56467 -0.28801 0.01400 -0.02804
0.24884 -0.47457 0.03534 0.01811
0.51183 0.31590 -0.01732 0.02778
-0.30186 0.79906 -0.03038 -0.01108
-0.64480 -0.31402 0.01630 -0.03325
0.45226 -0.81998 0.02473 0.01376
0.73327 0.29322 -0.01225 0.03203
-0.19332 0.54196 -0.02369 -0.00804
-0.71826 -0.50907 0.02214 -0.03121
0.03320 -0.08257 0.02141 0.00921
0.78040 0.46850 -0.01523 0.02581
-0.35686 0.47402 -0.02188 -0.01639
-0.22594 -0.07645 0.01220 -0.03583
0.48279 -0.55657 0.01667 0.01457
0.61935 0.20862 -0.01236 0.03598
-0.36980 0.62240 -0.02134 -0.01273
-0.62401 -0.37144 0.01162 -0.01982
0.61404 -0.74111 0.02354 0.01920
0.41043 0.30032 -0.01843 0.02608
-0.50776 0.65921 -0.02952 -0.02345
-0.61229 -0.21128 0.00710 -0.02075
0.19247 -0.55332 0.02605 0.00871
0.43178 0.28482 -0.01213 0.01884
-0.22988 0.56565 -0.02500 -0.01028
-0.41178 -0.22577 0.01082 -0.01918
0.50386 -0.86149 0.02058 0.01185
0.69126 0.34599 -0.00938 0.01903
-0.37244 0.92698 -0.03032 -0.01186
-0.16524 -0.12187 0.01629 -0.02368
0.37335 -0.86136 0.02641 0.01119
0.84243 0.38857 -0.01084 0.02345
-0.21312 0.39102 -0.01889 -0.01022
-0.67662 -0.25248 0.00937 -0.02448
0.42758 -0.85134 0.02712 0.01358
0.86867 0.44007 -0.01175 0.02272
-0.43331 0.50969 -0.02187 -0.01834
-0.63649 -0.55707 0.02573 -0.02913
0.55096 -0.83125 0.02169 0.01457
0.77240 0.49946 -0.01570 0.02419
-0.18573 0.27298 -0.02266 -0.01555
-0.63459 -0.56906 0.02279 -0.02569
0.11808 -0.25633 0.02247 0.01062
0.21438 0.15303 -0.01923 0.02521
-0.51255 0.76122 -0.02807 -0.01840
-0.32613 -0.25037 0.01691 -0.02198
0.43348 -0.69885 0.03361 0.02147
0.35641 0.17816 -0.01245 0.02477
-0.08052 0.21469 -0.03535 -0.01253
-0.44737 -0.23023 0.01214 -0.02404
0.45942 -0.58093 0.02665 0.02054
0.69464 0.42682 -0.02062 0.03305
-0.52822 0.80801 -0.02542 -0.01696
-0.43144 -0.20876 0.01681 -0.03563
0.58258 -0.78318 0.02685 0.01995
0.48124 0.44789 -0.01899 0.02102
-0.42736 0.69045 -0.01778 -0.01096
-0.77539 -0.50137 0.01110 -0.01664
0.45104 -0.84224 0.03398 0.01783
0.74970 0.63133 -0.02136 0.02531
-0.08330 0.12389 -0.01739 -0.01214
-0.60539 -0.38701 0.01090 -0.01710
0.67261 -0.74595 0.02779 0.02528
0.64475 0.35308 -0.01937 0.03480
-0.24646 0.38037 -0.02331 -0.01481
-0.41755 -0.41439 0.02733 -0.02754
0.29640 -0.47053 0.03347 0.02143
0.25937 0.16532 -0.01113 0.01682
-0.15887 0.17788 -0.02238 -0.01959
-0.70197 -0.55650 0.02042 -0.02581
0.46239 -0.83049 0.02970 0.01636
0.81006 0.51394 -0.01506 0.02410
-0.51394 0.50480 -0.02242 -0.02294
-0.67609 -0.54679 0.01968 -0.02470
0.34949 -0.39983 0.01594 0.01420
0.62282 0.28967 -0.01695 0.03620
-0.36184 0.62292 -0.02303 -0.01339
-0.52335 -0.41423 0.01832 -0.02335
0.50089 -0.59767 0.02997 0.02476
0.36430 0.29599 -0.01981 0.02400
-0.66824 0.70394 -0.02673 -0.02528
-0.20158 -0.18862 0.01607 -0.01690
0.55378 -0.65041 0.02562 0.02132
0.38909 0.43523 -0.01496 0.01343
-0.39338 0.52847 -0.02602 -0.01932
-0.62148 -0.56210 0.01773 -0.01982
0.55623 -0.81967 0.02270 0.01518
0.44901 0.37232 -0.01867 0.02281
-0.48350 0.47828 -0.02550 -0.02569
-0.40556 -0.45310 0.02191 -0.01973
0.64990 -0.72505 0.02671 0.02437
0.30490 0.21699 -0.01786 0.02356
-0.22062 0.31046 -0.01718 -0.01265
-0.47534 -0.47155 0.02657 -0.02579
0.59313 -0.60703 0.02585 0.02541
0.49734 0.31129 -0.01221 0.01991
-0.26789 0.25419 -0.01413 -0.01463
-0.48631 -0.49399 0.02135 -0.02077
0.43169 -0.50254 0.01829 0.01618
0.86223 0.46737 -0.01567 0.02848
-0.59698 0.37462 -0.01367 -0.02117
-0.36402 -0.39186 0.01854 -0.01747
0.21395 -0.31888 0.02361 0.01638
0.48221 0.52356 -0.01842 0.01639
-0.59211 0.50051 -0.02498 -0.02955
-0.32183 -0.43783 0.01756 -0.01312
0.72009 -0.55866 0.01867 0.02411
0.16136 0.12071 -0.01261 0.01805
-0.58086 0.46277 -0.02268 -0.02933
-0.40309 -0.30394 0.01296 -0.01685
0.36327 -0.35551 0.02657 0.02641
0.59514 0.80833 -0.02494 0.01861
-0.45044 0.68970 -0.02002 -0.01299
-0.32806 -0.39296 0.02749 -0.02218
0.18994 -0.20208 0.02043 0.01967
0.19733 0.14476 -0.02093 0.02664
-0.65335 0.45197 -0.02015 -0.02867
-0.23757 -0.19024 0.02025 -0.02523
0.55289 -0.60305 0.02107 0.01937
0.29868 0.43412 -0.03286 0.02275
-0.46844 0.44630 -0.02417 -0.02580
-0.54084 -0.72526 0.01993 -0.01494
0.71009 -0.66206 0.02549 0.02728
0.48257 0.68405 -0.01653 0.01174
-0.38973 0.24222 -0.01370 -0.02205
-0.49351 -0.72735 0.03250 -0.02169
0.48506 -0.59925 0.01985 0.01613
0.32179 0.47154 -0.01777 0.01260
-0.80227 0.56439 -0.01336 -0.01909
-0.66733 -0.62436 0.01687 -0.01825
0.54090 -0.40966 0.01567 0.02051
0.15306 0.20333 -0.01860 0.01450
-0.56538 0.75460 -0.02350 -0.01733
-0.46965 -0.83598 0.02440 -0.01346
0.63138 -0.44342 0.01913 0.02651
0.34285 0.53004 -0.02866 0.01864
-0.53068 0.62629 -0.02472 -0.02070
-0.68191 -0.71683 0.01621 -0.01531
0.47529 -0.35820 0.02118 0.02787
0.21245 0.17774 -0.01921 0.02315
-0.41306 0.48685 -0.01542 -0.01336
-0.33139 -0.26891 0.01578 -0.01943
0.74226 -0.44120 0.02004 0.03344
0.25799 0.44629 -0.03060 0.01815
-0.64222 0.57084 -0.01627 -0.01881
-0.35097 -0.43084 0.02406 -0.01974
0.53259 -0.36091 0.01296 0.01868
0.68062 0.67568 -0.01674 0.01687
-0.46090 0.37372 -0.02231 -0.02727
-0.49073 -0.70498 0.02501 -0.01739
0.56183 -0.34919 0.01156 0.01870
0.39204 0.72042 -0.03419 0.01861
-0.55047 0.42268 -0.01564 -0.02048
-0.33452 -0.64198 0.02263 -0.01221
0.27438 -0.24175 0.01792 0.02036
0.41090 0.62992 -0.01673 0.01098
-0.38389 0.39461 -0.02381 -0.02302
-0.61903 -0.60119 0.02213 -0.02236
0.39952 -0.44801 0.02352 0.02078
0.62864 0.62491 -0.01815 0.01790
-0.77313 0.59841 -0.01550 -0.01980
-0.33312 -0.63712 0.03083 -0.01588
0.72778 -0.56125 0.01849 0.02412
0.12633 0.21058 -0.03415 0.01965
-0.70272 0.44011 -0.01099 -0.01792
-0.54569 -0.67244 0.02842 -0.02275
0.48380 -0.37173 0.01997 0.02610
0.59459 0.62090 -0.02808 0.02650
-0.43071 0.29190 -0.01273 -0.01870
-0.41993 -0.78517 0.03053 -0.01635
0.58661 -0.41544 0.01294 0.01854
0.11235 0.22993 -0.01956 0.00874
-0.77955 0.44907 -0.01868 -0.03211
-0.14006 -0.23089 0.02463 -0.01442
0.65968 -0.31738 0.01423 0.02842
0.51956 0.76000 -0.03071 0.02130
-0.20895 0.11907 -0.01510 -0.02704
-0.68301 -0.69649 0.01700 -0.01680
0.72345 -0.47945 0.01410 0.02111
0.31432 0.45240 -0.03124 0.02209
-0.55748 0.53534 -0.02395 -0.02519
-0.21093 -0.54243 0.03706 -0.01436
0.13476 -0.10010 0.02261 0.02927
0.26036 0.45241 -0.02676 0.01457
-0.75001 0.48683 -0.02155 -0.03350
-0.63495 -0.77351 0.02826 -0.02282
0.71549 -0.52261 0.02114 0.02878
0.36726 0.86444 -0.02627 0.01108
-0.73096 0.44866 -0.01340 -0.02209
-0.62298 -0.66110 0.01765 -0.01663
0.19086 -0.12670 0.01336 0.02055
0.37016 0.41445 -0.02234 0.01981
-0.65740 0.43721 -0.02168 -0.03305
-0.40124 -0.84958 0.03171 -0.01471
0.40644 -0.33582 0.01904 0.02269
0.44935 0.84243 -0.02719 0.01480
-0.62690 0.31002 -0.01114 -0.02231
-0.06914 -0.24648 0.03099 -0.00940
0.72840 -0.48579 0.01162 0.01791
0.62037 0.69615 -0.01833 0.01634
-0.42154 0.17043 -0.00895 -0.02306
-0.36446 -0.89520 0.02403 -0.00958
0.53729 -0.20104 0.00880 0.02447
0.46896 0.74087 -0.03238 0.02042
-0.76133 0.31473 -0.01260 -0.03033
-0.46767 -0.87413 0.02151 -0.01144
0.43377 -0.29048 0.01612 0.02434
0.39267 0.89057 -0.03151 0.01377
-0.81098 0.28215 -0.01291 -0.03606
-0.32342 -0.37984 0.02418 -0.02072
0.64330 -0.29080 0.01258 0.02758
0.23891 0.79743 -0.02959 0.00880
-0.73669 0.35353 -0.00881 -0.01838
-0.41225 -0.74988 0.02098 -0.01166
0.51796 -0.41618 0.01757 0.02209
0.13580 0.23116 -0.02056 0.01184
-0.83031 0.42813 -0.01601 -0.03108
-0.15815 -0.31099 0.02341 -0.01169
0.67253 -0.35550 0.01808 0.03381
0.05148 0.08188 -0.02523 0.01719
-0.30314 0.18359 -0.01580 -0.02799
-0.32812 -0.80476 0.03008 -0.01229
0.89407 -0.44026 0.00919 0.01866
0.16596 0.77728 -0.03453 0.00703
-0.77939 0.25020 -0.00761 -0.02392
-0.25948 -0.74009 0.02481 -0.00893
0.73037 -0.35935 0.01768 0.03585
0.22421 0.88596 -0.03322 0.00830
-0.38369 0.21443 -0.01496 -0.02626
-0.34153 -0.52181 0.01829 -0.01244
0.65256 -0.18658 0.01014 0.03374
0.15369 0.62635 -0.02303 0.00537
-0.65213 0.32555 -0.01710 -0.03448
-0.17261 -0.86851 0.02747 -0.00513
0.24181 -0.07890 0.00673 0.02191
0.15331 0.48694 -0.02677 0.00783
-0.46177 0.27850 -0.01932 -0.03274
-0.18846 -0.58934 0.02864 -0.00911
0.83864 -0.33428 0.01093 0.02747
0.43107 0.90442 -0.02655 0.01282
-0.31670 0.19373 -0.01443 -0.02403
-0.35755 -0.49190 0.03089 -0.02237
0.38938 -0.08801 0.00903 0.03532
0.23314 0.95416 -0.01950 0.00481
-0.19923 0.08752 -0.00976 -0.02182
-0.15021 -0.38677 0.02989 -0.01157
0.87982 -0.23826 0.00914 0.03408
0.19806 0.52119 -0.03066 0.01169
-0.55418 0.14376 -0.00814 -0.03255
-0.42211 -0.85320 0.02644 -0.01352
0.59188 -0.24279 0.01323 0.03264
0.37496 0.71042 -0.03175 0.01654
-0.53891 0.10035 -0.00478 -0.02460
-0.13654 -0.64478 0.03553 -0.00722
0.83679 -0.24780 0.00585 0.02025
0.23666 0.86786 -0.02610 0.00697
-0.30383 0.02160 -0.00221 -0.02542
-0.26808 -0.66125 0.03212 -0.01283
0.51803 -0.17191 0.00730 0.02171
0.24345 0.44397 -0.02683 0.01396
-0.96634 0.13094 -0.00416 -0.03089
-0.19317 -0.66328 0.03543 -0.01041
0.46478 -0.20278 0.01462 0.03357
0.18351 0.43489 -0.03003 0.01245
-0.72240 0.25920 -0.00951 -0.02715
-0.12123 -0.29348 0.03484 -0.01462
0.45369 -0.18921 0.01366 0.03337
0.29169 0.78993 -0.02116 0.00769
-0.23026 0.03477 -0.00489 -0.02776
-0.28216 -0.79871 0.02658 -0.00929
0.62055 -0.24411 0.01321 0.03374
0.08778 0.81581 -0.03038 0.00299
-0.91371 0.11930 -0.00330 -0.02609
-0.40626 -0.81215 0.02768 -0.01387
0.73228 -0.19027 0.00671 0.02697
0.04767 0.47209 -0.02930 0.00234
-0.73424 0.04780 -0.00146 -0.02204
-0.40522 -0.89457 0.03414 -0.01596
0.87531 -0.11777 0.00308 0.02255
0.02584 0.68423 -0.03681 0.00163
-0.24783 0.11081 -0.00875 -0.02128
-0.12040 -0.81920 0.02608 -0.00368
0.59575 -0.12343 0.00645 0.03089
0.32296 0.70892 -0.03553 0.01629
-0.57987 0.06284 -0.00243 -0.02249
-0.02031 -0.36730 0.02058 -0.00097
0.26448 -0.02710 0.00423 0.03092
0.10306 0.43442 -0.03463 0.00802
-0.35970 0.05879 -0.00431 -0.02911
-0.07078 -0.86539 0.03021 -0.00250
0.71690 -0.12072 0.00411 0.02454
0.32636 0.88317 -0.02350 0.00847
-0.41267 0.15612 -0.00918 -0.02543
-0.22873 -0.61299 0.03112 -0.01127
0.50076 -0.09439 0.00572 0.03206
0.17831 0.59734 -0.03155 0.00880
-0.91341 0.07955 -0.00207 -0.02541
-0.07739 -0.86768 0.03719 -0.00309
0.76878 -0.13342 0.00560 0.03266
0.24675 0.80668 -0.03763 0.01166
-0.76105 0.32417 -0.00931 -0.02200
-0.31905 -0.87911 0.02470 -0.00889
0.66829 -0.13480 0.00744 0.03678
0.16159 0.92655 -0.02999 0.00497
-0.86281 0.26323 -0.00677 -0.02330
-0.12052 -0.64009 0.02315 -0.00410
0.82618 -0.30273 0.01102 0.03139
0.06224 0.86318 -0.02723 0.00195
-0.38168 0.13080 -0.01090 -0.03506
-0.00826 -0.91024 0.03973 -0.00050
0.92938 -0.25685 0.00557 0.01944
0.03173 0.52537 -0.03992 0.00169
-0.54595 0.19136 -0.01117 -0.03394
-0.01357 -0.05922 0.01957 -0.00616
0.90627 -0.17413 0.00679 0.03694
0.07176 0.22390 -0.01924 0.00588
-0.74423 -0.02727 0.00095 -0.02783
-0.06155 -0.54944 0.03532 -0.00431
0.97638 -0.03734 0.00089 0.02200
0.13044 0.50094 -0.03513 0.00882
-0.53643 0.02047 -0.00115 -0.03047
-0.03637 -0.82224 0.02920 -0.00098
0.27795 -0.07159 0.00928 0.03620
0.06395 0.83042 -0.02933 0.00251
-0.68718 0.20644 -0.00613 -0.02125
-0.20809 -0.64431 0.03043 -0.00976
0.89414 0.05095 -0.00200 0.03514
-0.02275 0.56270 -0.03098 -0.00123
-0.44564 0.05161 -0.00246 -0.02343
-0.19322 -0.95662 0.03279 -0.00682
0.38647 -0.06735 0.00445 0.02651
0.02630 0.99000 -0.02076 0.00050
-0.40742 0.14479 -0.00994 -0.02899
-0.10875 -0.97194 0.03662 -0.00442
0.74928 -0.17429 0.00612 0.02609
0.17429 0.86322 -0.02644 0.00527
-0.34917 -0.02518 0.00362 -0.03791
0.00569 -0.33552 0.03394 0.00055
0.41471 0.03674 -0.00243 0.02677
0.04370 0.36439 -0.02712 0.00315
-0.42028 0.10108 -0.00756 -0.03372
-0.01399 -0.80217 0.02197 -0.00062
0.56871 -0.09757 0.00369 0.02198
0.14751 0.80617 -0.03076 0.00556
-0.69845 -0.12805 0.00523 -0.02864
-0.15921 -0.82449 0.02128 -0.00406
0.73594 0.00289 0.00022 0.02846
-0.11352 0.63037 -0.02329 -0.00407
-0.75790 0.04630 -0.00204 -0.02869
-0.01624 -0.81897 0.03625 -0.00032
0.87301 0.07383 -0.00256 0.02923
0.01641 0.91455 -0.02939 0.00040
-0.53132 0.04803 -0.00260 -0.02723
-0.03207 -0.97469 0.03197 -0.00111
0.92924 -0.15388 0.00607 0.03633
-0.06131 0.92911 -0.03953 -0.00237
-0.92129 -0.11732 0.00302 -0.02550
0.01039 -0.31772 0.03980 0.00054
0.72172 -0.02203 0.00074 0.02158
-0.06565 0.74563 -0.03875 -0.00328
-0.81344 -0.02677 0.00094 -0.02285
0.04169 -0.38213 0.03801 0.00416
0.38250 -0.00103 0.00096 0.03498
-0.03850 0.76344 -0.03386 -0.00144
-0.81088 0.16700 -0.00745 -0.03827
-0.01439 -0.58920 0.03759 -0.00118
0.83196 0.06735 -0.00153 0.02233
-0.10414 0.88676 -0.02291 -0.00288
-0.29299 0.02789 -0.00242 -0.02880
-0.01363 -0.40616 0.02547 -0.00039
0.48954 0.09540 -0.00553 0.02700
0.08319 0.44165 -0.02749 0.00467
-0.33826 -0.07577 0.00553 -0.02684
0.00726 -0.75828 0.03325 0.00041
0.34963 -0.01628 0.00157 0.02848
-0.09999 0.96970 -0.02477 -0.00235
-0.54171 -0.10972 0.00484 -0.02511
-0.05226 -0.91014 0.02420 -0.00132
0.50220 -0.06337 0.00268 0.02432
0.01300 0.54249 -0.03942 0.00029
-0.49519 -0.04126 0.00371 -0.03823
-0.03660 -0.45074 0.02258 -0.00217
0.18475 0.01576 -0.00384 0.03380
-0.11296 0.97707 -0.02032 -0.00221
-0.37196 -0.10061 0.00592 -0.02291
0.15942 -0.62985 0.02360 0.00584
0.45143 0.04437 -0.00251 0.02461
-0.16689 0.91246 -0.03582 -0.00695
-0.57804 -0.08001 0.00397 -0.03175
0.02072 -0.40803 0.02791 0.00154
0.51564 0.09989 -0.00680 0.03314
0.00482 0.98515 -0.03302 0.00045
-0.69853 -0.11135 0.00431 -0.02800
0.27802 -0.94977 0.02732 0.00807
0.31842 0.08583 -0.00470 0.01964
-0.23360 0.83635 -0.02992 -0.00810
-0.84666 -0.08562 0.00253 -0.02431
-0.02299 -0.76996 0.03099 -0.00088
0.97912 0.17381 -0.00462 0.02724
-0.06666 0.80816 -0.02656 -0.00220
-0.59848 -0.14996 0.00584 -0.02211
0.05155 -0.21839 0.02580 0.00488
0.90966 0.12738 -0.00556 0.03890
-0.00337 0.18932 -0.03256 -0.00002
-0.86139 0.03382 -0.00162 -0.03198
0.01681 -0.18269 0.02733 0.00124
0.86599 0.25711 -0.00695 0.02249
0.03444 0.78276 -0.03989 0.00188
-0.78313 -0.16155 0.00630 -0.03189
-0.05674 -0.82500 0.02759 -0.00178
0.37113 0.00020 0.00056 0.03079
-0.10079 0.76209 -0.02201 -0.00278
-0.75384 0.05954 -0.00302 -0.03467
0.03750 -0.30045 0.03976 0.00357
0.67622 0.17588 -0.00571 0.02115
-0.26844 0.95470 -0.03819 -0.01100
-0.25268 -0.08613 0.00861 -0.02673
0.03004 -0.43952 0.03680 0.00226
0.62532 0.11207 -0.00477 0.02713
-0.10280 0.61962 -0.02571 -0.00432
-0.60768 -0.05000 0.00197 -0.02026
0.14815 -0.80606 0.03211 0.00626
0.33353 0.12546 -0.01264 0.03691
-0.10438 0.85659 -0.03480 -0.00401
-0.58030 -0.03392 0.00216 -0.02975
0.06263 -0.70056 0.02604 0.00258
0.88230 0.00471 -0.00034 0.03020
-0.22566 0.94510 -0.02860 -0.00659
-0.97961 -0.03464 0.00085 -0.02752
0.09828 -0.70371 0.02434 0.00359
0.86611 0.35555 -0.01183 0.02850
-0.15169 0.44123 -0.02901 -0.00952
-0.88797 -0.12765 0.00430 -0.03085
0.23791 -0.71189 0.02808 0.00904
0.23380 0.09093 -0.01232 0.02850
-0.29038 0.94259 -0.02850 -0.00874
-0.28377 -0.09385 0.00891 -0.02885
0.07622 -0.82101 0.02300 0.00209
0.39225 0.03686 -0.00399 0.03669
-0.11225 0.57306 -0.02009 -0.00428
-0.71489 -0.36726 0.00990 -0.02000
0.11354 -0.89594 0.03604 0.00460
0.75970 0.06196 -0.00262 0.03757
-0.14789 0.65152 -0.03087 -0.00713
-0.94193 -0.26230 0.00583 -0.02015
0.37413 -0.83232 0.03480 0.01533
0.46755 0.10017 -0.00511 0.02327
-0.20538 0.59607 -0.02148 -0.00721
-0.74442 -0.14431 0.00693 -0.03355
0.34363 -0.72628 0.02292 0.01081
0.41790 0.12520 -0.01096 0.03505
-0.23329 0.56510 -0.03654 -0.01466
-0.71682 -0.27656 0.01274 -0.03263
0.38444 -0.85621 0.03216 0.01475
0.63742 0.16377 -0.00758 0.02822
-0.08163 0.44210 -0.03089 -0.00629
-0.92585 -0.25697 0.00586 -0.02151
0.33014 -0.80032 0.03533 0.01458
0.39836 0.13661 -0.01300 0.03542
-0.05240 0.19174 -0.03041 -0.00691
-0.58041 -0.28046 0.01447 -0.03053
0.14270 -0.49421 0.02965 0.00900
0.16128 0.07503 -0.01078 0.02303
-0.19532 0.77941 -0.03161 -0.00791
-0.69243 -0.30902 0.01201 -0.02737
0.37219 -0.71341 0.02968 0.01527
0.38724 0.20348 -0.01759 0.03229
-0.23417 0.72863 -0.03159 -0.01001
-0.59411 -0.21925 0.01017 -0.02682
0.16888 -0.58950 0.02344 0.00632
0.30064 0.07846 -0.00556 0.02256
-0.05444 0.34443 -0.03553 -0.00457
-0.77976 -0.43989 0.01590 -0.02823
0.12047 -0.24546 0.03555 0.01772
0.42264 0.24593 -0.01049 0.01735
-0.26485 0.43187 -0.02766 -0.01738
-0.94645 -0.28440 0.00711 -0.02391
0.19491 -0.34149 0.02813 0.01541
0.65320 0.25836 -0.01330 0.03305
-0.14066 0.96364 -0.02925 -0.00431
-0.61526 -0.18199 0.00571 -0.02004
0.17329 -0.64869 0.02941 0.00773
0.66599 0.29231 -0.01180 0.02620
-0.06242 0.16049 -0.02972 -0.01280
-0.92597 -0.15567 0.00419 -0.02495
0.12348 -0.58544 0.02176 0.00477
0.87635 0.19595 -0.00455 0.02106
-0.31759 0.86994 -0.03200 -0.01188
-0.56110 -0.19468 0.00824 -0.02424
0.22944 -0.47590 0.03293 0.01589
0.69288 0.21416 -0.00622 0.01952
-0.41746 0.89583 -0.02146 -0.01017
-0.47473 -0.10386 0.00702 -0.03300
0.14279 -0.33189 0.02532 0.01124
0.53609 0.21497 -0.01122 0.02747
-0.19072 0.59191 -0.03381 -0.01141
-0.92202 -0.34664 0.00694 -0.01901
0.20889 -0.75060 0.02030 0.00565
0.85423 0.26394 -0.01082 0.03375
-0.43030 0.69351 -0.01777 -0.01128
-0.49720 -0.11964 0.00972 -0.03807
0.19464 -0.52453 0.03727 0.01372
0.82298 0.42372 -0.01015 0.01962
-0.17337 0.42339 -0.03671 -0.01566
-0.79334 -0.42173 0.01187 -0.02219
0.25452 -0.66338 0.03007 0.01170
0.91986 0.32332 -0.01279 0.03669
-0.45024 0.66201 -0.02898 -0.01939
-0.57453 -0.35922 0.02091 -0.03381
0.60797 -0.77324 0.01742 0.01359
0.76148 0.52973 -0.02164 0.03141
-0.28280 0.84913 -0.02452 -0.00812
-0.68346 -0.26482 0.01156 -0.02929
0.25610 -0.61109 0.03500 0.01419
0.69080 0.39381 -0.01229 0.02183
-0.39807 0.81361 -0.02327 -0.01170
-0.56080 -0.37467 0.01387 -0.02132
0.55513 -0.74327 0.01988 0.01467
0.33163 0.12579 -0.01322 0.03572
-0.38023 0.74740 -0.03506 -0.01814
-0.83607 -0.43502 0.01147 -0.02184
0.29934 -0.76634 0.03560 0.01373
0.58676 0.25699 -0.00843 0.01944
-0.09660 0.17216 -0.03423 -0.01930
-0.87406 -0.33009 0.00800 -0.02147
0.49959 -0.70296 0.03059 0.02135
0.83726 0.49763 -0.01385 0.02309
-0.17076 0.26241 -0.02313 -0.01525
-0.67155 -0.45059 0.01547 -0.02375
0.43021 -0.83010 0.01847 0.00947
0.76794 0.34277 -0.01282 0.02825
-0.23101 0.55126 -0.03422 -0.01412
-0.50663 -0.34528 0.02217 -0.03182
0.54338 -0.76431 0.01879 0.01364
0.74417 0.62834 -0.02454 0.02912
-0.11244 0.21429 -0.02813 -0.01509
-0.55153 -0.49666 0.01882 -0.02075
0.25066 -0.58743 0.03080 0.01288
0.77916 0.52088 -0.02126 0.03223
-0.31072 0.63058 -0.02991 -0.01409
-0.60739 -0.33946 0.01113 -0.02061
0.41777 -0.63022 0.02747 0.01858
0.27473 0.07689 -0.01104 0.03554
-0.13380 0.36551 -0.02037 -0.00784
-0.39391 -0.30144 0.02101 -0.02780
0.38626 -0.75011 0.03387 0.01742
0.72574 0.59948 -0.02071 0.02456
-0.20814 0.64326 -0.02504 -0.00845
-0.66048 -0.44577 0.01951 -0.02871
0.41208 -0.52102 0.03102 0.02361
0.50942 0.41489 -0.01611 0.02032
-0.42305 0.77834 -0.02563 -0.01393
-0.30224 -0.19818 0.01630 -0.02447
0.47448 -0.84895 0.02170 0.01224
0.54175 0.43648 -0.01728 0.02146
-0.42200 0.75200 -0.03071 -0.01689
-0.24423 -0.19515 0.01338 -0.01725
0.58001 -0.76390 0.02174 0.01661
0.48794 0.24441 -0.01134 0.02288
-0.41289 0.74700 -0.01888 -0.01033
-0.56817 -0.40615 0.01478 -0.02062
0.37439 -0.41212 0.01896 0.01725
0.92419 0.40415 -0.01309 0.02971
-0.50385 0.79447 -0.02505 -0.01568
-0.77850 -0.43616 0.01414 -0.02524
0.59238 -0.65231 0.02499 0.02244
0.20514 0.21330 -0.01454 0.01486
-0.45192 0.48653 -0.02620 -0.02464
-0.36431 -0.31964 0.02192 -0.02513
0.43687 -0.41096 0.01879 0.02011
0.55102 0.30745 -0.01461 0.02594
-0.46695 0.86185 -0.02362 -0.01300
-0.40864 -0.45824 0.02914 -0.02588
0.38151 -0.50223 0.02802 0.02155
0.43904 0.19519 -0.00982 0.02156
-0.50345 0.57701 -0.02504 -0.02138
-0.71364 -0.65211 0.01647 -0.01824
0.45929 -0.71209 0.02255 0.01496
0.15283 0.13195 -0.01501 0.01531
-0.43851 0.81481 -0.02168 -0.01140
-0.31726 -0.19003 0.01918 -0.03214
0.28146 -0.51470 0.02306 0.01287
0.23838 0.21242 -0.02498 0.02751
-0.33818 0.60279 -0.02593 -0.01478
-0.72558 -0.53588 0.02067 -0.02786
0.36698 -0.38794 0.01715 0.01647
0.72067 0.56775 -0.01994 0.02541
-0.47116 0.77605 -0.02846 -0.01726
-0.58378 -0.69636 0.02747 -0.02331
0.63703 -0.59800 0.02076 0.02223
0.13313 0.16655 -0.03000 0.02465
-0.37819 0.52835 -0.02834 -0.02054
-0.47835 -0.55859 0.02103 -0.01766
0.68645 -0.55393 0.02123 0.02640
0.73898 0.67989 -0.02280 0.02488
-0.59341 0.76876 -0.02564 -0.01939
-0.62223 -0.64284 0.02638 -0.02526
0.69442 -0.59012 0.02246 0.02637
0.29567 0.38214 -0.01985 0.01489
-0.33724 0.44715 -0.01687 -0.01280
-0.35076 -0.36187 0.02802 -0.02650
0.32643 -0.25245 0.01494 0.01890
0.20646 0.30755 -0.02245 0.01593
-0.44913 0.50185 -0.01585 -0.01427
-0.57698 -0.65178 0.02567 -0.02297
0.23804 -0.28024 0.01768 0.01576
0.62393 0.42975 -0.01889 0.02755
-0.68832 0.63754 -0.02710 -0.02874
-0.54237 -0.41506 0.02391 -0.03122
0.06836 -0.10066 0.02073 0.01464
0.76912 0.62912 -0.01849 0.02291
-0.42263 0.32100 -0.02203 -0.02878
-0.52537 -0.70244 0.01843 -0.01349
0.22196 -0.29550 0.02648 0.02017
0.67902 0.54466 -0.01807 0.02251
-0.37818 0.47073 -0.02578 -0.02080
-0.22824 -0.18726 0.01318 -0.01562
0.22365 -0.19384 0.01772 0.01994
0.65423 0.50654 -0.01999 0.02642
-0.35960 0.49951 -0.01698 -0.01274
-0.31926 -0.44049 0.02891 -0.02149
0.50535 -0.62623 0.01876 0.01505
0.22322 0.27229 -0.01937 0.01607
-0.46162 0.63259 -0.02485 -0.01855
-0.26273 -0.43039 0.03040 -0.01887
0.54982 -0.55428 0.02042 0.02013
0.33864 0.39458 -0.02515 0.02265
-0.40010 0.40975 -0.01690 -0.01605
-0.61947 -0.70598 0.02528 -0.02171
0.31891 -0.41324 0.02784 0.02151
0.51773 0.55401 -0.02184 0.02017
-0.54143 0.78121 -0.01767 -0.01255
-0.35782 -0.42110 0.01977 -0.01701
0.66708 -0.66235 0.02635 0.02675
0.60279 0.77345 -0.02530 0.01978
-0.64452 0.43501 -0.01450 -0.02148
-0.50664 -0.39800 0.01422 -0.01789
0.63794 -0.58851 0.02588 0.02816
0.36428 0.71273 -0.02416 0.01248
-0.24523 0.28559 -0.02013 -0.01787
-0.50398 -0.69609 0.01840 -0.01336
0.56637 -0.45122 0.02436 0.03007
0.70432 0.70021 -0.02670 0.02648
-0.24466 0.20157 -0.01423 -0.01766
-0.63743 -0.59491 0.01716 -0.01849
0.63869 -0.38482 0.01593 0.02652
0.34202 0.31472 -0.01555 0.01714
-0.39822 0.36414 -0.02383 -0.02647
-0.24881 -0.33326 0.02554 -0.01854
0.17865 -0.13339 0.01827 0.02448
0.32247 0.66355 -0.02963 0.01401
-0.62402 0.41814 -0.01731 -0.02588
-0.73297 -0.62259 0.02433 -0.02834
0.23257 -0.27315 0.02330 0.02016
0.40466 0.70611 -0.02408 0.01404
-0.87389 0.41545 -0.01619 -0.03374
-0.27780 -0.31181 0.02707 -0.02442
0.41726 -0.37303 0.02501 0.02888
0.53995 0.55986 -0.02625 0.02564
-0.21023 0.09616 -0.01195 -0.02367
-0.66429 -0.66435 0.02553 -0.02555
0.54159 -0.40283 0.01739 0.02323
0.56495 0.58599 -0.01455 0.01393
-0.59816 0.59309 -0.02562 -0.02610
-0.30137 -0.47894 0.01966 -0.01246
0.81943 -0.40174 0.01212 0.02447
0.10511 0.15020 -0.02427 0.01539
-0.40015 0.31474 -0.02191 -0.02788
-0.40738 -0.54896 0.01792 -0.01315
0.63718 -0.34203 0.01146 0.02119
0.34934 0.35940 -0.02218 0.02151
-0.62175 0.44639 -0.01479 -0.02084
-0.09027 -0.18951 0.02131 -0.00986
0.51757 -0.25870 0.01644 0.03396
0.48101 0.48520 -0.02297 0.02284
-0.25387 0.12173 -0.01246 -0.02705
-0.35933 -0.59791 0.02067 -0.01195
0.72392 -0.37129 0.01628 0.03173
0.49543 0.57558 -0.02045 0.01775
-0.54075 0.35524 -0.02175 -0.03231
-0.50819 -0.62372 0.02945 -0.02393
0.26705 -0.23122 0.02421 0.02840
0.28288 0.32242 -0.02897 0.02602
-0.81729 0.53215 -0.01111 -0.01693
-0.39536 -0.57284 0.01692 -0.01164
0.16870 -0.08382 0.01517 0.03511
0.16226 0.24357 -0.02917 0.01987
-0.46927 0.44021 -0.01862 -0.01972
-0.23365 -0.41356 0.01815 -0.00990
0.72230 -0.28726 0.01320 0.03312
0.12401 0.28803 -0.02880 0.01221
-0.65915 0.24917 -0.01087 -0.02825
-0.45517 -0.72493 0.02254 -0.01429
0.20731 -0.17117 0.02164 0.02746
0.13743 0.42371 -0.02418 0.00849
-0.58115 0.39307 -0.01685 -0.02481
-0.23069 -0.65900 0.02133 -0.00738
0.60269 -0.45751 0.02295 0.03007
0.48501 0.69959 -0.02254 0.01597
-0.65403 0.40812 -0.01552 -0.02532
-0.19247 -0.45434 0.03286 -0.01370
0.78187 -0.50434 0.01696 0.02627
0.31532 0.55213 -0.03074 0.01749
-0.73734 0.51666 -0.01754 -0.02529
-0.45055 -0.80501 0.03061 -0.01738
0.71980 -0.53973 0.02326 0.03024
0.13966 0.23291 -0.02156 0.01317
-0.35134 0.12587 -0.01010 -0.02672
-0.43155 -0.63259 0.01902 -0.01304
0.73218 -0.46490 0.01537 0.02433
0.30686 0.40664 -0.02620 0.01967
-0.24677 0.11251 -0.01242 -0.02702
-0.18042 -0.56015 0.03273 -0.01092
0.57688 -0.37675 0.01832 0.02856
0.34335 0.66450 -0.02157 0.01128
-0.54514 0.23585 -0.01198 -0.02839
-0.37134 -0.83953 0.02847 -0.01251
0.63686 -0.30697 0.01732 0.03488
0.11656 0.21572 -0.01796 0.01043
-0.27265 0.17561 -0.02026 -0.03210
-0.39895 -0.56168 0.01987 -0.01444
0.63426 -0.24517 0.01378 0.03670
0.12466 0.20011 -0.02746 0.01556
-0.42108 0.26519 -0.01522 -0.02359
-0.41667 -0.75980 0.02776 -0.01552
0.83718 -0.53113 0.01950 0.03123
0.11021 0.33439 -0.01988 0.00604
-0.35956 0.28276 -0.01938 -0.02427
-0.19649 -0.40117 0.01908 -0.00962
0.84021 -0.42040 0.01749 0.03432
0.36399 0.72663 -0.02141 0.01078
-0.90361 0.39278 -0.01322 -0.03067
-0.27045 -0.49873 0.02745 -0.01441
0.68324 -0.26233 0.01233 0.03260
0.25648 0.60322 -0.03342 0.01450
-0.68577 0.32601 -0.00992 -0.02070
-0.28346 -0.89407 0.03494 -0.01073
0.68322 -0.38661 0.01030 0.01788
0.25853 0.84529 -0.03132 0.00939
-0.64228 0.28141 -0.01377 -0.03219
-0.16369 -0.94018 0.03155 -0.00567
0.53763 -0.15432 0.01004 0.03518
0.25965 0.83848 -0.03566 0.01091
-0.84596 0.40166 -0.01683 -0.03587
-0.09485 -0.52874 0.02078 -0.00384
0.61700 -0.40845 0.01799 0.02684
0.29561 0.94411 -0.02543 0.00813
-0.68875 0.45080 -0.01649 -0.02515
-0.26235 -0.52597 0.03517 -0.01816
0.87260 -0.26848 0.00902 0.02906
0.39917 0.58955 -0.01892 0.01241
-0.65124 0.23349 -0.01065 -0.03105
-0.13496 -0.54810 0.02850 -0.00668
0.39283 -0.17141 0.01265 0.02944
0.09131 0.22669 -0.03394 0.01344
-0.29327 0.02884 -0.00509 -0.03808
-0.33003 -0.61512 0.02055 -0.01086
0.53897 -0.34201 0.01265 0.01969
0.23741 0.78191 -0.02407 0.00743
-0.23273 0.04344 -0.00619 -0.03333
-0.16042 -0.38920 0.02054 -0.00803
0.92209 -0.21973 0.00579 0.02311
0.16065 0.83407 -0.03731 0.00722
-0.29881 0.11007 -0.01181 -0.03432
-0.32086 -0.66319 0.01924 -0.00948
0.68153 -0.08658 0.00464 0.03458
0.23877 0.88561 -0.03378 0.00890
-0.96237 0.08291 -0.00220 -0.02737
-0.03014 -0.43994 0.03112 -0.00182
0.79086 -0.07048 0.00313 0.03071
0.36502 0.81598 -0.03308 0.01456
-0.70128 0.31634 -0.01236 -0.02748
-0.24777 -0.80835 0.02394 -0.00766
0.38762 -0.09895 0.00669 0.02965
0.38759 0.92256 -0.02101 0.00869
-0.71737 0.35841 -0.01134 -0.02250
-0.16440 -0.87248 0.02230 -0.00439
0.21173 -0.08392 0.01170 0.02697
0.16722 0.96321 -0.02831 0.00479
-0.52122 0.11501 -0.00657 -0.02957
-0.21705 -0.52949 0.02007 -0.00772
0.79586 -0.19658 0.00839 0.03426
0.27161 0.70935 -0.02266 0.00856
-0.39608 0.17674 -0.01660 -0.03592
-0.18618 -0.58047 0.01993 -0.00653
0.46973 -0.07393 0.00302 0.02215
0.33404 0.90323 -0.02828 0.01024
-0.34193 0.04225 -0.00308 -0.02461
-0.20721 -0.79750 0.03653 -0.00966
0.82990 -0.11023 0.00392 0.02824
0.10561 0.60945 -0.02306 0.00429
-0.71749 0.19267 -0.00986 -0.03631
-0.15574 -0.55758 0.03098 -0.00821
0.93218 -0.08060 0.00260 0.03307
0.00608 0.21231 -0.03491 0.00138
-0.84918 0.25671 -0.00944 -0.03176
-0.39262 -0.89262 0.02278 -0.01022
0.89147 -0.26045 0.01011 0.03501
0.11635 0.64950 -0.03606 0.00685
-0.47606 0.14427 -0.01011 -0.03317
0.01302 -0.97729 0.02773 0.00042
0.91673 -0.25392 0.01037 0.03816
0.23450 0.68673 -0.02094 0.00699
-0.39319 0.08375 -0.00855 -0.03898
-0.14622 -0.54271 0.02085 -0.00555
0.52060 -0.22512 0.01038 0.02440
0.04921 0.23007 -0.03565 0.00632
-0.75068 -0.07138 0.00229 -0.02800
-0.23286 -0.58690 0.02723 -0.01059
0.94230 -0.02569 0.00071 0.02711
0.13268 0.49841 -0.03662 0.01058
-0.76942 0.15104 -0.00576 -0.02810
-0.01129 -0.74575 0.03739 -0.00056
0.88862 -0.05684 0.00139 0.02100
0.06012 0.82481 -0.03380 0.00256
-0.43129 0.06258 -0.00446 -0.03076
-0.12245 -0.67422 0.03031 -0.00553
0.60372 -0.10085 0.00386 0.02299
0.21466 0.82884 -0.02049 0.00557
-0.80989 0.11293 -0.00508 -0.03535
-0.17734 -0.56717 0.03555 -0.01098
0.70021 -0.17901 0.00767 0.03000
-0.11705 0.92562 -0.02496 -0.00316
-0.67194 0.01515 -0.00064 -0.02635
-0.12975 -0.90994 0.02349 -0.00349
0.61389 -0.10531 0.00476 0.03064
0.02554 0.08226 -0.02380 0.00761
-0.47475 0.06773 -0.00306 -0.02346
0.06608 -0.97339 0.02455 0.00169
0.51862 -0.00222 0.00031 0.02956
0.08976 0.48868 -0.03202 0.00611
-0.98522 -0.06796 0.00283 -0.03985
-0.11921 -0.82652 0.03952 -0.00538
0.95507 0.00526 -0.00016 0.02234
0.19827 0.81529 -0.02138 0.00501
-0.33807 0.05955 -0.00537 -0.03493
-0.09709 -0.60064 0.02539 -0.00382
0.16280 -0.02803 0.00586 0.02559
0.00782 0.53260 -0.02978 0.00053
-0.91444 0.27971 -0.00988 -0.03352
0.02592 -0.94697 0.03545 0.00118
0.52341 -0.03087 0.00218 0.03235
0.08851 0.89815 -0.02749 0.00259
-0.70145 -0.09864 0.00381 -0.02726
0.16398 -0.97492 0.03234 0.00530
0.59954 0.07901 -0.00298 0.02007
0.01906 0.71645 -0.02496 0.00072
-0.77415 0.09185 -0.00292 -0.02506
-0.19900 -0.85028 0.03394 -0.00826
0.77044 0.00553 -0.00004 0.03311
0.16327 0.86004 -0.02349 0.00470
-0.55304 0.16208 -0.00678 -0.02371
0.13488 -0.87243 0.02798 0.00419
0.87207 -0.00766 0.00029 0.03457
-0.05852 0.47238 -0.02475 -0.00262
-0.83158 0.04992 -0.00149 -0.02919
-0.02644 -0.37088 0.03448 -0.00209
0.48644 0.00629 -0.00028 0.02675
-0.08872 0.51289 -0.02299 -0.00414
-0.87062 0.07316 -0.00254 -0.03252
0.03539 -0.35085 0.02828 0.00219
0.56851 0.05236 -0.00253 0.02921
0.15000 0.72132 -0.03773 0.00741
-0.97570 -0.07240 0.00154 -0.02362
0.01500 -0.40425 0.02625 0.00083
0.44036 0.07827 -0.00763 0.03920
-0.09302 0.51901 -0.03170 -0.00592
-0.79930 -0.11868 0.00477 -0.03207
0.19831 -0.86748 0.02601 0.00598
0.92268 -0.17006 0.00653 0.03532
0.07493 0.54227 -0.02035 0.00294
-0.62572 -0.11752 0.00656 -0.03678
-0.07033 -0.63475 0.02130 -0.00226
0.78273 -0.13303 0.00615 0.03671
-0.01844 0.97009 -0.03491 -0.00063
-0.92802 -0.18835 0.00705 -0.03331
0.07435 -0.88791 0.03805 0.00307
0.79404 0.16268 -0.00601 0.02998
0.08876 0.96084 -0.03564 0.00344
-0.92532 -0.11011 0.00289 -0.02470
0.07226 -0.78391 0.03436 0.00293
0.40910 -0.03292 0.00202 0.03487
-0.08542 0.79187 -0.03701 -0.00368
-0.92820 -0.10979 0.00354 -0.02993
0.01365 -0.69702 0.02279 0.00065
0.80923 0.04606 -0.00157 0.02808
-0.08246 0.76642 -0.02213 -0.00210
-0.74451 -0.10059 0.00281 -0.02015
0.17701 -0.91576 0.02638 0.00502
0.70924 0.08533 -0.00377 0.03464
-0.12239 0.80360 -0.02992 -0.00464
-0.30978 -0.06426 0.00630 -0.02908
0.09006 -0.48821 0.02875 0.00560
0.10531 0.01619 -0.00204 0.03571
-0.10458 0.93415 -0.03489 -0.00381
-0.45587 -0.10185 0.00688 -0.03044
0.12775 -0.56074 0.02984 0.00650
0.82044 0.09269 -0.00455 0.03774
-0.03147 0.63281 -0.03437 -0.00192
-0.54239 -0.05448 0.00284 -0.03203
0.01232 -0.84125 0.03890 0.00018
0.77124 0.11870 -0.00435 0.02647
-0.00069 0.94271 -0.03062 0.00024
-0.84573 -0.21187 0.00779 -0.03100
0.05404 -0.40333 0.03159 0.00471
0.74412 0.23508 -0.01182 0.03660
-0.01316 0.41349 -0.02274 -0.00056
-0.30889 -0.01355 0.00129 -0.02046
0.04916 -0.69941 0.02903 0.00235
0.55654 0.03270 -0.00176 0.03441
-0.01012 0.40033 -0.02970 -0.00127
-0.81043 -0.18858 0.00862 -0.03690
0.09096 -0.80788 0.03539 0.00423
0.76224 -0.00827 0.00003 0.03695
0.02211 0.38299 -0.02483 0.00203
-0.65735 -0.23190 0.01194 -0.03357
0.00912 -0.47478 0.03751 0.00113
0.68470 0.17987 -0.00624 0.02467
-0.26703 0.65872 -0.02013 -0.00832
-0.70635 -0.12032 0.00624 -0.03833
0.06368 -0.17664 0.02639 0.00959
0.68555 -0.02851 0.00152 0.03469
-0.04197 0.58736 -0.03087 -0.00219
-0.24723 0.00389 0.00003 -0.02983
0.21830 -0.62212 0.02398 0.00838
0.76201 0.06105 -0.00269 0.03386
-0.02018 0.28196 -0.02827 -0.00256
-0.24143 -0.05332 0.00690 -0.03220
0.20649 -0.61177 0.02021 0.00690
0.63220 0.24934 -0.01037 0.02522
-0.26001 0.68946 -0.03269 -0.01233
-0.76119 -0.22666 0.00590 -0.01967
0.07372 -0.73092 0.02145 0.00240
0.50283 0.15369 -0.01019 0.03376
-0.18215 0.47898 -0.02547 -0.00916
-0.43821 -0.01864 0.00045 -0.02037
0.25964 -0.81179 0.03509 0.01162
0.43218 0.18750 -0.01556 0.03475
-0.06052 0.44508 -0.03842 -0.00554
-0.78325 -0.12593 0.00378 -0.02382
0.39574 -0.78569 0.02332 0.01184
0.38670 0.02488 -0.00245 0.03941
-0.22262 0.72996 -0.03363 -0.01001
-0.91267 -0.36589 0.01416 -0.03435
0.16108 -0.82415 0.02893 0.00594
0.72919 0.17247 -0.00719 0.03155
-0.20943 0.57201 -0.03388 -0.01243
-0.61266 -0.14465 0.00668 -0.02888
0.08376 -0.23090 0.03223 0.01158
0.17208 0.01625 -0.00332 0.02513
-0.32376 0.72106 -0.03023 -0.01358
-0.47232 -0.16494 0.00996 -0.02704
0.35158 -0.80058 0.02813 0.01208
0.80365 0.27943 -0.01029 0.02904
-0.14076 0.83101 -0.03505 -0.00620
-0.88260 -0.22119 0.00795 -0.03158
0.05972 -0.14666 0.03590 0.01701
0.65216 0.24106 -0.01199 0.03179
-0.08180 0.34386 -0.02850 -0.00610
-0.19853 -0.06930 0.00723 -0.02310
0.22232 -0.94529 0.03153 0.00727
0.93356 0.15113 -0.00385 0.02306
-0.27197 0.58114 -0.02296 -0.01053
-0.79541 -0.27005 0.00914 -0.02705
0.30791 -0.92121 0.03708 0.01216
0.36678 0.11118 -0.00645 0.02163
-0.39674 0.70410 -0.01909 -0.01088
-0.91834 -0.36011 0.01077 -0.02716
0.37168 -0.89908 0.02906 0.01179
0.70189 0.32304 -0.00958 0.02091
-0.02964 0.19427 -0.03523 -0.00662
-0.44867 -0.10121 0.00587 -0.02653
0.23547 -0.71384 0.03302 0.01094
0.52502 0.10488 -0.00706 0.03757
-0.27225 0.87091 -0.02407 -0.00749
-0.78684 -0.48078 0.01057 -0.01761
0.31678 -0.88865 0.03037 0.01107
0.34459 0.19200 -0.02021 0.03375
-0.24105 0.73105 -0.02346 -0.00766
-0.41203 -0.12703 0.00765 -0.02450
0.12325 -0.48203 0.03854 0.00965
0.34628 0.10163 -0.00902 0.03032
-0.32645 0.92839 -0.02908 -0.01037
-0.79245 -0.37582 0.01708 -0.03553
0.28648 -0.63768 0.02905 0.01309
0.29243 0.12543 -0.01290 0.02988
-0.20989 0.57814 -0.03727 -0.01288
-0.83609 -0.20040 0.00530 -0.02210
0.34125 -0.70188 0.01831 0.00876
0.57436 0.29372 -0.01375 0.02761
-0.30464 0.49563 -0.02856 -0.01697
-0.88397 -0.40947 0.01054 -0.02312
0.31172 -0.75560 0.02043 0.00874
0.78257 0.20663 -0.00693 0.02613
-0.29538 0.90845 -0.02071 -0.00699
-0.81781 -0.19175 0.00719 -0.03140
0.34052 -0.80759 0.01893 0.00784
0.81273 0.24364 -0.00992 0.03361
-0.17458 0.86069 -0.03174 -0.00671
-0.90795 -0.16869 0.00556 -0.02959
0.38008 -0.82822 0.03184 0.01467
0.37703 0.24723 -0.01322 0.02141
-0.32243 0.92795 -0.02976 -0.01044
-0.78791 -0.52518 0.02065 -0.03056
0.22192 -0.28946 0.02035 0.01545
0.90524 0.43029 -0.01203 0.02555
-0.49627 0.78509 -0.03261 -0.02037
-0.76118 -0.45420 0.01546 -0.02676
0.46718 -0.64647 0.02028 0.01490
0.72583 0.19438 -0.00552 0.02034
-0.39468 0.53706 -0.02385 -0.01761
-0.70960 -0.46525 0.01244 -0.01839
0.15299 -0.51680 0.02471 0.00726
0.85669 0.41203 -0.01434 0.02984
-0.32901 0.81866 -0.03220 -0.01263
-0.59858 -0.17568 0.00675 -0.02382
0.41605 -0.84170 0.03073 0.01507
0.73453 0.22479 -0.01038 0.03276
-0.25507 0.39623 -0.01928 -0.01192
-0.66297 -0.31209 0.01270 -0.02724
0.54073 -0.82813 0.01686 0.01101
0.57391 0.22016 -0.00900 0.02294
-0.22668 0.44012 -0.01914 -0.00969
-0.71420 -0.55043 0.01322 -0.01747
0.45344 -0.59720 0.02736 0.02114
0.66184 0.41315 -0.01274 0.02022
-0.19858 0.49299 -0.02448 -0.00930
-0.20575 -0.13715 0.01783 -0.02717
0.22068 -0.43184 0.01816 0.00900
0.75565 0.51966 -0.01346 0.01984
-0.32799 0.52234 -0.01736 -0.01101
-0.60067 -0.43052 0.02322 -0.03216
0.50052 -0.68163 0.02646 0.01962
0.73774 0.36867 -0.00966 0.01921
-0.33543 0.62980 -0.02546 -0.01308
-0.91213 -0.30796 0.00809 -0.02419
0.67709 -0.64588 0.02362 0.02442
0.87527 0.42573 -0.01406 0.02884
-0.54810 0.71828 -0.03049 -0.02290
-0.55906 -0.37971 0.02069 -0.02962
0.33056 -0.61778 0.03041 0.01565
0.50178 0.22728 -0.01054 0.02349
-0.34651 0.73643 -0.03155 -0.01506
-0.21154 -0.12682 0.01133 -0.01973
0.62793 -0.73427 0.02200 0.01905
0.76834 0.50420 -0.01270 0.01987
-0.43518 0.55694 -0.02297 -0.01749
-0.57890 -0.36949 0.01314 -0.02003
0.62987 -0.68378 0.01861 0.01686
0.61186 0.46043 -0.02123 0.02870
-0.29529 0.54581 -0.02689 -0.01445
-0.89641 -0.40267 0.01191 -0.02677
0.32896 -0.44973 0.02976 0.02244
0.57806 0.46996 -0.01262 0.01605
-0.51076 0.60339 -0.03020 -0.02574
-0.78844 -0.58486 0.01411 -0.01952
0.61928 -0.67453 0.02785 0.02598
0.69886 0.60070 -0.01614 0.01866
-0.56386 0.78146 -0.02004 -0.01448
-0.52438 -0.46406 0.02391 -0.02614
0.58236 -0.55061 0.02590 0.02730
0.52032 0.49631 -0.01761 0.01871
-0.44438 0.64464 -0.02761 -0.01880
-0.33004 -0.34201 0.02792 -0.02798
0.29413 -0.25864 0.02325 0.02607
0.17283 0.08393 -0.01550 0.03020
-0.34072 0.52722 -0.02929 -0.01880
-0.80500 -0.47870 0.01575 -0.02588
0.40465 -0.64498 0.01736 0.01106
0.88882 0.46098 -0.01698 0.03323
-0.28022 0.25616 -0.02143 -0.02458
-0.75402 -0.38494 0.01294 -0.02605
0.33834 -0.49342 0.02526 0.01726
0.33204 0.17176 -0.01163 0.02386
-0.28507 0.58680 -0.02646 -0.01324
-0.51901 -0.52988 0.02524 -0.02539
0.29785 -0.47942 0.02699 0.01633
0.61026 0.43885 -0.01280 0.01772
-0.40825 0.81980 -0.02089 -0.01034
-0.77869 -0.42693 0.01023 -0.01849
0.63127 -0.51340 0.02322 0.02871
0.64261 0.42854 -0.01159 0.01750
-0.32612 0.38828 -0.02550 -0.02128
-0.44986 -0.34453 0.01256 -0.01581
0.53418 -0.74492 0.02814 0.02035
0.49777 0.45188 -0.01897 0.02093
-0.57817 0.42375 -0.02275 -0.03136
-0.73976 -0.60704 0.01720 -0.02119
0.13147 -0.14614 0.01880 0.01854
0.59714 0.62328 -0.01796 0.01744
-0.39777 0.64873 -0.02450 -0.01538
-0.66748 -0.69376 0.02300 -0.02220
0.50860 -0.69534 0.02975 0.02175
0.70664 0.69162 -0.01505 0.01534
-0.62440 0.66109 -0.01678 -0.01585
-0.36706 -0.32462 0.02430 -0.02696
0.55887 -0.77246 0.02884 0.02140
0.54271 0.35949 -0.01633 0.02448
-0.60668 0.51002 -0.01478 -0.01736
-0.49217 -0.45495 0.02302 -0.02433
0.26210 -0.24225 0.02041 0.02319
0.33411 0.28686 -0.02383 0.02765
-0.45325 0.52116 -0.02670 -0.02297
-0.56303 -0.70607 0.02160 -0.01726
0.27682 -0.48883 0.02650 0.01509
0.14822 0.12881 -0.01513 0.01548
-0.80719 0.56126 -0.01558 -0.02263
-0.68751 -0.49669 0.02026 -0.02834
0.44650 -0.64093 0.03288 0.02255
0.70137 0.66685 -0.02200 0.02291
-0.58994 0.68126 -0.02445 -0.02141
-0.52499 -0.33098 0.01366 -0.02141
0.60881 -0.55657 0.01842 0.01982
0.44095 0.49303 -0.02943 0.02657
-0.41630 0.50011 -0.01989 -0.01666
-0.70965 -0.59818 0.01753 -0.02118
0.37868 -0.27879 0.01243 0.01635
0.51425 0.69806 -0.01865 0.01375
-0.28899 0.39150 -0.02735 -0.02100
-0.54317 -0.48060 0.02126 -0.02380
0.53471 -0.76637 0.03126 0.02189
0.71620 0.67975 -0.01768 0.01861
-0.31529 0.26911 -0.02219 -0.02741
-0.56449 -0.51024 0.02601 -0.02789
0.39715 -0.46349 0.02049 0.01791
0.59222 0.69703 -0.02842 0.02475
-0.57000 0.56628 -0.01890 -0.01882
-0.35868 -0.22832 0.01191 -0.01802
0.25148 -0.16616 0.02010 0.02962
0.34000 0.36178 -0.02889 0.02750
-0.60311 0.35829 -0.01539 -0.02613
-0.41828 -0.68451 0.01897 -0.01179
0.72205 -0.46949 0.01914 0.02984
0.66887 0.63400 -0.01854 0.01988
-0.66378 0.51000 -0.01472 -0.01933
-0.20284 -0.31579 0.02892 -0.01914
0.69941 -0.53317 0.02131 0.02782
0.37771 0.37054 -0.02399 0.02442
-0.77209 0.53130 -0.01554 -0.02283
-0.44373 -0.53797 0.02962 -0.02440
0.52987 -0.27613 0.01208 0.02284
0.35238 0.31333 -0.01461 0.01657
-0.51031 0.62744 -0.02791 -0.02278
-0.50697 -0.41555 0.01989 -0.02364
0.46948 -0.58665 0.02954 0.02377
0.27456 0.30146 -0.01960 0.01729
-0.72029 0.55408 -0.01752 -0.02304
-0.41810 -0.38140 0.01410 -0.01550
0.37937 -0.30636 0.01759 0.02144
0.41999 0.53419 -0.01994 0.01549
-0.47786 0.27130 -0.01363 -0.02416
-0.63673 -0.58059 0.01592 -0.01704
0.50311 -0.29170 0.01877 0.03194
0.39302 0.46685 -0.02483 0.02060
-0.67391 0.63599 -0.01736 -0.01826
-0.39559 -0.86506 0.03172 -0.01460
0.63241 -0.51978 0.01489 0.01753
0.59325 0.67860 -0.01912 0.01702
-0.71130 0.58284 -0.01683 -0.02018
-0.67385 -0.68818 0.02290 -0.02245
0.88822 -0.39656 0.01588 0.03615
0.29134 0.37593 -0.01793 0.01318
-0.55026 0.43383 -0.01234 -0.01587
-0.64014 -0.62039 0.02021 -0.02091
0.86054 -0.44860 0.01367 0.02646
0.61326 0.51405 -0.02032 0.02462
-0.11663 0.08695 -0.01446 -0.01812
-0.38284 -0.46356 0.02921 -0.02438
0.49376 -0.27692 0.01526 0.02630
0.39638 0.44949 -0.02402 0.02189
-0.82468 0.52446 -0.01813 -0.02871
-0.49117 -0.75755 0.02504 -0.01635
0.44108 -0.35427 0.01630 0.02057
0.50172 0.65015 -0.02127 0.01607
-0.78749 0.40978 -0.01742 -0.03430
-0.31249 -0.57431 0.03237 -0.01736
0.41756 -0.36625 0.02499 0.02716
0.13904 0.32945 -0.03662 0.01578
-0.63740 0.41958 -0.01498 -0.02296
-0.49998 -0.51868 0.02565 -0.02425
0.89456 -0.42867 0.01459 0.03107
0.32866 0.79417 -0.03651 0.01522
-0.64464 0.29444 -0.00996 -0.02222
-0.51502 -0.80469 0.02700 -0.01695
0.62752 -0.54298 0.02060 0.02408
0.15764 0.16627 -0.02602 0.02413
-0.29679 0.25326 -0.01641 -0.01911
-0.46821 -0.61316 0.02257 -0.01711
0.20725 -0.14143 0.01310 0.01948
0.45067 0.86559 -0.01910 0.00991
-0.62578 0.47334 -0.01721 -0.02331
-0.36606 -0.68035 0.02588 -0.01374
0.22106 -0.13375 0.01918 0.03150
0.20388 0.49674 -0.03572 0.01426
-0.54619 0.20835 -0.01417 -0.03723
-0.32741 -0.51149 0.02604 -0.01676
0.53977 -0.31152 0.01721 0.02979
0.17420 0.55723 -0.03662 0.01120
-0.71841 0.56526 -0.01248 -0.01592
-0.28650 -0.56012 0.02730 -0.01390
0.86775 -0.25568 0.00757 0.02668
0.47065 0.86707 -0.02620 0.01379
-0.56560 0.21027 -0.01187 -0.03343
-0.12343 -0.31172 0.03551 -0.01332
0.54374 -0.50444 0.01572 0.01660
0.18001 0.19451 -0.01816 0.01608
-0.87261 0.47510 -0.01400 -0.02590
-0.19156 -0.25043 0.02147 -0.01643
0.08768 -0.05773 0.01879 0.03121
0.58959 0.69210 -0.01942 0.01620
-0.16500 0.09091 -0.01402 -0.02830
-0.25167 -0.74738 0.02870 -0.00965
0.73432 -0.55316 0.01419 0.01855
0.14184 0.31129 -0.03282 0.01511
-0.74542 0.53316 -0.02056 -0.02851
-0.25284 -0.73774 0.03125 -0.01047
0.52145 -0.34880 0.01986 0.02971
0.26997 0.59156 -0.02809 0.01322
-0.77461 0.30628 -0.01019 -0.02469
-0.41926 -0.67519 0.02479 -0.01566
0.38837 -0.23593 0.01710 0.02813
0.19454 0.73402 -0.02586 0.00688
-0.42585 0.23681 -0.01317 -0.02340
-0.23194 -0.68309 0.03796 -0.01243
0.44863 -0.24032 0.01129 0.01989
0.23792 0.74733 -0.03386 0.01047
-0.25398 0.08382 -0.00690 -0.02114
-0.16857 -0.32011 0.02635 -0.01484
0.15294 -0.04391 0.01013 0.03334
0.04287 0.21758 -0.03776 0.00912
-0.81413 0.40426 -0.01258 -0.02586
-0.23178 -0.61635 0.02838 -0.01064
0.59389 -0.28106 0.00978 0.02102
0.10976 0.47143 -0.02322 0.00509
-0.51390 0.23127 -0.01035 -0.02398
-0.28835 -0.91405 0.03417 -0.01107
0.55020 -0.10650 0.00392 0.02211
0.21837 0.44894 -0.03471 0.01716
-0.41054 0.18929 -0.01003 -0.02127
-0.19827 -0.62814 0.02958 -0.00897
0.33537 -0.25895 0.02001 0.02734
0.06048 0.39556 -0.03147 0.00471
-0.85960 0.36834 -0.01427 -0.03376
-0.07107 -0.20809 0.02859 -0.01108
0.60047 -0.11357 0.00419 0.02246
0.20148 0.48390 -0.02762 0.01182
-0.81230 0.13785 -0.00580 -0.03552
-0.39538 -0.66394 0.02311 -0.01384
0.41059 -0.20948 0.01304 0.02462
0.08491 0.22732 -0.03746 0.01286
-0.65501 0.15278 -0.00610 -0.02550
-0.10454 -0.43394 0.03293 -0.00820
0.95928 -0.19233 0.00412 0.02020
0.16890 0.32854 -0.02476 0.01227
-0.56929 0.13325 -0.00881 -0.03595
-0.28690 -0.50231 0.03104 -0.01744
0.70521 -0.18463 0.00984 0.03607
0.36135 0.73613 -0.02262 0.01095
-0.96394 0.13505 -0.00352 -0.02478
-0.13737 -0.28615 0.03126 -0.01378
0.28330 -0.18124 0.01168 0.01822
0.10996 0.36893 -0.03005 0.00816
-0.87133 0.34081 -0.00996 -0.02522
-0.35609 -0.85104 0.03685 -0.01539
0.61889 -0.24425 0.01353 0.03539
0.09978 0.51560 -0.03747 0.00722
-0.58538 0.28003 -0.01100 -0.02230
-0.11957 -0.27244 0.02014 -0.00980
0.31087 -0.09011 0.00989 0.03547
0.10673 0.62503 -0.03834 0.00620
-0.80590 0.11145 -0.00265 -0.02011
-0.14158 -0.79052 0.02217 -0.00387
0.62836 -0.21821 0.01002 0.03005
0.06112 0.33075 -0.03342 0.00571
-0.85823 0.40939 -0.01000 -0.02054
-0.29701 -0.57595 0.02337 -0.01179
0.61541 -0.08410 0.00362 0.02557
0.12270 0.44014 -0.02052 0.00590
-0.71406 0.11189 -0.00421 -0.02738
-0.37062 -0.87757 0.03620 -0.01500
0.33088 -0.10896 0.01061 0.02987
0.43883 0.81911 -0.02378 0.01247
-0.75054 0.18848 -0.00590 -0.02449
-0.20745 -0.83107 0.02252 -0.00540
0.63457 -0.30220 0.00905 0.01877
0.17904 0.65008 -0.03428 0.00903
-0.80198 0.33800 -0.00838 -0.01984
0.00324 -0.92408 0.03290 -0.00012
0.51305 -0.00131 0.00053 0.02531
0.06643 0.35262 -0.02401 0.00471
-0.66496 0.18545 -0.00789 -0.02990
-0.17062 -0.73203 0.03411 -0.00766
0.28658 -0.05283 0.00523 0.02986
0.08973 0.43969 -0.03693 0.00772
-0.44539 0.06446 -0.00521 -0.03829
-0.08126 -0.60708 0.02718 -0.00333
0.69947 -0.22687 0.01145 0.03625
0.15932 0.78849 -0.02055 0.00404
-0.68822 0.05031 -0.00221 -0.03560
-0.15929 -0.79714 0.02044 -0.00414
0.80656 -0.25151 0.00650 0.02177
0.18280 0.92743 -0.03774 0.00721
-0.90378 0.10506 -0.00255 -0.02420
-0.13949 -0.51218 0.02019 -0.00548
0.78982 -0.32324 0.01387 0.03452
0.05780 0.14642 -0.02939 0.00977
-0.61110 0.03858 -0.00216 -0.03531
-0.06250 -0.75649 0.03149 -0.00221
0.95418 -0.16489 0.00538 0.02984
0.10660 0.27539 -0.03263 0.01297
-0.35986 0.08975 -0.00885 -0.03503
-0.11837 -0.90303 0.01989 -0.00265
0.58702 -0.17083 0.00954 0.03461
-0.08585 0.98010 -0.02339 -0.00199
-0.72755 0.25500 -0.01007 -0.02834
0.02845 -0.96440 0.02295 0.00087
0.44912 -0.14237 0.01046 0.03115
0.14014 0.75169 -0.02608 0.00473
-0.74880 0.28648 -0.00976 -0.02573
-0.05874 -0.49277 0.03320 -0.00417
0.94308 0.05017 -0.00191 0.03650
0.11398 0.93722 -0.03516 0.00396
-0.64368 0.04678 -0.00163 -0.02759
-0.28616 -0.93788 0.02866 -0.00844
0.77266 -0.17449 0.00481 0.02084
-0.01033 0.20816 -0.02615 -0.00119
-0.36133 0.09101 -0.00791 -0.03068
-0.10118 -0.94299 0.02540 -0.00267
0.76196 0.08961 -0.00368 0.03452
0.10097 0.29031 -0.02405 0.00793
-0.74354 0.18490 -0.00683 -0.02664
0.02963 -0.98858 0.03976 0.00142
0.41540 -0.14675 0.00725 0.02071
0.13534 0.65253 -0.03548 0.00759
-0.70138 -0.01555 0.00030 -0.02526
-0.26167 -0.96470 0.02925 -0.00783
0.48784 0.02703 -0.00119 0.02284
0.00921 0.68731 -0.02746 0.00020
-0.70609 0.22010 -0.00747 -0.02329
-0.02892 -0.85171 0.02658 -0.00073
0.69780 0.01407 -0.00119 0.03934
-0.04964 0.64940 -0.02131 -0.00181
-0.75881 0.03765 -0.00127 -0.03209
0.06985 -0.97974 0.02488 0.00195
0.68174 0.04300 -0.00185 0.03408
-0.05632 0.88212 -0.02509 -0.00183
-0.39406 0.06445 -0.00543 -0.03189
0.12121 -0.88505 0.02413 0.00346
0.86171 -0.13045 0.00340 0.02069
0.13853 0.85300 -0.02187 0.00335
-0.53909 -0.08263 0.00374 -0.02679
0.07339 -0.90488 0.02383 0.00188
0.61905 -0.05077 0.00206 0.02592
0.09499 0.44370 -0.02422 0.00530
-0.87017 0.11682 -0.00356 -0.02766
-0.02343 -0.44565 0.02115 -0.00122
0.85505 -0.18631 0.00437 0.01992
-0.07035 0.87603 -0.02895 -0.00222
-0.62725 0.11042 -0.00696 -0.03895
-0.04965 -0.76767 0.03217 -0.00243
0.79131 -0.06671 0.00190 0.02407
0.11400 0.76985 -0.02917 0.00422
-0.26489 -0.01679 0.00247 -0.03424
-0.13711 -0.81390 0.03227 -0.00512
0.86679 0.09863 -0.00229 0.02113
0.14480 0.93993 -0.03582 0.00545
-0.71997 0.11645 -0.00641 -0.03711
0.11515 -0.89947 0.03942 0.00480
0.61821 0.06344 -0.00247 0.02597
-0.04964 0.47674 -0.03266 -0.00296
-0.36395 0.00523 -0.00014 -0.02530
-0.02244 -0.49921 0.03596 -0.00112
0.72478 0.03531 -0.00115 0.02093
-0.03807 0.94990 -0.03520 -0.00140
-0.36627 -0.07687 0.00574 -0.03097
0.08936 -0.31458 0.03290 0.00944
0.34581 -0.00710 0.00086 0.02502
0.14118 0.91026 -0.03222 0.00485
-0.44414 0.03111 -0.00211 -0.02840
0.10455 -0.69969 0.02307 0.00378
0.99313 -0.01709 0.00062 0.03443
0.00178 0.74156 -0.02861 -0.00006
-0.55719 -0.08322 0.00503 -0.03687
-0.00428 -0.46554 0.03584 -0.00083
0.79373 0.14821 -0.00603 0.03303
-0.00280 0.66449 -0.02466 -0.00020
-0.83057 -0.25016 0.00868 -0.02807
-0.01996 -0.39948 0.03608 -0.00120
0.80000 -0.09527 0.00420 0.03762
-0.12835 0.87859 -0.02359 -0.00362
-0.92106 -0.12782 0.00292 -0.02044
-0.05617 -0.91984 0.03039 -0.00154
0.36399 0.07683 -0.00531 0.02692
0.06123 0.69014 -0.03641 0.00363
-0.69740 -0.04871 0.00211 -0.03506
0.05034 -0.70874 0.03790 0.00317
0.98498 0.16308 -0.00541 0.03199
-0.16017 0.65600 -0.02631 -0.00642
-0.50707 -0.02834 0.00128 -0.02107
0.11552 -0.99455 0.02315 0.00290
0.92481 -0.08228 0.00240 0.02915
-0.01967 0.63870 -0.02141 -0.00046
-0.89443 -0.37540 0.01449 -0.03526
0.20910 -0.82662 0.02861 0.00715
0.91141 0.10897 -0.00316 0.02799
-0.01623 0.73228 -0.03669 -0.00034
-0.58725 -0.10153 0.00570 -0.03464
0.13199 -0.47657 0.03194 0.00924
0.52094 0.23611 -0.01280 0.02963
-0.06769 0.31506 -0.03070 -0.00671
-0.93702 -0.18121 0.00790 -0.03913
0.13167 -0.66585 0.02057 0.00407
0.37341 -0.04028 0.00243 0.02743
-0.09203 0.83182 -0.03700 -0.00449
-0.75521 -0.04593 0.00113 -0.02006
0.11588 -0.51014 0.02534 0.00546
0.23911 0.02285 -0.00204 0.02409
-0.17956 0.55944 -0.03048 -0.00941
-0.91564 -0.36466 0.01279 -0.03241
0.08575 -0.41485 0.02638 0.00518
0.86688 -0.03941 0.00152 0.02927
-0.02756 0.77217 -0.03322 -0.00113
-0.85631 -0.16637 0.00699 -0.03761
0.03464 -0.66169 0.02785 0.00168
0.76032 0.22782 -0.00845 0.02959
-0.04188 0.36357 -0.03467 -0.00349
-0.77817 -0.12322 0.00548 -0.03339
0.12949 -0.73396 0.03868 0.00722
0.78542 0.15693 -0.00603 0.03171
0.00731 0.69779 -0.02263 0.00002
-0.28853 -0.04140 0.00227 -0.02008
0.15359 -0.97229 0.02004 0.00299
0.75687 0.18390 -0.00902 0.03872
-0.04488 0.51658 -0.03262 -0.00296
-0.40913 -0.18775 0.01131 -0.02578
0.14277 -0.32977 0.02009 0.00862
0.72596 0.34905 -0.01728 0.03496
-0.13720 0.70336 -0.03031 -0.00574
-0.94857 -0.24857 0.00748 -0.02780
0.36052 -0.75565 0.02930 0.01382
0.57019 0.16413 -0.00680 0.02352
-0.29309 0.72888 -0.03012 -0.01191
-0.84280 -0.19239 0.00722 -0.03234
0.09352 -0.65598 0.02290 0.00330
0.65742 0.32374 -0.01727 0.03558
-0.07601 0.51837 -0.02414 -0.00365
-0.40673 -0.07388 0.00404 -0.02244
0.12981 -0.31175 0.03334 0.01288
0.36556 0.18033 -0.01216 0.02489
-0.11743 0.88981 -0.02823 -0.00351
-0.31212 -0.07557 0.00770 -0.03104
0.20018 -0.81847 0.02994 0.00719
0.85961 0.19561 -0.00780 0.03440
-0.05846 0.31219 -0.02426 -0.00463
-0.63175 -0.20431 0.00650 -0.01969
0.19420 -0.37372 0.03305 0.01783
0.18886 0.09260 -0.01133 0.02260
-0.26971 0.55314 -0.03332 -0.01703
-0.75162 -0.12855 0.00677 -0.03884
0.17337 -0.39803 0.02302 0.01004
0.73730 0.39820 -0.01059 0.01989
-0.05987 0.79806 -0.02162 -0.00170
-0.83182 -0.23582 0.00684 -0.02357
0.12526 -0.72499 0.03417 0.00556
0.77501 0.38204 -0.01351 0.02681
-0.08816 0.61697 -0.03094 -0.00440
-0.43729 -0.18679 0.00980 -0.02363
0.14403 -0.71619 0.03223 0.00633
0.37433 0.23302 -0.01954 0.03080
-0.17408 0.53616 -0.02631 -0.00881
-0.30036 -0.14691 0.01037 -0.02097
0.40398 -0.91196 0.02463 0.01114
0.72874 0.38248 -0.01622 0.03139
-0.35331 0.83153 -0.02863 -0.01222
-0.64534 -0.12892 0.00819 -0.03875
0.16493 -0.57231 0.02007 0.00577
0.81249 0.42669 -0.01638 0.03065
-0.15033 0.70619 -0.03057 -0.00693
-0.58429 -0.29482 0.01673 -0.03345
0.11633 -0.26671 0.02901 0.01334
0.82313 0.23986 -0.01062 0.03757
-0.02599 0.21408 -0.02098 -0.00335
-0.40049 -0.10688 0.00810 -0.03252
0.21483 -0.72566 0.02876 0.00870
0.82460 0.23872 -0.00584 0.02046
-0.15583 0.57397 -0.02982 -0.00770
-0.61246 -0.46630 0.01276 -0.01719
0.15136 -0.49611 0.03585 0.01017
0.64432 0.24307 -0.00940 0.02545
-0.13029 0.41514 -0.02139 -0.00700
-0.79283 -0.21660 0.00678 -0.02498
0.42541 -0.87026 0.02590 0.01269
0.56172 0.40584 -0.01739 0.02445
-0.45114 0.81904 -0.02457 -0.01357
-0.49525 -0.17140 0.00942 -0.02710
0.26493 -0.70765 0.03326 0.01252
0.84863 0.21362 -0.00940 0.03623
-0.47573 0.60776 -0.02072 -0.01625
-0.79115 -0.15003 0.00509 -0.02513
0.32960 -0.50659 0.02257 0.01517
0.26028 0.13499 -0.01258 0.02573
-0.27727 0.73385 -0.02103 -0.00786
-0.90407 -0.42065 0.01438 -0.03163
0.30931 -0.94135 0.03559 0.01191
0.94508 0.29407 -0.00708 0.02237
-0.32728 0.46074 -0.02308 -0.01647
-0.79017 -0.47555 0.01850 -0.03063
0.23148 -0.59941 0.02808 0.01113
0.95431 0.21687 -0.00503 0.02185
-0.33397 0.92986 -0.02293 -0.00827
-0.93240 -0.34420 0.00716 -0.01975
0.52280 -0.71928 0.02091 0.01563
0.78406 0.48692 -0.02054 0.03211
-0.41418 0.54894 -0.01775 -0.01337
-0.53343 -0.38246 0.02173 -0.03013
0.21270 -0.86532 0.03105 0.00734
0.71800 0.51206 -0.02231 0.03058
-0.42720 0.72833 -0.02527 -0.01448
-0.30887 -0.10927 0.01263 -0.03652
0.21075 -0.32558 0.02511 0.01623
0.43717 0.22745 -0.01741 0.03316
-0.34279 0.82371 -0.03060 -0.01309
-0.62157 -0.35621 0.01581 -0.02799
0.25662 -0.76907 0.02748 0.00930
0.51970 0.46987 -0.01770 0.01966
-0.34268 0.42930 -0.02388 -0.01910
-0.84036 -0.36495 0.01295 -0.02955
0.29571 -0.57089 0.03280 0.01739
0.45709 0.35375 -0.01471 0.01946
-0.38139 0.87885 -0.02964 -0.01316
-0.46807 -0.38604 0.01850 -0.02173
0.19530 -0.46437 0.03207 0.01309
0.38653 0.11675 -0.00834 0.02726
-0.24287 0.61540 -0.03269 -0.01257
-0.43114 -0.16729 0.00903 -0.02190
0.41411 -0.70209 0.02530 0.01471
0.51150 0.38394 -0.01929 0.02619
-0.52063 0.81367 -0.02496 -0.01616
-0.46766 -0.20590 0.00967 -0.02102
0.12228 -0.24594 0.02845 0.01486
0.12570 0.11586 -0.02544 0.02665
-0.33464 0.61144 -0.03061 -0.01659
-0.61746 -0.54068 0.02353 -0.02684
0.15903 -0.29169 0.03091 0.01618
0.67097 0.61112 -0.02014 0.02200
-0.41076 0.79673 -0.02504 -0.01319
-0.51779 -0.35638 0.01450 -0.02111
0.37453 -0.64591 0.02472 0.01443
0.49155 0.38427 -0.01230 0.01643
-0.57976 0.66634 -0.01690 -0.01440
-0.35666 -0.23867 0.01964 -0.02989
0.48748 -0.48864 0.01651 0.01649
0.11941 0.07504 -0.01342 0.01796
-0.53525 0.68097 -0.02967 -0.02366
-0.80622 -0.41489 0.01015 -0.01975
0.39059 -0.53850 0.02355 0.01714
0.57266 0.37637 -0.01571 0.02396
-0.29260 0.50738 -0.01991 -0.01157
-0.64522 -0.69786 0.02910 -0.02721
0.31626 -0.62869 0.03414 0.01781
0.52028 0.30081 -0.01898 0.03329
-0.47492 0.70344 -0.02381 -0.01651
-0.59105 -0.38875 0.02207 -0.03275
0.21179 -0.17424 0.01900 0.02313
0.61427 0.32379 -0.01541 0.03043
-0.46496 0.85766 -0.02691 -0.01438
-0.56443 -0.41254 0.02143 -0.02901
0.41088 -0.45421 0.02421 0.02185
0.17421 0.10274 -0.01577 0.02690
-0.58635 0.72113 -0.02017 -0.01635
-0.15961 -0.13201 0.01783 -0.02175
0.07055 -0.13427 0.02825 0.01619
0.57190 0.38058 -0.02042 0.03119
-0.55145 0.80015 -0.03208 -0.02214
-0.57161 -0.52286 0.01947 -0.02089
0.21531 -0.30513 0.03279 0.02274
0.40611 0.21759 -0.01124 0.02129
-0.62118 0.75045 -0.01632 -0.01388
-0.60083 -0.65426 0.01963 -0.01796
0.45087 -0.53054 0.02852 0.02425
0.41171 0.31184 -0.01814 0.02366
-0.32793 0.55250 -0.03240 -0.01911
-0.39199 -0.23617 0.01090 -0.01808
0.20887 -0.35631 0.02643 0.01509
0.61369 0.53800 -0.02204 0.02481
-0.41041 0.75693 -0.02602 -0.01423
-0.57791 -0.63995 0.01868 -0.01662
0.33244 -0.68868 0.03387 0.01652
0.59612 0.38699 -0.02075 0.03231
-0.62433 0.51382 -0.01539 -0.01871
-0.41704 -0.32985 0.01287 -0.01661
0.49991 -0.55445 0.01782 0.01579
0.79309 0.60946 -0.01937 0.02498
-0.45097 0.57583 -0.01596 -0.01273
-0.55616 -0.39427 0.01636 -0.02359
0.67198 -0.72589 0.02399 0.02240
0.47244 0.44624 -0.01939 0.02085
-0.62522 0.54928 -0.02566 -0.02934
-0.69351 -0.65349 0.01570 -0.01643
0.55786 -0.53901 0.01580 0.01663
0.53145 0.42725 -0.02085 0.02568
-0.42924 0.53098 -0.02521 -0.02084
-0.68124 -0.69299 0.01586 -0.01556
0.32849 -0.35925 0.01658 0.01533
0.60161 0.71857 -0.02166 0.01777
-0.59472 0.65520 -0.02820 -0.02571
-0.21696 -0.27892 0.02481 -0.01971
0.35574 -0.33694 0.01936 0.01991
0.58649 0.65535 -0.02659 0.02390
-0.29309 0.20257 -0.01665 -0.02317
-0.68651 -0.45672 0.01834 -0.02726
0.28505 -0.41319 0.01674 0.01199
0.51137 0.38818 -0.01880 0.02497
-0.55087 0.60891 -0.02074 -0.01867
-0.51822 -0.75724 0.02310 -0.01588
0.38590 -0.48897 0.02274 0.01811
0.39438 0.35811 -0.01760 0.01898
-0.68994 0.57365 -0.01704 -0.02045
-0.49413 -0.61333 0.02687 -0.02166
0.56817 -0.57850 0.02029 0.01954
0.67111 0.60947 -0.01511 0.01661
-0.26004 0.20617 -0.02303 -0.03019
-0.61530 -0.68127 0.02255 -0.02033
0.62865 -0.42846 0.01246 0.01830
0.66977 0.56751 -0.01395 0.01656
-0.25589 0.31257 -0.02789 -0.02304
-0.51893 -0.76712 0.02609 -0.01750
0.44710 -0.40674 0.01908 0.02057
0.48991 0.53153 -0.02931 0.02667
-0.34921 0.45566 -0.02805 -0.02174
-0.56060 -0.66686 0.03031 -0.02531
0.29212 -0.33907 0.01547 0.01361
0.38961 0.46383 -0.02806 0.02393
-0.43963 0.40058 -0.02045 -0.02286
-0.75633 -0.54482 0.01275 -0.01779
0.73654 -0.58661 0.02389 0.02976
0.26583 0.42279 -0.03258 0.02020
-0.56936 0.35679 -0.02110 -0.03241
-0.54920 -0.70842 0.01748 -0.01362
0.66601 -0.74261 0.02236 0.02016
0.49929 0.59121 -0.01896 0.01593
-0.57710 0.62590 -0.01568 -0.01478
-0.43802 -0.36178 0.01403 -0.01704
0.75311 -0.56734 0.01505 0.02039
0.48308 0.83400 -0.03048 0.01796
-0.73451 0.57024 -0.01883 -0.02417
-0.63142 -0.77255 0.02688 -0.02219
0.52355 -0.56164 0.01627 0.01498
0.34113 0.36021 -0.01553 0.01513
-0.35831 0.32217 -0.02133 -0.02385
-0.67531 -0.66637 0.02076 -0.02124
0.62786 -0.34188 0.01848 0.03445
0.75626 0.60109 -0.02032 0.02549
-0.77616 0.52782 -0.01868 -0.02731
-0.66831 -0.64655 0.01935 -0.01952
0.75622 -0.47643 0.01443 0.02358
0.36700 0.35004 -0.02164 0.02200
-0.71686 0.39404 -0.01502 -0.02676
-0.47499 -0.58179 0.02133 -0.01787
0.75813 -0.52307 0.01443 0.02087
0.54340 0.59492 -0.01517 0.01394
-0.64798 0.63830 -0.01412 -0.01429
-0.54530 -0.49033 0.01850 -0.01995
0.31834 -0.28144 0.02023 0.02348
0.65213 0.57123 -0.01710 0.01987
-0.55890 0.27410 -0.01159 -0.02274
-0.08527 -0.17730 0.02531 -0.01329
0.60919 -0.33700 0.00962 0.01788
0.40411 0.67346 -0.01924 0.01168
-0.69431 0.48168 -0.01849 -0.02592
-0.43841 -0.59603 0.01790 -0.01294
0.51045 -0.22225 0.00905 0.02173
0.64871 0.73231 -0.02709 0.02375
-0.53168 0.45738 -0.02456 -0.02822
-0.27838 -0.28252 0.02652 -0.02576
0.62809 -0.56278 0.01610 0.01769
0.40311 0.51806 -0.02991 0.02296
-0.76354 0.34942 -0.01171 -0.02585
-0.56775 -0.72815 0.01964 -0.01535
0.60404 -0.26564 0.01543 0.03411
0.16926 0.34299 -0.02410 0.01155
-0.60890 0.25373 -0.01313 -0.03136
-0.30163 -0.68127 0.03164 -0.01382
0.36532 -0.31185 0.02219 0.02569
0.28401 0.78484 -0.02414 0.00855
-0.51621 0.37351 -0.01368 -0.01895
-0.43173 -0.81355 0.03265 -0.01738
0.79068 -0.30469 0.01415 0.03679
0.26858 0.58777 -0.02424 0.01104
-0.46432 0.40258 -0.01535 -0.01764
-0.31071 -0.78722 0.02143 -0.00873
0.43797 -0.42368 0.02740 0.02849
0.46403 0.81123 -0.02568 0.01435
-0.48315 0.39943 -0.02416 -0.02914
-0.11344 -0.25376 0.02902 -0.01281
0.72602 -0.53487 0.01462 0.01963
0.47640 0.82578 -0.02576 0.01488
-0.73781 0.38707 -0.01278 -0.02486
-0.52783 -0.76692 0.02362 -0.01645
0.75589 -0.25400 0.01130 0.03312
0.44043 0.51198 -0.03041 0.02568
-0.76579 0.21184 -0.00929 -0.03265
-0.36822 -0.52826 0.03144 -0.02230
0.46669 -0.20538 0.01181 0.02723
0.34611 0.60333 -0.03415 0.01969
-0.48281 0.27990 -0.01915 -0.03289
-0.47577 -0.87011 0.02212 -0.01221
0.42920 -0.14626 0.01139 0.03159
0.42607 0.59261 -0.03156 0.02251
-0.86648 0.43428 -0.01274 -0.02569
-0.49201 -0.76818 0.02235 -0.01440
0.75919 -0.47682 0.01489 0.02362
0.37457 0.85719 -0.02948 0.01286
-0.41304 0.15792 -0.00910 -0.02412
-0.29505 -0.68757 0.03496 -0.01479
0.30625 -0.14408 0.00845 0.01946
0.03372 0.12261 -0.02206 0.00741
-0.54048 0.21148 -0.00998 -0.02578
-0.42111 -0.53949 0.02230 -0.01764
0.18259 -0.10759 0.01073 0.01874
0.20684 0.65249 -0.02041 0.00640
-0.89780 0.21386 -0.00924 -0.03759
-0.47977 -0.68961 0.02255 -0.01590
0.96281 -0.26534 0.00835 0.02909
0.42376 0.63466 -0.02411 0.01629
-0.70368 0.23138 -0.01220 -0.03686
-0.23467 -0.58687 0.02204 -0.00915
0.81402 -0.26444 0.01095 0.03473
0.14794 0.49030 -0.02036 0.00570
-0.63765 0.48968 -0.02035 -0.02680
-0.21435 -0.27351 0.02639 -0.02136
0.58458 -0.25054 0.01307 0.03055
0.17757 0.58326 -0.03301 0.01008
-0.66853 0.25420 -0.00959 -0.02451
-0.18218 -0.84264 0.02306 -0.00516
0.42563 -0.15191 0.01118 0.03335
0.47353 0.82064 -0.02576 0.01512
-0.59564 0.16307 -0.00824 -0.02928
-0.25928 -0.85171 0.03788 -0.01179
0.31300 -0.07277 0.00801 0.03568
0.19637 0.37971 -0.02138 0.01109
-0.77751 0.27876 -0.00820 -0.02265
-0.25216 -0.70802 0.03124 -0.01115
0.93724 -0.20036 0.00636 0.03077
0.13716 0.73430 -0.03355 0.00642
-0.66790 0.26727 -0.00920 -0.02383
-0.27179 -0.41586 0.02832 -0.01876
0.82726 -0.25741 0.01037 0.03282
0.14926 0.49328 -0.03089 0.00963
-0.63075 0.35472 -0.01467 -0.02582
-0.25457 -0.78768 0.03470 -0.01107
0.80854 -0.34512 0.00928 0.02135
0.29008 0.82654 -0.03058 0.01101
-0.82268 0.43146 -0.01218 -0.02306
-0.13106 -0.41949 0.03483 -0.01053
0.38202 -0.19895 0.01042 0.01974
0.22696 0.46307 -0.02478 0.01233
-0.95251 0.14899 -0.00598 -0.03760
-0.19824 -0.85532 0.03855 -0.00850
0.78950 -0.15710 0.00522 0.02669
0.36734 0.67515 -0.03428 0.01866
-0.92604 0.15371 -0.00372 -0.02298
-0.18486 -0.78251 0.01998 -0.00480
0.93275 -0.16795 0.00542 0.03053
0.20298 0.50197 -0.03312 0.01389
-0.88496 0.22284 -0.00871 -0.03417
-0.05609 -0.46102 0.03412 -0.00452
0.79855 -0.34179 0.01207 0.02922
0.16379 0.53496 -0.02615 0.00771
-0.34819 0.10984 -0.00822 -0.02510
-0.24121 -0.89516 0.03667 -0.00962
0.64823 -0.21150 0.00601 0.01922
0.06094 0.79516 -0.02409 0.00212
-0.49929 0.09801 -0.00614 -0.03159
-0.27571 -0.94369 0.02211 -0.00643
0.40630 -0.09715 0.00776 0.02982
0.10360 0.72283 -0.03357 0.00446
-0.79152 0.19058 -0.00830 -0.03552
-0.07027 -0.43601 0.02130 -0.00306
0.92214 -0.33702 0.01106 0.03006
0.15880 0.91566 -0.02430 0.00404
-0.34985 0.16339 -0.01639 -0.03467
-0.15901 -0.88086 0.02022 -0.00364
0.36960 -0.08960 0.00924 0.03750
0.10275 0.23550 -0.02054 0.00894
-0.69607 0.27225 -0.01475 -0.03712
-0.34875 -0.92773 0.02793 -0.01022
0.68188 -0.25764 0.00870 0.02392
0.05786 0.91005 -0.03811 0.00245
-0.75727 0.15386 -0.00727 -0.03490
-0.35363 -0.79713 0.03604 -0.01593
0.75979 -0.23459 0.00658 0.02117
0.11183 0.92210 -0.02690 0.00310
-0.56704 0.04438 -0.00192 -0.02246
-0.24432 -0.81663 0.02885 -0.00834
0.76398 -0.17642 0.00651 0.02859
0.07139 0.57694 -0.03804 0.00422
-0.62001 0.01772 -0.00110 -0.03206
-0.07726 -0.76228 0.03285 -0.00329
0.88355 0.01413 -0.00049 0.03563
0.42323 0.89125 -0.03302 0.01556
-0.52887 0.04108 -0.00137 -0.02296
-0.23686 -0.80525 0.02171 -0.00657
0.68679 -0.22970 0.01138 0.03470
0.06839 0.55705 -0.03439 0.00384
-0.53640 0.11261 -0.00802 -0.03459
-0.03686 -0.53001 0.03934 -0.00350
0.49213 -0.07029 0.00455 0.03367
0.04380 0.66147 -0.03733 0.00251
-0.32501 0.07909 -0.00718 -0.02576
-0.14475 -0.46313 0.02356 -0.00694
0.88663 -0.29550 0.01184 0.03564
0.09607 0.83756 -0.03670 0.00383
-0.78484 0.18637 -0.00615 -0.02671
-0.18084 -0.45619 0.02353 -0.00953
0.77340 -0.06744 0.00202 0.02665
-0.03905 0.50986 -0.03839 -0.00240
-0.39743 0.06422 -0.00714 -0.03908
-0.11842 -0.54915 0.03213 -0.00691
0.93646 -0.27475 0.00951 0.03306
0.19689 0.55463 -0.03651 0.01269
-0.80316 0.27270 -0.01135 -0.03481
0.02201 -0.43442 0.02945 0.00153
0.98870 -0.09905 0.00293 0.03159
0.10196 0.58408 -0.03337 0.00619
-0.92283 0.34100 -0.00752 -0.02080
-0.14823 -0.84366 0.02844 -0.00499
0.51160 0.00393 -0.00006 0.03418
-0.04314 0.94178 -0.02085 -0.00112
-0.45991 0.10877 -0.00777 -0.03216
-0.20292 -0.98006 0.02595 -0.00543
0.62713 0.06979 -0.00283 0.02871
0.09707 0.67943 -0.02719 0.00408
-0.86347 -0.01573 0.00050 -0.02209
-0.06304 -0.24720 0.02092 -0.00582
0.87083 -0.20234 0.00495 0.02243
0.23200 0.94280 -0.03489 0.00832
-0.78091 -0.06368 0.00176 -0.02156
-0.21506 -0.87254 0.03007 -0.00713
0.18592 -0.01622 0.00168 0.03372
-0.02411 0.36285 -0.03587 -0.00288
-0.78346 0.06162 -0.00244 -0.02944
-0.00569 -0.63986 0.03207 -0.00010
0.84470 0.08234 -0.00384 0.03930
0.15591 0.83141 -0.03043 0.00547
-0.79937 -0.07279 0.00345 -0.03552
-0.07195 -0.85208 0.02049 -0.00153
0.96337 0.00712 -0.00052 0.03171
0.14223 0.70939 -0.03251 0.00630
-0.53365 -0.03601 0.00249 -0.02976
-0.05474 -0.67979 0.03586 -0.00293
0.75647 0.01878 -0.00094 0.02890
0.02483 0.34396 -0.03200 0.00240
-0.86886 -0.10117 0.00365 -0.03082
-0.02358 -0.98894 0.02055 -0.00060
0.55327 -0.05644 0.00284 0.03110
-0.13568 0.72374 -0.03272 -0.00593
-0.56024 -0.09074 0.00595 -0.03722
-0.11650 -0.64039 0.02815 -0.00472
0.85179 0.06348 -0.00273 0.03647
-0.02889 0.81369 -0.02799 -0.00088
-0.76860 -0.04703 0.00232 -0.03952
-0.05778 -0.89957 0.02692 -0.00189
0.95017 -0.16204 0.00600 0.03741
-0.00028 0.78312 -0.03515 0.00013
-0.82403 -0.16373 0.00611 -0.03002
0.13219 -0.94689 0.02748 0.00361
0.31112 -0.04583 0.00303 0.02152
0.00505 0.73204 -0.03350 -0.00002
-0.54776 -0.11087 0.00473 -0.02262
0.03449 -0.52202 0.03056 0.00152
0.84786 -0.14326 0.00466 0.02768
-0.10461 0.84015 -0.02552 -0.00315
-0.42441 -0.08384 0.00495 -0.02252
0.03424 -0.22529 0.03778 0.00420
0.42515 0.01254 -0.00163 0.03129
-0.00874 0.47283 -0.03346 -0.00053
-0.20991 0.01542 -0.00246 -0.02687
-0.03913 -0.52254 0.02057 -0.00131
0.30567 -0.05756 0.00383 0.02238
-0.06767 0.52529 -0.02355 -0.00299
-0.84109 -0.00283 0.00052 -0.03979
0.09410 -0.31596 0.03262 0.01059
0.83167 0.24727 -0.00980 0.03228
0.09940 0.86534 -0.02634 0.00327
-0.67838 0.06886 -0.00341 -0.03379
0.20501 -0.72864 0.02748 0.00740
0.54693 0.01998 -0.00081 0.02103
-0.02783 0.36961 -0.02365 -0.00118
-0.94462 0.09183 -0.00305 -0.02978
0.05713 -0.83108 0.02545 0.00155
0.58398 0.03189 -0.00199 0.03242
0.02965 0.72608 -0.02889 0.00122
-0.28102 -0.04808 0.00728 -0.03718
0.09588 -0.77966 0.03125 0.00419
0.15129 0.00205 -0.00001 0.03436
-0.08247 0.64336 -0.03902 -0.00512
-0.76451 -0.13431 0.00351 -0.02025
0.17539 -0.73851 0.03737 0.00882
0.61998 0.08647 -0.00261 0.01988
-0.08403 0.45668 -0.03743 -0.00671
-0.84885 -0.09656 0.00424 -0.03725
0.15962 -0.72357 0.03601 0.00814
0.89587 0.00963 -0.00033 0.03975
-0.15393 0.73626 -0.02716 -0.00574
-0.21535 -0.02528 0.00224 -0.03038
0.06819 -0.84988 0.02127 0.00180
0.97856 0.07728 -0.00267 0.03146
-0.16453 0.82709 -0.03567 -0.00685
-0.09062 -0.00992 0.00331 -0.02993
0.04453 -0.21922 0.02449 0.00579
0.58412 -0.03006 0.00220 0.03376
-0.15600 0.46471 -0.03123 -0.00987
-0.71117 -0.10068 0.00318 -0.02373
0.01178 -0.37215 0.02800 0.00130
0.45585 -0.02988 0.00176 0.03857
-0.04501 0.31038 -0.03461 -0.00542
-0.84804 -0.19023 0.00542 -0.02486
0.18330 -0.59972 0.03259 0.00980
0.21393 0.08149 -0.00904 0.02497
-0.05373 0.40876 -0.02857 -0.00420
-0.81381 -0.12543 0.00395 -0.02423
0.12716 -0.83898 0.02097 0.00319
0.64607 0.05554 -0.00222 0.02282
-0.23118 0.74949 -0.03615 -0.01142
-0.60359 -0.20401 0.01272 -0.03718
0.07424 -0.52319 0.02204 0.00300
0.70553 0.14828 -0.00740 0.03411
-0.02004 0.49658 -0.02498 -0.00138
-0.38856 -0.05091 0.00431 -0.02847
0.20598 -0.68794 0.03506 0.01010
0.94762 0.19109 -0.00586 0.02960
-0.12336 0.67629 -0.02455 -0.00460
-0.65175 -0.21131 0.00816 -0.02610
0.10302 -0.90892 0.03303 0.00346
0.89780 0.06292 -0.00293 0.03656
-0.12840 0.56862 -0.02750 -0.00653
-0.80910 -0.24237 0.01125 -0.03833
0.19116 -0.50515 0.02452 0.00878
0.50264 0.21909 -0.00957 0.02169
-0.14834 0.96786 -0.03583 -0.00557
-0.93743 -0.28181 0.01093 -0.03732
0.25243 -0.72054 0.03661 0.01287
0.30872 0.10489 -0.00838 0.02270
-0.11355 0.54012 -0.02701 -0.00546
-0.96265 -0.24153 0.00518 -0.02113
0.10238 -0.81130 0.02225 0.00262
0.80975 0.32450 -0.01471 0.03535
-0.06119 0.48160 -0.03531 -0.00433
-0.87279 -0.33941 0.01114 -0.02846
0.22242 -0.46412 0.02093 0.00983
0.82632 0.40727 -0.01690 0.03417
-0.21153 0.88536 -0.03640 -0.00894
-0.85262 -0.03400 0.00152 -0.03217
0.03160 -0.17324 0.02176 0.00409
0.76702 0.42029 -0.01624 0.02974
-0.12708 0.54356 -0.03329 -0.00803
-0.76320 -0.17287 0.00457 -0.01961
0.25572 -0.88522 0.02510 0.00752
0.70789 0.10917 -0.00349 0.02084
-0.26988 0.71120 -0.02052 -0.00808
-0.47082 -0.18321 0.01432 -0.03442
0.21256 -0.66630 0.02821 0.00927
0.54342 0.04634 -0.00294 0.02920
-0.05910 0.18869 -0.03381 -0.00857
-0.58981 -0.15158 0.00479 -0.01966
0.31729 -0.66121 0.02517 0.01180
0.87471 0.14717 -0.00527 0.03128
-0.37852 0.82897 -0.03497 -0.01583
-0.96813 -0.08284 0.00221 -0.02459
0.21041 -0.83397 0.02047 0.00499
0.55091 0.27819 -0.01640 0.03231
-0.25207 0.96150 -0.03393 -0.00885
-0.66918 -0.30517 0.01337 -0.02919
0.13721 -0.72546 0.03063 0.00546
0.33402 0.23079 -0.02102 0.03158
-0.42086 0.67675 -0.01754 -0.01068
-0.82131 -0.22120 0.00982 -0.03635
0.09763 -0.27652 0.02595 0.00944
0.66689 0.35952 -0.01525 0.02873
-0.07114 0.69177 -0.03105 -0.00324
-0.55032 -0.15217 0.01078 -0.03785
0.09825 -0.44374 0.02601 0.00539
0.48813 0.19326 -0.01115 0.02905
-0.23543 0.78976 -0.02214 -0.00682
-0.61909 -0.15518 0.00684 -0.02776
0.21231 -0.47768 0.03648 0.01580
0.49281 0.15830 -0.01079 0.03472
-0.26296 0.46057 -0.01933 -0.01095
-0.12706 -0.08212 0.01162 -0.01832
0.14237 -0.83712 0.03496 0.00625
0.60361 0.17601 -0.01175 0.03788
-0.17369 0.51403 -0.02404 -0.00803
-0.27846 -0.12186 0.01437 -0.02965
0.43689 -0.57614 0.02475 0.01821
0.37584 0.19272 -0.01896 0.03502
-0.31026 0.86900 -0.03122 -0.01146
-0.62711 -0.32865 0.01285 -0.02567
0.27236 -0.48076 0.02967 0.01670
0.87094 0.30119 -0.00770 0.02142
-0.16217 0.42712 -0.03176 -0.01293
-0.83054 -0.20649 0.00535 -0.02225
0.28407 -0.62470 0.01865 0.00823
0.85798 0.32685 -0.00795 0.02121
-0.17225 0.34224 -0.03546 -0.01744
-0.64401 -0.47743 0.01985 -0.02710
0.57519 -0.80427 0.02986 0.02132
0.67898 0.14973 -0.00529 0.02358
-0.38659 0.73693 -0.02589 -0.01331
-0.71830 -0.15025 0.00419 -0.02065
0.06655 -0.08923 0.03262 0.02118
0.16864 0.07834 -0.01009 0.02401
-0.21196 0.62145 -0.02824 -0.01002
-0.72584 -0.49722 0.01496 -0.02235
0.36339 -0.63235 0.01758 0.00994
0.25316 0.09586 -0.00935 0.02418
-0.27347 0.60826 -0.02252 -0.00982
-0.52248 -0.30459 0.01727 -0.02973
0.19224 -0.58471 0.02903 0.00936
0.33709 0.15198 -0.01044 0.02419
-0.19423 0.62603 -0.02970 -0.00920
-0.34233 -0.11263 0.00981 -0.02866
0.31110 -0.63546 0.02453 0.01188
0.76302 0.36663 -0.00935 0.02005
-0.26028 0.56787 -0.03170 -0.01436
-0.33952 -0.11772 0.00924 -0.02614
0.52593 -0.75638 0.03081 0.02103
0.73277 0.25719 -0.00965 0.02717
-0.25355 0.30966 -0.02405 -0.01898
-0.40035 -0.30576 0.01894 -0.02369
0.10384 -0.24486 0.02837 0.01056
0.59295 0.26666 -0.01390 0.02956
-0.52813 0.71380 -0.02964 -0.02233
-0.49428 -0.32010 0.02040 -0.03172
0.46787 -0.87769 0.02021 0.01087
0.63304 0.32658 -0.00999 0.01900
-0.44804 0.79716 -0.01857 -0.01060
-0.52769 -0.41018 0.01948 -0.02556
0.15022 -0.17486 0.02716 0.02226
0.47103 0.30607 -0.02030 0.03094
-0.24715 0.32768 -0.02893 -0.02088
-0.53057 -0.44978 0.01721 -0.02008
0.40321 -0.45652 0.02724 0.02423
0.76381 0.43091 -0.01413 0.02488
-0.63306 0.70028 -0.01865 -0.01645
-0.39020 -0.23528 0.01741 -0.02831
0.31449 -0.81372 0.02319 0.00895
0.52152 0.21268 -0.01060 0.02580
-0.15516 0.18099 -0.01977 -0.01585
-0.62860 -0.25351 0.01354 -0.03258
0.45660 -0.57902 0.02826 0.02210
0.76869 0.50619 -0.01391 0.02058
-0.58783 0.73054 -0.02709 -0.02239
-0.65441 -0.54174 0.02356 -0.02884
0.37289 -0.91141 0.02170 0.00904
0.47566 0.42952 -0.01701 0.01849
-0.32278 0.28998 -0.02361 -0.02628
-0.06828 -0.07923 0.02742 -0.02711
0.40030 -0.89893 0.02932 0.01317
0.79590 0.50714 -0.01522 0.02425
-0.26477 0.54670 -0.02025 -0.00994
-0.39174 -0.15288 0.01056 -0.02556
0.66569 -0.72624 0.02938 0.02688
0.34151 0.24152 -0.01652 0.02420
-0.29872 0.42303 -0.02695 -0.01906
-0.38937 -0.27070 0.02091 -0.03094
0.19894 -0.36149 0.02842 0.01626
0.51775 0.44506 -0.02351 0.02746
-0.56413 0.74613 -0.02984 -0.02263
-0.51008 -0.26748 0.01045 -0.01886
0.31024 -0.42804 0.02539 0.01775
0.31948 0.19279 -0.01849 0.03040
-0.66793 0.69278 -0.01990 -0.01919
-0.73141 -0.52847 0.01942 -0.02694
0.26008 -0.43766 0.02194 0.01299
0.74393 0.40151 -0.01676 0.03068
-0.69885 0.70179 -0.02415 -0.02384
-0.68868 -0.61186 0.01557 -0.01750
0.41899 -0.72446 0.02302 0.01289
0.40551 0.37138 -0.01824 0.02046
-0.53069 0.72079 -0.02773 -0.01993
-0.62800 -0.64134 0.01579 -0.01525
0.35243 -0.30860 0.01483 0.01669
0.24008 0.20156 -0.02439 0.02894
-0.15129 0.20000 -0.02673 -0.02046
-0.71443 -0.54571 0.02376 -0.03073
0.44384 -0.41935 0.02151 0.02286
0.51591 0.53470 -0.02180 0.02104
-0.40418 0.30490 -0.02212 -0.02945
-0.64683 -0.56575 0.01806 -0.02057
0.45928 -0.70457 0.01908 0.01277
0.55137 0.46978 -0.02322 0.02812
-0.25189 0.37925 -0.02453 -0.01646
-0.25659 -0.26741 0.02069 -0.01921
0.45408 -0.50165 0.02294 0.02092
0.07111 0.05086 -0.01552 0.02028
-0.36680 0.55457 -0.02774 -0.01811
-0.26669 -0.31111 0.02638 -0.02297
0.09831 -0.14668 0.03291 0.02040
0.61632 0.77494 -0.02768 0.02177
-0.41441 0.43589 -0.02140 -0.02029
-0.80326 -0.55297 0.01168 -0.01705
0.42398 -0.42286 0.02437 0.02354
0.64290 0.48584 -0.01462 0.01904
-0.35986 0.33786 -0.02514 -0.02769
-0.32041 -0.31611 0.01787 -0.01861
0.12251 -0.17850 0.03013 0.02018
0.70882 0.67041 -0.01703 0.01809
-0.21938 0.19534 -0.01320 -0.01531
-0.21328 -0.32728 0.02258 -0.01577
0.50933 -0.36065 0.02044 0.02918
0.56604 0.51054 -0.02678 0.02949
-0.36447 0.24538 -0.01421 -0.02012
-0.77034 -0.47978 0.01562 -0.02573
0.18893 -0.24431 0.01692 0.01297
0.70434 0.57738 -0.02308 0.02807
-0.66433 0.40217 -0.01613 -0.02638
-0.59634 -0.58960 0.02554 -0.02595
0.71089 -0.62973 0.01503 0.01735
0.53390 0.43158 -0.01550 0.01865
-0.43384 0.45629 -0.02470 -0.02365
-0.38348 -0.55045 0.01715 -0.01228
0.79996 -0.57652 0.01296 0.01834
0.30197 0.41580 -0.02803 0.02026
-0.61847 0.52896 -0.02408 -0.02823
-0.28199 -0.36937 0.01960 -0.01494
0.32124 -0.29441 0.02516 0.02749
0.26994 0.28697 -0.02826 0.02725
-0.54494 0.40250 -0.02020 -0.02690
-0.30249 -0.26921 0.01960 -0.02109
0.82070 -0.50010 0.01797 0.02984
0.68618 0.51632 -0.01935 0.02567
-0.51677 0.44208 -0.01572 -0.01850
-0.30485 -0.39289 0.02605 -0.02068
0.39978 -0.34174 0.02528 0.02891
0.57220 0.74513 -0.02489 0.01916
-0.55518 0.40436 -0.01317 -0.01807
-0.47144 -0.38084 0.02117 -0.02616
0.47891 -0.41989 0.01591 0.01788
0.64409 0.70743 -0.01694 0.01557
-0.70150 0.46129 -0.01741 -0.02650
-0.67418 -0.59842 0.01374 -0.01540
0.24559 -0.21130 0.01869 0.02141
0.71949 0.61993 -0.01685 0.01922
-0.72216 0.62027 -0.02297 -0.02700
-0.23605 -0.27673 0.01556 -0.01317
0.24207 -0.29514 0.02286 0.01834
0.29004 0.42048 -0.03002 0.02048
-0.52534 0.36254 -0.02029 -0.02997
-0.66849 -0.67533 0.02567 -0.02559
0.32250 -0.40757 0.02784 0.02174
0.48672 0.75444 -0.03251 0.02087
-0.61277 0.50874 -0.01757 -0.02096
-0.52778 -0.55101 0.02253 -0.02227
0.30528 -0.18668 0.01497 0.02410
0.21205 0.25102 -0.02342 0.01912
-0.85545 0.38044 -0.01480 -0.03259
-0.43605 -0.74748 0.02993 -0.01701
0.05612 -0.06546 0.02707 0.02499
0.48689 0.86188 -0.02902 0.01637
-0.67198 0.42674 -0.01924 -0.03004
-0.37391 -0.55762 0.01818 -0.01234
0.54103 -0.36950 0.01120 0.01666
0.41030 0.53375 -0.02010 0.01562
-0.77258 0.36574 -0.01439 -0.03036
-0.33614 -0.48123 0.02275 -0.01660
0.43561 -0.26010 0.01218 0.02084
0.15156 0.16444 -0.02333 0.02176
-0.49843 0.24421 -0.01077 -0.02248
-0.31987 -0.54680 0.02677 -0.01602
0.37245 -0.17713 0.01247 0.02591
0.29765 0.41606 -0.03229 0.02222
-0.67690 0.47158 -0.01208 -0.01773
-0.60590 -0.72627 0.01749 -0.01456
0.49047 -0.36282 0.01531 0.02052
0.41420 0.45443 -0.02212 0.02017
-0.84319 0.53586 -0.01607 -0.02562
-0.25486 -0.69832 0.03596 -0.01375
0.66986 -0.28168 0.01095 0.02553
0.55372 0.71551 -0.03084 0.02359
-0.54145 0.55212 -0.01691 -0.01667
-0.30346 -0.40389 0.02355 -0.01802
0.42203 -0.27437 0.01702 0.02539
0.28150 0.59832 -0.02724 0.01264
-0.43741 0.32016 -0.01217 -0.01733
-0.38948 -0.81399 0.03259 -0.01539
0.57953 -0.49547 0.01519 0.01779
0.22174 0.54659 -0.03287 0.01380
-0.55315 0.31810 -0.01025 -0.01846
-0.32136 -0.50950 0.01697 -0.01088
0.38269 -0.14304 0.01166 0.03097
0.15041 0.39102 -0.03313 0.01304
-0.69758 0.45299 -0.01385 -0.02129
-0.32226 -0.66837 0.02047 -0.00980
0.45571 -0.34200 0.02310 0.03067
0.26906 0.45695 -0.03319 0.01976
-0.74822 0.63469 -0.02238 -0.02589
-0.43835 -0.66855 0.03260 -0.02172
0.80892 -0.35015 0.01460 0.03255
0.40900 0.68349 -0.02126 0.01241
-0.76821 0.29652 -0.01130 -0.03046
-0.36720 -0.69397 0.03346 -0.01772
0.56323 -0.43101 0.02228 0.02817
0.24929 0.85361 -0.02708 0.00770
-0.31477 0.21195 -0.01525 -0.02287
-0.25402 -0.65981 0.03620 -0.01444
0.87435 -0.48487 0.01594 0.02891
0.22346 0.48527 -0.02119 0.00978
-0.78137 0.29917 -0.01322 -0.03528
-0.23039 -0.44541 0.03120 -0.01614
0.78390 -0.29734 0.00816 0.02171
0.16286 0.44932 -0.02814 0.00985
-0.69441 0.35849 -0.01534 -0.02908
-0.31953 -0.77475 0.03054 -0.01242
0.89751 -0.39346 0.01415 0.03287
0.24201 0.58057 -0.01848 0.00787
-0.76293 0.56775 -0.01532 -0.02049
-0.19098 -0.34177 0.03172 -0.01726
0.30228 -0.22428 0.02061 0.02861
0.26514 0.63879 -0.02588 0.01092
-0.80657 0.48086 -0.01728 -0.02883
-0.31503 -0.85752 0.02763 -0.00999
0.15715 -0.07084 0.01236 0.03207
0.47700 0.65964 -0.03166 0.02273
-0.59094 0.22242 -0.01222 -0.03168
-0.11598 -0.39685 0.02309 -0.00710
0.66883 -0.49731 0.02306 0.03115
0.41241 0.59073 -0.01654 0.01154
-0.39721 0.12968 -0.00833 -0.02665
-0.42306 -0.79260 0.02217 -0.01177
0.71104 -0.23795 0.00736 0.02136
0.20012 0.57476 -0.03180 0.01105
-0.79553 0.37792 -0.01594 -0.03390
-0.24391 -0.72269 0.03599 -0.01244
0.74304 -0.46894 0.01872 0.03034
0.15882 0.82616 -0.02917 0.00523
-0.52791 0.34481 -0.01805 -0.02742
-0.20536 -0.35710 0.03394 -0.01991
0.09797 -0.03710 0.00715 0.02027
0.17647 0.34298 -0.01880 0.00968
-0.56339 0.37344 -0.01746 -0.02611
-0.24411 -0.70964 0.02458 -0.00834
0.55230 -0.26136 0.01139 0.02448
0.13748 0.64405 -0.01981 0.00430
-0.24343 0.13246 -0.01368 -0.02426
-0.26339 -0.72154 0.02567 -0.00977
0.86344 -0.22469 0.00592 0.02230
0.17913 0.30786 -0.03038 0.01820
-0.54409 0.22853 -0.01361 -0.03276
-0.17617 -0.82817 0.03803 -0.00788
0.81244 -0.37418 0.01526 0.03334
0.09021 0.53846 -0.02934 0.00515
-0.54614 0.08913 -0.00642 -0.03827
-0.15655 -0.58813 0.03344 -0.00912
0.51689 -0.11495 0.00757 0.03316
0.16206 0.74333 -0.02080 0.00460
-0.88985 0.33221 -0.01287 -0.03523
-0.17852 -0.57604 0.02353 -0.00693
0.91901 -0.09761 0.00361 0.03494
0.44722 0.71921 -0.02011 0.01227
-0.70662 0.36228 -0.00999 -0.01903
-0.26759 -0.83752 0.02836 -0.00899
0.75053 -0.18475 0.00984 0.03826
0.09037 0.48036 -0.02779 0.00468
-0.13455 0.02320 -0.00822 -0.03633
-0.14981 -0.24909 0.01807 -0.01127
0.78783 -0.09212 0.00297 0.02298
0.27047 0.58549 -0.02595 0.01148
-0.15689 0.02466 -0.00338 -0.02528
-0.29457 -0.69620 0.03592 -0.01501
0.76387 -0.35460 0.01128 0.02441
0.15298 0.86077 -0.02337 0.00401
-0.19942 0.06569 -0.00873 -0.02877
-0.05412 -0.40423 0.03134 -0.00457
0.61990 -0.23738 0.01260 0.03337
0.11785 0.77795 -0.02594 0.00381
-0.93932 0.13698 -0.00543 -0.03756
-0.24353 -0.57696 0.03624 -0.01565
0.54995 -0.23214 0.01175 0.02706
0.06544 0.45286 -0.02726 0.00453
-0.75258 0.18432 -0.00709 -0.02992
-0.16308 -0.95415 0.03567 -0.00591
0.89274 -0.11600 0.00344 0.02511
0.18511 0.86408 -0.02732 0.00615
-0.92203 0.04699 -0.00163 -0.02717
-0.18756 -0.38972 0.03017 -0.01469
0.87241 -0.24658 0.00807 0.02928
0.18516 0.61116 -0.02444 0.00713
-0.67170 0.31883 -0.01619 -0.03349
-0.11635 -0.56930 0.02649 -0.00519
0.63887 -0.09803 0.00402 0.02616
0.11911 0.87092 -0.02701 0.00396
-0.88235 0.16945 -0.00513 -0.02620
-0.14202 -0.80287 0.02165 -0.00361
0.27824 -0.13034 0.01167 0.02321
0.29434 0.61434 -0.02015 0.00947
-0.30547 0.10131 -0.01183 -0.03213
-0.00262 -0.46062 0.02194 -0.00026
0.90092 -0.32978 0.01330 0.03632
0.14839 0.70444 -0.03340 0.00697
-0.90569 0.25800 -0.01045 -0.03710
-0.30813 -0.79047 0.03529 -0.01346
0.78612 -0.12819 0.00499 0.02961
0.10893 0.42266 -0.03521 0.00936
-0.65638 0.13696 -0.00772 -0.03652
-0.32172 -0.88227 0.03578 -0.01264
0.39632 -0.03676 0.00310 0.03052
0.00765 0.52392 -0.02864 0.00062
-0.45259 0.08808 -0.00723 -0.03675
-0.29041 -0.92077 0.01939 -0.00600
0.64435 -0.15387 0.00893 0.03608
0.21643 0.65721 -0.03167 0.01052
-0.92695 0.31647 -0.01186 -0.03432
0.00762 -0.74443 0.02498 0.00041
0.82727 -0.16839 0.00491 0.02349
0.08010 0.46187 -0.03448 0.00588
-0.15756 0.02332 -0.00462 -0.03408
-0.25674 -0.93308 0.02754 -0.00779
0.86978 -0.23791 0.00695 0.02585
0.03253 0.87674 -0.03931 0.00115
-0.91801 0.38273 -0.01530 -0.03607
0.01834 -0.77412 0.03974 0.00104
0.38834 -0.03873 0.00401 0.03653
0.04734 0.83049 -0.03482 0.00238
-0.76504 0.11158 -0.00284 -0.02011
-0.18105 -0.91428 0.03480 -0.00688
0.73111 -0.07471 0.00253 0.02650
0.09138 0.73575 -0.03484 0.00390
-0.92847 0.20578 -0.00789 -0.03497
0.03364 -0.52202 0.03930 0.00330
0.91515 -0.11321 0.00334 0.02720
-0.04980 0.94722 -0.02158 -0.00137
-0.20720 -0.00412 -0.00059 -0.02997
-0.18017 -0.87823 0.02049 -0.00435
0.75293 -0.05406 0.00271 0.03666
0.16571 0.82695 -0.02909 0.00577
-0.95215 0.05889 -0.00150 -0.02178
-0.11992 -0.93354 0.03520 -0.00440
0.96203 0.02057 -0.00082 0.03847
-0.02046 0.27007 -0.03345 -0.00245
-0.63064 0.08926 -0.00361 -0.02538
-0.04081 -0.50153 0.02613 -0.00243
0.39207 0.03198 -0.00267 0.03307
0.05273 0.22362 -0.03358 0.00675
-0.17340 0.01157 -0.00104 -0.02204
-0.05631 -0.66263 0.02717 -0.00228
0.48325 0.00011 0.00026 0.02034
-0.00571 0.30979 -0.02792 -0.00134
-0.71693 -0.00788 0.00011 -0.02083
-0.05531 -0.70316 0.02732 -0.00239
0.80720 -0.20256 0.00757 0.03062
-0.02842 0.78711 -0.03575 -0.00095
-0.34216 0.08903 -0.00977 -0.03321
-0.00642 -0.95130 0.03597 -0.00031
0.39177 0.02712 -0.00274 0.03483
0.01797 0.91496 -0.03484 0.00062
-0.93897 -0.03403 0.00072 -0.02411
0.00778 -0.28256 0.02916 0.00035
0.78581 -0.14776 0.00556 0.03051
0.01177 0.47697 -0.03067 0.00046
-0.81884 -0.03022 0.00086 -0.03446
0.12576 -0.87561 0.03780 0.00574
0.83789 -0.12468 0.00626 0.03905
-0.00422 0.84260 -0.03063 -0.00007
-0.90417 -0.16696 0.00423 -0.02243
-0.12349 -0.55433 0.03760 -0.00832
0.72006 -0.07412 0.00414 0.03770
0.06667 0.94135 -0.03868 0.00272
-0.94840 -0.09144 0.00373 -0.03704
-0.05346 -0.71287 0.03980 -0.00324
0.68655 -0.09111 0.00424 0.03024
-0.00780 0.98480 -0.03190 -0.00030
-0.40778 -0.01890 0.00146 -0.02673
-0.05356 -0.77401 0.03850 -0.00306
0.92699 -0.05791 0.00163 0.02955
0.03515 0.55177 -0.03680 0.00249
-0.76732 -0.14759 0.00436 -0.02249
-0.14360 -0.88317 0.02959 -0.00446
0.60538 0.12251 -0.00543 0.02654
-0.09291 0.45280 -0.02857 -0.00589
-0.52053 0.06729 -0.00425 -0.03181
0.06192 -0.92607 0.02248 0.00127
0.29135 -0.01070 0.00143 0.03802
-0.03407 0.29328 -0.03241 -0.00387
-0.98605 0.08033 -0.00293 -0.03954
-0.02825 -0.53160 0.03381 -0.00138
0.84319 -0.09436 0.00418 0.03474
-0.03767 0.89600 -0.02061 -0.00078
-0.23792 0.02236 -0.00230 -0.02480
0.07014 -0.43325 0.02641 0.00465
0.58189 0.21043 -0.01114 0.03184
0.00513 0.69331 -0.03822 0.00080
-0.89404 -0.09469 0.00302 -0.02735
0.17266 -0.78933 0.02707 0.00610
0.46468 0.06597 -0.00474 0.02997
0.03975 0.61712 -0.02582 0.00175
-0.92108 0.01995 -0.00068 -0.02510
0.08573 -0.97077 0.02542 0.00221
0.89740 0.10729 -0.00348 0.02915
0.05502 0.72808 -0.02406 0.00193
-0.48272 0.02633 -0.00098 -0.02216
-0.03819 -0.64991 0.03192 -0.00225
0.85286 0.07892 -0.00203 0.02324
-0.12872 0.42098 -0.03820 -0.01094
-0.58485 -0.00724 0.00040 -0.03014
0.23193 -0.66145 0.02252 0.00751
0.45717 0.05782 -0.00331 0.02330
-0.07268 0.90698 -0.03276 -0.00292
-0.82574 -0.11906 0.00588 -0.03830
-0.02970 -0.36328 0.02482 -0.00208
0.62445 0.03294 -0.00132 0.02193
-0.20376 0.72099 -0.02500 -0.00675
-0.71263 -0.02222 0.00143 -0.03865
0.09161 -0.69968 0.03123 0.00370
0.90968 0.25570 -0.00653 0.02373
-0.23552 0.75851 -0.03136 -0.00973
-0.95273 -0.20836 0.00722 -0.03469
0.24226 -0.92311 0.03538 0.00914
0.66587 0.09197 -0.00538 0.03547
-0.09042 0.61974 -0.03036 -0.00487
-0.76070 -0.04036 0.00194 -0.03438
0.08401 -0.57846 0.03686 0.00524
0.96939 0.19628 -0.00678 0.03372
-0.10418 0.70558 -0.03156 -0.00434
-0.97031 -0.11832 0.00484 -0.03706
0.31716 -0.85617 0.02101 0.00784
0.40897 0.04112 -0.00462 0.03972
-0.15692 0.68665 -0.03617 -0.00841
-0.89336 -0.35984 0.01117 -0.02771
0.16688 -0.80164 0.02162 0.00426
0.99262 0.12787 -0.00389 0.03166
-0.27369 0.77022 -0.02941 -0.01021
-0.89072 0.01207 -0.00041 -0.02033
0.21065 -0.63475 0.03541 0.01195
0.86658 0.32974 -0.01333 0.03591
-0.09737 0.39811 -0.03707 -0.00848
-0.34258 -0.09658 0.00861 -0.02876
0.06761 -0.85730 0.03283 0.00236
0.97846 0.12777 -0.00451 0.03679
-0.16865 0.68898 -0.03768 -0.00971
-0.77670 -0.26992 0.01120 -0.03261
0.08874 -0.22392 0.02733 0.01013
0.83972 0.31930 -0.00964 0.02595
-0.07574 0.65537 -0.03014 -0.00358
-0.78941 -0.23224 0.00982 -0.03477
0.17591 -0.91422 0.03616 0.00683
0.58527 0.17737 -0.00988 0.03314
-0.09795 0.94573 -0.02410 -0.00242
-0.76471 -0.36902 0.01208 -0.02540
0.21372 -0.55987 0.02999 0.01186
0.33756 0.13636 -0.00844 0.01985
-0.16461 0.79685 -0.02812 -0.00579
-0.43282 -0.13643 0.00906 -0.02806
0.13202 -0.95341 0.03392 0.00456
0.94520 0.25509 -0.00948 0.03636
-0.28833 0.85256 -0.02905 -0.00980
-0.32843 -0.10107 0.00951 -0.02999
0.35744 -0.76667 0.01959 0.00935
0.84691 0.12918 -0.00528 0.03328
-0.42990 0.87585 -0.03515 -0.01716
-0.37486 -0.11363 0.01035 -0.03359
0.23810 -0.81757 0.03173 0.00942
0.90673 0.09120 -0.00321 0.03122
-0.28388 0.70779 -0.02785 -0.01147
-0.94079 -0.17610 0.00367 -0.02001
0.30253 -0.79306 0.02491 0.00969
0.58575 0.18214 -0.00641 0.02098
-0.36977 0.66228 -0.02864 -0.01594
-0.84726 -0.36191 0.01027 -0.02355
0.27557 -0.54947 0.02008 0.01001
0.54583 0.13976 -0.00940 0.03609
-0.23187 0.59824 -0.03428 -0.01266
-0.11524 -0.01432 0.00386 -0.01964
0.36673 -0.63974 0.02136 0.01214
0.59126 0.23460 -0.01224 0.02952
-0.08179 0.55468 -0.03945 -0.00529
-0.65398 -0.29856 0.01052 -0.02264
0.46944 -0.83465 0.02292 0.01250
0.86616 0.29762 -0.01185 0.03431
-0.29558 0.86015 -0.03746 -0.01303
-0.21926 -0.11939 0.01486 -0.02474
0.28250 -0.51218 0.02987 0.01660
0.76836 0.50023 -0.01157 0.01754
-0.38497 0.91400 -0.02121 -0.00888
-0.85195 -0.49817 0.01604 -0.02750
0.20483 -0.78643 0.03548 0.00903
0.90001 0.41680 -0.01388 0.02980
-0.21657 0.35568 -0.03253 -0.02111
-0.54742 -0.33969 0.01152 -0.01894
0.34918 -0.84183 0.02776 0.01137
0.52713 0.23019 -0.00905 0.01973
-0.27775 0.93615 -0.03033 -0.00883
-0.78971 -0.46545 0.01233 -0.02052
0.42598 -0.59817 0.02335 0.01684
0.51764 0.34452 -0.02114 0.03237
-0.41161 0.81905 -0.03268 -0.01621
-0.20566 -0.08260 0.01419 -0.03293
0.44737 -0.65988 0.02978 0.01979
0.75833 0.55004 -0.01514 0.02076
-0.13082 0.64767 -0.03417 -0.00746
-0.48892 -0.17099 0.00708 -0.02022
0.48627 -0.65208 0.02676 0.02036
0.63814 0.37471 -0.01837 0.03130
-0.42306 0.85525 -0.02912 -0.01425
-0.66327 -0.38981 0.01562 -0.02591
0.32982 -0.77911 0.03493 0.01523
0.34955 0.15085 -0.01130 0.02506
-0.34540 0.90854 -0.03421 -0.01268
-0.84265 -0.49380 0.01542 -0.02657
0.33997 -0.77802 0.02920 0.01295
0.89746 0.42068 -0.00970 0.02096
-0.20465 0.75241 -0.03566 -0.00997
-0.34212 -0.17361 0.01550 -0.03006
0.39586 -0.83034 0.01838 0.00901
0.91508 0.27848 -0.00790 0.02706
-0.38437 0.85117 -0.02473 -0.01112
-0.44764 -0.12397 0.00760 -0.02723
0.31826 -0.56685 0.02472 0.01356
0.24551 0.10530 -0.01303 0.03233
-0.37541 0.61749 -0.02153 -0.01333
-0.43685 -0.28714 0.01489 -0.02241
0.56302 -0.81361 0.03029 0.02084
0.65108 0.34825 -0.01877 0.03442
-0.34986 0.83376 -0.03633 -0.01498
-0.72401 -0.28424 0.00910 -0.02252
0.61414 -0.70351 0.01823 0.01586
0.88495 0.31593 -0.00998 0.02783
-0.15166 0.44609 -0.02872 -0.01051
-0.72484 -0.61389 0.01654 -0.01945
0.33699 -0.83196 0.02323 0.00957
0.61890 0.18344 -0.00723 0.02501
-0.26063 0.89020 -0.01977 -0.00590
-0.39909 -0.18396 0.01155 -0.02385
0.11326 -0.37031 0.03130 0.00981
0.42653 0.31156 -0.01788 0.02553
-0.56089 0.58291 -0.02722 -0.02674
-0.50334 -0.41825 0.01576 -0.01953
0.16499 -0.28665 0.01882 0.01078
0.49564 0.21717 -0.01329 0.02913
-0.27574 0.59861 -0.02511 -0.01158
-0.39700 -0.32271 0.01496 -0.01866
0.31488 -0.68817 0.02897 0.01328
0.61243 0.61050 -0.02319 0.02393
-0.36820 0.69620 -0.03458 -0.01846
-0.50855 -0.23256 0.00986 -0.02202
0.18043 -0.35996 0.03072 0.01534
0.83758 0.47301 -0.01101 0.01912
-0.35280 0.36390 -0.02880 -0.02711
-0.49946 -0.35985 0.01833 -0.02445
0.40038 -0.40374 0.02642 0.02700
0.47174 0.45532 -0.01601 0.01671
-0.15893 0.25853 -0.02067 -0.01299
-0.57853 -0.24458 0.01125 -0.02573
0.33984 -0.37739 0.02728 0.02413
0.37600 0.33325 -0.01726 0.02001
-0.31815 0.30263 -0.02247 -0.02276
-0.38026 -0.36978 0.02037 -0.02094
0.39766 -0.70652 0.03447 0.01883
0.86018 0.40449 -0.01065 0.02255
-0.52611 0.69448 -0.02992 -0.02307
-0.65229 -0.35129 0.01583 -0.02898
0.17934 -0.31439 0.01780 0.01023
0.24436 0.23890 -0.01698 0.01755
-0.31415 0.54749 -0.02644 -0.01566
-0.71051 -0.50840 0.02029 -0.02876
0.50548 -0.58771 0.02384 0.02021
0.53718 0.27049 -0.01049 0.02159
-0.38212 0.54952 -0.02485 -0.01747
-0.60039 -0.65845 0.02180 -0.01979
0.34008 -0.46895 0.02644 0.01850
0.45063 0.40638 -0.01931 0.02059
-0.39538 0.86553 -0.02324 -0.01059
-0.74550 -0.49696 0.01126 -0.01664
0.18159 -0.29658 0.02451 0.01440
0.39542 0.33474 -0.01987 0.02289
-0.41199 0.60439 -0.02815 -0.01913
-0.30163 -0.35200 0.01973 -0.01687
0.64804 -0.54134 0.01537 0.01837
0.54133 0.63430 -0.02019 0.01730
-0.22870 0.26058 -0.01796 -0.01563
-0.44871 -0.22406 0.01619 -0.03158
0.47367 -0.75236 0.03298 0.02113
0.62267 0.37496 -0.01154 0.01908
-0.47706 0.40612 -0.02281 -0.02677
-0.61345 -0.54853 0.02203 -0.02468
0.63521 -0.71619 0.02126 0.01884
0.57140 0.53149 -0.01918 0.02117
-0.48157 0.85367 -0.02131 -0.01186
-0.73264 -0.59000 0.02294 -0.02872
0.24900 -0.30583 0.03004 0.02515
0.36411 0.36749 -0.02210 0.02120
-0.51301 0.72424 -0.02334 -0.01632
-0.29844 -0.26275 0.01776 -0.02030
0.51363 -0.64949 0.02567 0.02019
0.49812 0.42647 -0.01794 0.02061
-0.48966 0.66171 -0.02511 -0.01864
-0.53767 -0.42069 0.01643 -0.02116
0.12882 -0.09412 0.01628 0.01936
0.74408 0.56706 -0.01329 0.01739
-0.52733 0.40827 -0.01887 -0.02423
-0.43256 -0.38791 0.02247 -0.02443
0.31135 -0.51023 0.02712 0.01655
0.21761 0.25091 -0.01786 0.01582
-0.12702 0.11301 -0.01822 -0.02046
-0.49278 -0.36334 0.02395 -0.03173
0.24202 -0.33728 0.02381 0.01689
0.74404 0.62177 -0.01448 0.01709
-0.36688 0.42771 -0.02580 -0.02278
-0.65698 -0.47453 0.01778 -0.02472
0.38149 -0.46854 0.01738 0.01431
0.42419 0.27925 -0.01724 0.02544
-0.59961 0.67662 -0.02128 -0.01879
-0.76956 -0.53245 0.01396 -0.02051
0.41957 -0.59054 0.02516 0.01843
0.18962 0.23316 -0.01697 0.01389
-0.21393 0.28460 -0.01731 -0.01312
-0.48923 -0.36795 0.02073 -0.02735
0.55962 -0.52254 0.02542 0.02709
0.69194 0.71292 -0.02562 0.02509
-0.36328 0.43346 -0.02747 -0.02368
-0.58052 -0.72085 0.02327 -0.01882
0.51642 -0.71666 0.02750 0.01990
0.54153 0.80373 -0.03110 0.02087
-0.66665 0.62533 -0.02622 -0.02753
-0.41819 -0.28241 0.01162 -0.01754
0.75787 -0.54504 0.02180 0.03013
0.17285 0.20333 -0.01994 0.01702
-0.73205 0.40190 -0.01626 -0.02900
-0.52720 -0.75097 0.02088 -0.01474
0.67378 -0.53234 0.02259 0.02833
0.28275 0.40030 -0.03009 0.02138
-0.71138 0.63887 -0.01727 -0.01912
-0.56001 -0.67201 0.02405 -0.01998
0.40774 -0.44381 0.02017 0.01813
0.50345 0.54122 -0.02339 0.02127
-0.59328 0.35455 -0.01783 -0.03067
-0.64151 -0.67612 0.02088 -0.01931
0.69466 -0.56173 0.01687 0.02071
0.51791 0.45954 -0.01492 0.01741
-0.20408 0.19782 -0.02594 -0.02807
-0.63185 -0.64629 0.02432 -0.02340
0.72616 -0.68708 0.01954 0.02030
0.58624 0.75670 -0.02257 0.01736
-0.62902 0.73421 -0.02036 -0.01738
-0.41990 -0.59859 0.02072 -0.01458
0.41275 -0.46930 0.02793 0.02523
0.22413 0.21654 -0.02534 0.02643
-0.42898 0.38564 -0.02206 -0.02479
-0.46663 -0.77336 0.02490 -0.01523
0.19250 -0.10506 0.01491 0.02841
0.17635 0.13774 -0.01506 0.01805
-0.67020 0.39196 -0.01616 -0.02803
-0.43166 -0.74604 0.03188 -0.01832
0.48246 -0.26305 0.01869 0.03379
0.29617 0.45216 -0.01784 0.01160
-0.64208 0.52525 -0.01703 -0.02067
-0.36981 -0.65233 0.02929 -0.01703
0.40828 -0.39781 0.02398 0.02522
0.42476 0.87202 -0.03364 0.01666
-0.64432 0.47230 -0.01936 -0.02631
-0.41918 -0.82668 0.01847 -0.00952
0.41774 -0.33300 0.01857 0.02405
0.56154 0.79903 -0.02132 0.01516
-0.65106 0.41893 -0.01482 -0.02277
-0.24904 -0.32407 0.01874 -0.01425
0.60957 -0.62251 0.02164 0.02114
0.43964 0.85500 -0.02593 0.01346
-0.37132 0.36061 -0.02618 -0.02618
-0.55497 -0.49860 0.02477 -0.02706
0.52336 -0.38889 0.02307 0.03089
0.50648 0.70852 -0.02474 0.01739
-0.40982 0.33832 -0.01805 -0.02179
-0.05203 -0.12550 0.03424 -0.01412
0.66849 -0.69905 0.01732 0.01683
0.37044 0.44923 -0.03020 0.02430
-0.41796 0.37787 -0.02519 -0.02772
-0.49743 -0.65835 0.02313 -0.01721
0.61938 -0.37845 0.01445 0.02319
0.41414 0.78530 -0.02288 0.01225
-0.32180 0.25990 -0.01494 -0.01838
-0.29365 -0.80470 0.01898 -0.00663
0.55274 -0.21360 0.01029 0.02567
0.44313 0.66338 -0.02653 0.01740
-0.62510 0.30686 -0.00989 -0.02011
-0.38507 -0.42810 0.02271 -0.02006
0.72507 -0.34285 0.01427 0.03004
0.31832 0.83632 -0.02132 0.00841
-0.45724 0.44344 -0.01411 -0.01438
-0.16844 -0.23742 0.02377 -0.01685
0.80543 -0.46763 0.01546 0.02707
0.28867 0.48952 -0.01949 0.01179
-0.78415 0.55192 -0.01759 -0.02493
-0.43294 -0.67974 0.02259 -0.01430
0.60690 -0.19819 0.01249 0.03701
0.57392 0.81227 -0.02594 0.01828
-0.50504 0.17695 -0.01040 -0.02978
-0.46519 -0.78557 0.02991 -0.01807
0.39048 -0.38134 0.02627 0.02762
0.52976 0.67689 -0.03100 0.02427
-0.69936 0.44005 -0.01279 -0.02064
-0.40176 -0.82535 0.01790 -0.00896
0.72871 -0.22515 0.00785 0.02612
0.25155 0.92293 -0.02670 0.00732
-0.62291 0.45343 -0.01907 -0.02636
-0.39774 -0.86126 0.02400 -0.01108
0.70902 -0.39962 0.01893 0.03365
0.26852 0.42594 -0.02152 0.01380
-0.90365 0.37125 -0.00908 -0.02217
-0.19805 -0.37025 0.02834 -0.01499
0.54403 -0.29974 0.01645 0.02982
0.47187 0.63487 -0.02766 0.02067
-0.37986 0.19139 -0.01429 -0.02901
-0.18601 -0.22634 0.02705 -0.02134
0.73830 -0.52789 0.01368 0.01885
0.33570 0.88142 -0.02413 0.00897
-0.86241 0.23725 -0.00552 -0.02045
-0.49736 -0.71144 0.02329 -0.01651
0.17933 -0.08082 0.01010 0.02059
0.31584 0.41127 -0.02252 0.01703
-0.50508 0.20290 -0.01029 -0.02655
-0.13002 -0.19640 0.02849 -0.02114
0.78897 -0.26549 0.01154 0.03516
0.29322 0.68995 -0.02625 0.01081
-0.54823 0.17734 -0.01000 -0.03121
-0.23679 -0.72134 0.02148 -0.00729
0.37733 -0.10843 0.01160 0.03677
0.16787 0.56736 -0.01978 0.00613
-0.19683 0.09121 -0.00910 -0.01837
-0.29760 -0.53191 0.03104 -0.01692
0.88658 -0.26157 0.00959 0.03119
0.33200 0.81808 -0.02764 0.01112
-0.48222 0.10288 -0.00793 -0.03357
-0.18235 -0.67062 0.03760 -0.01014
0.30192 -0.09923 0.00661 0.01932
0.27124 0.60857 -0.02152 0.00965
-0.90818 0.27011 -0.00704 -0.02273
-0.34138 -0.49734 0.02714 -0.01897
0.91042 -0.31898 0.00833 0.02329
0.47109 0.72634 -0.03196 0.02027
-0.47697 0.28853 -0.01816 -0.02962
-0.18518 -0.97234 0.03615 -0.00695
0.72758 -0.23421 0.01105 0.03494
0.26655 0.51028 -0.02825 0.01490
-0.21192 0.11231 -0.01069 -0.02066
-0.50871 -0.85863 0.02124 -0.01253
0.11424 -0.04663 0.01001 0.02117
0.18590 0.42318 -0.03275 0.01436
-0.85116 0.19382 -0.00643 -0.02766
-0.08847 -0.56657 0.03422 -0.00474
0.88399 -0.39170 0.01541 0.03441
0.34128 0.78661 -0.02578 0.01107
-0.77840 0.49274 -0.01477 -0.02277
-0.50769 -0.84052 0.02283 -0.01351
0.35017 -0.16179 0.01197 0.02529
0.14744 0.63419 -0.02520 0.00572
-0.76179 0.36960 -0.01312 -0.02750
-0.10272 -0.58141 0.03236 -0.00609
0.84217 -0.25136 0.00860 0.02894
0.32250 0.54522 -0.02184 0.01255
-0.48305 0.27085 -0.01010 -0.01804
-0.37625 -0.62290 0.03432 -0.01993
0.76513 -0.27343 0.00705 0.01949
0.04788 0.16620 -0.03224 0.00795
-0.71303 0.41008 -0.01465 -0.02607
-0.11072 -0.63668 0.03847 -0.00650
0.30266 -0.15576 0.01369 0.02733
0.44683 0.86261 -0.02789 0.01417
-0.63672 0.15272 -0.00979 -0.03874
-0.28615 -0.60990 0.03011 -0.01403
0.76533 -0.37160 0.00908 0.01862
0.15307 0.38621 -0.02765 0.01052
-0.89565 0.17142 -0.00446 -0.02291
-0.11654 -0.63808 0.02936 -0.00544
0.20003 -0.05479 0.01140 0.03719
0.31162 0.87893 -0.03087 0.01096
-0.86857 0.20297 -0.00608 -0.02486
-0.14474 -0.94622 0.02778 -0.00421
0.83334 -0.21808 0.00929 0.03630
0.17665 0.42749 -0.03387 0.01490
-0.83262 0.09716 -0.00341 -0.02862
-0.21729 -0.78253 0.03497 -0.00979
0.35622 -0.13086 0.01149 0.03052
0.05936 0.71648 -0.03806 0.00358
-0.95312 0.08576 -0.00334 -0.03636
-0.21473 -0.72091 0.02008 -0.00603
0.89229 -0.13060 0.00374 0.02448
0.14814 0.87788 -0.03112 0.00548
-0.61125 0.16100 -0.00980 -0.03835
-0.08000 -0.88424 0.02665 -0.00210
0.88931 -0.22695 0.00509 0.01962
0.17066 0.85120 -0.02183 0.00432
-0.76323 0.16332 -0.00467 -0.02322
-0.06725 -0.61810 0.02769 -0.00297
0.30955 -0.00946 0.00132 0.03432
0.22461 0.84494 -0.02643 0.00694
-0.22245 0.03206 -0.00539 -0.03738
-0.06270 -0.89616 0.03068 -0.00199
0.93105 -0.20498 0.00750 0.03446
0.23151 0.57072 -0.02706 0.01079
-0.74999 0.05934 -0.00206 -0.02379
-0.22595 -0.71086 0.02650 -0.00873
0.53779 -0.04614 0.00238 0.02963
0.02964 0.26530 -0.03959 0.00323
-0.65055 0.19535 -0.00805 -0.02705
-0.34594 -0.90193 0.02141 -0.00836
0.92146 -0.20915 0.00656 0.02889
0.01822 0.73237 -0.03657 0.00132
-0.78371 0.23146 -0.00932 -0.03211
-0.03626 -0.70896 0.02716 -0.00132
0.30588 -0.10068 0.01279 0.03778
0.32728 0.81549 -0.02753 0.01108
-0.53049 0.17920 -0.00994 -0.03061
-0.23574 -0.70682 0.02542 -0.00875
0.69772 -0.19270 0.00713 0.02680
0.08299 0.30272 -0.03815 0.01054
-0.71979 0.16779 -0.00494 -0.02140
-0.20383 -0.89372 0.02192 -0.00476
0.73340 -0.32515 0.01313 0.03033
0.11953 0.93825 -0.02692 0.00331
-0.84083 -0.01949 0.00036 -0.02110
-0.09107 -0.34906 0.03736 -0.00875
0.36660 0.02550 -0.00090 0.02008
0.02832 0.55300 -0.03397 0.00135
-0.92031 0.18081 -0.00487 -0.02568
-0.14501 -0.45040 0.02361 -0.00735
0.95003 -0.02340 0.00054 0.03042
0.02625 0.67297 -0.03483 0.00144
-0.75769 0.09968 -0.00361 -0.03011
-0.11285 -0.46633 0.02884 -0.00690
0.43274 0.01719 -0.00107 0.03705
0.14953 0.89515 -0.02022 0.00315
-0.97044 0.17906 -0.00450 -0.02301
0.00393 -0.54870 0.02332 0.00008
0.36714 -0.03824 0.00515 0.03963
-0.01375 0.51726 -0.03224 -0.00058
-0.41709 0.14382 -0.01054 -0.03115
-0.01548 -0.63647 0.03296 -0.00031
0.76566 -0.14746 0.00446 0.02219
0.13073 0.83859 -0.02772 0.00414
-0.34190 -0.02363 0.00124 -0.02588
-0.00741 -0.84562 0.02934 -0.00006
0.59857 0.00544 -0.00009 0.03011
0.03356 0.16495 -0.03779 0.00962
-0.66229 0.05824 -0.00268 -0.03314
-0.03259 -0.33473 0.02421 -0.00183
0.58361 0.05233 -0.00203 0.02805
0.13719 0.54237 -0.03691 0.00891
-0.98600 0.00337 0.00021 -0.03386
0.00767 -0.21701 0.03958 0.00097
0.81529 -0.14401 0.00417 0.02315
0.02783 0.45214 -0.03884 0.00171
-0.64996 0.11817 -0.00359 -0.02073
0.05830 -0.83123 0.02707 0.00182
0.80782 -0.13134 0.00442 0.02561
0.01708 0.27948 -0.02740 0.00251
-0.44765 0.03902 -0.00265 -0.02955
-0.06201 -0.77732 0.02016 -0.00177
0.98430 0.03624 -0.00137 0.03086
0.22319 0.89794 -0.02277 0.00587
-0.90364 -0.08678 0.00247 -0.02470
-0.00745 -0.54676 0.03629 0.00004
0.81397 0.00574 -0.00019 0.02355
-0.01962 0.87420 -0.03360 -0.00061
-0.76835 -0.11190 0.00433 -0.03123
0.02225 -0.75903 0.03059 0.00121
0.99099 -0.06294 0.00139 0.02456
-0.05220 0.89715 -0.03604 -0.00213
-0.61498 -0.10041 0.00378 -0.02556
-0.05764 -0.86658 0.02151 -0.00166
0.86943 -0.15167 0.00660 0.03613
-0.07762 0.43691 -0.03593 -0.00720
-0.92808 -0.02252 0.00093 -0.02714
-0.08339 -0.84718 0.02679 -0.00284
0.23887 0.05265 -0.00682 0.03183
0.06574 0.61308 -0.03494 0.00405
-0.49526 0.04438 -0.00245 -0.03165
0.00489 -0.81675 0.03154 -0.00015
0.22047 -0.02204 0.00155 0.02378
-0.01137 0.40119 -0.02421 -0.00044
-0.89424 -0.06345 0.00214 -0.02750
-0.05574 -0.80473 0.02603 -0.00151
0.62654 0.02712 -0.00188 0.03182
0.05684 0.59477 -0.03819 0.00327
-0.68291 0.05786 -0.00221 -0.03030
-0.02172 -0.41722 0.03721 -0.00227
0.83393 -0.08123 0.00359 0.03908
-0.04725 0.68202 -0.03477 -0.00289
-0.92994 -0.15169 0.00357 -0.02059
0.10764 -0.58898 0.02871 0.00571
0.72985 0.06999 -0.00196 0.02259
-0.04581 0.18467 -0.02538 -0.00574
-0.72986 0.08067 -0.00289 -0.02333
-0.05720 -0.97623 0.03610 -0.00225
0.71609 0.04838 -0.00194 0.02718
-0.21723 0.90631 -0.02135 -0.00496
-0.77332 0.05395 -0.00152 -0.02594
0.12767 -0.65200 0.02543 0.00516
0.94011 -0.07324 0.00147 0.02178
-0.06233 0.27330 -0.02446 -0.00634
-0.77065 -0.10920 0.00308 -0.02034
0.13388 -0.56052 0.03470 0.00790
0.54022 0.19597 -0.01265 0.03341
-0.13112 0.93525 -0.03667 -0.00523
-0.95483 -0.13963 0.00354 -0.02603
-0.00586 -0.98223 0.03739 -0.00042
0.24610 0.08019 -0.01012 0.03524
-0.04618 0.66144 -0.03336 -0.00226
-0.28760 -0.09415 0.01080 -0.03058
-0.06647 -0.89213 0.03655 -0.00298
0.60768 0.11027 -0.00490 0.02951
-0.15529 0.95016 -0.03377 -0.00524
-0.88018 -0.24284 0.00643 -0.02260
0.01477 -0.63734 0.02054 0.00061
0.54424 0.15170 -0.01007 0.03744
-0.01445 0.57927 -0.02195 -0.00056
-0.27586 -0.00088 0.00099 -0.02511
0.13485 -0.66982 0.03735 0.00756
0.88644 -0.00481 0.00008 0.02618
-0.05297 0.27260 -0.03252 -0.00672
-0.75501 -0.24538 0.01000 -0.02981
0.16034 -0.68946 0.03093 0.00716
0.98372 0.17098 -0.00626 0.03720
-0.00931 0.46472 -0.02008 -0.00058
-0.76314 -0.32534 0.01295 -0.03104
0.20738 -0.69658 0.03806 0.01171
0.23989 0.04363 -0.00478 0.02529
-0.22893 0.96670 -0.02305 -0.00566
-0.58439 -0.26073 0.01190 -0.02721
0.07948 -0.56732 0.03024 0.00381
0.26136 0.04745 -0.00499 0.03446
-0.23043 0.72046 -0.03693 -0.01161
-0.78071 -0.24126 0.01018 -0.03409
0.20244 -0.75005 0.02591 0.00679
0.61653 0.16287 -0.00743 0.02744
-0.10947 0.32216 -0.02702 -0.00997
-0.72297 -0.14568 0.00723 -0.03669
0.04024 -0.35166 0.02296 0.00264
0.59786 0.22624 -0.01324 0.03441
-0.02662 0.28355 -0.03381 -0.00346
-0.77720 -0.17062 0.00541 -0.02445
0.20137 -0.58847 0.03100 0.01045
0.50726 0.17743 -0.00917 0.02481
-0.18173 0.46181 -0.02678 -0.01026
-0.29422 -0.09501 0.00744 -0.02593
0.20720 -0.50641 0.02475 0.00992
0.56182 0.20145 -0.01053 0.02799
-0.17327 0.54186 -0.02972 -0.00951
-0.80426 -0.08643 0.00311 -0.02609
0.26054 -0.77424 0.02265 0.00754
0.84020 0.03871 -0.00166 0.03807
-0.05217 0.85245 -0.02453 -0.00131
-0.46052 -0.16401 0.01330 -0.03552
0.07241 -0.60309 0.03225 0.00444
0.22248 0.12812 -0.01571 0.02896
-0.42259 0.82831 -0.02533 -0.01293
-0.75878 -0.20495 0.00699 -0.02652
0.16166 -0.59685 0.02195 0.00607
0.85174 0.40090 -0.00919 0.01952
-0.17188 0.58699 -0.02148 -0.00633
-0.76251 -0.26629 0.01028 -0.02875
0.07615 -0.88265 0.03023 0.00257
0.07705 0.01273 -0.00494 0.03138
-0.19485 0.34736 -0.01771 -0.01009
-0.79301 -0.26221 0.01087 -0.03259
0.15143 -0.59103 0.03097 0.00782
0.60352 0.28632 -0.01245 0.02580
-0.13683 0.49519 -0.03508 -0.01020
-0.36085 -0.20472 0.01944 -0.03455
0.12761 -0.26458 0.02777 0.01483
0.60820 0.22433 -0.01112 0.03065
-0.22448 0.63033 -0.02070 -0.00761
-0.76744 -0.43382 0.01198 -0.02118
0.36592 -0.56487 0.03167 0.02046
0.94450 0.26819 -0.01057 0.03700
-0.20705 0.86340 -0.03267 -0.00773
-0.88819 -0.21785 0.00663 -0.02761
0.36281 -0.66606 0.02893 0.01602
0.74247 0.30491 -0.01335 0.03339
-0.44270 0.75497 -0.02793 -0.01669
-0.92902 -0.25272 0.01078 -0.03832
0.25757 -0.42640 0.02902 0.01747
0.63390 0.31002 -0.01358 0.02823
-0.33940 0.66363 -0.03230 -0.01602
-0.79866 -0.39546 0.00986 -0.01963
0.19381 -0.65810 0.02074 0.00602
0.72513 0.35635 -0.01370 0.02703
-0.37328 0.79561 -0.03509 -0.01650
-0.78430 -0.37524 0.00951 -0.02001
0.21924 -0.45795 0.02299 0.01114
0.76740 0.48915 -0.01190 0.01888
-0.18282 0.58340 -0.02511 -0.00758
-0.52030 -0.26366 0.00985 -0.01897
0.33216 -0.80260 0.03392 0.01401
0.63156 0.29896 -0.01092 0.02344
-0.28444 0.90253 -0.03750 -0.01162
-0.79606 -0.56058 0.01458 -0.02081
0.35995 -0.72359 0.02956 0.01431
0.22304 0.09314 -0.01279 0.03279
-0.09125 0.28753 -0.02846 -0.00884
-0.70739 -0.17548 0.00898 -0.03603
0.05449 -0.23392 0.03389 0.00840
0.72601 0.36448 -0.01261 0.02535
-0.23249 0.93190 -0.02696 -0.00696
-0.74879 -0.34073 0.01232 -0.02742
0.28860 -0.49788 0.03008 0.01720
0.82842 0.51468 -0.01887 0.03074
-0.35648 0.70765 -0.03541 -0.01791
-0.80008 -0.25467 0.00701 -0.02202
0.30998 -0.78321 0.03097 0.01256
0.65689 0.35870 -0.01541 0.02876
-0.20992 0.55377 -0.03494 -0.01344
-0.72821 -0.56695 0.02218 -0.02929
0.32740 -0.82205 0.03008 0.01196
0.63611 0.21260 -0.00905 0.02559
-0.48187 0.79787 -0.03422 -0.02023
-0.77250 -0.34393 0.01263 -0.02742
0.41762 -0.69783 0.02889 0.01749
0.85883 0.46917 -0.01757 0.03224
-0.54956 0.82286 -0.01990 -0.01307
-0.91953 -0.29155 0.00602 -0.01912
0.11471 -0.25660 0.03067 0.01390
0.85740 0.48946 -0.01021 0.01780
-0.28644 0.74704 -0.02660 -0.01045
-0.59035 -0.44788 0.01211 -0.01600
0.29186 -0.45578 0.02138 0.01428
0.62926 0.27884 -0.01426 0.03225
-0.11300 0.26159 -0.02720 -0.01088
-0.24656 -0.19653 0.01333 -0.01778
0.42790 -0.71376 0.03102 0.01878
0.34875 0.26464 -0.01885 0.02570
-0.35798 0.67147 -0.02051 -0.01085
-0.72781 -0.32487 0.01621 -0.03546
0.36887 -0.58146 0.02571 0.01700
0.86773 0.37599 -0.01305 0.03076
-0.18117 0.36059 -0.02351 -0.01235
-0.63101 -0.48474 0.01652 -0.02128
0.27559 -0.75098 0.02964 0.01093
0.75201 0.59075 -0.02108 0.02703
-0.09656 0.26607 -0.02146 -0.00790
-0.55445 -0.30641 0.01539 -0.02749
0.25324 -0.66050 0.02472 0.00918
0.72009 0.42769 -0.01040 0.01775
-0.13162 0.16245 -0.01735 -0.01410
-0.65451 -0.43507 0.01841 -0.02746
0.34349 -0.35980 0.02080 0.01970
0.14375 0.11523 -0.02062 0.02432
-0.25097 0.52435 -0.02958 -0.01409
-0.50465 -0.55756 0.02548 -0.02283
0.61980 -0.75710 0.02261 0.01816
0.53177 0.39544 -0.01467 0.01915
-0.30818 0.79454 -0.01981 -0.00774
-0.36156 -0.20550 0.01367 -0.02485
0.19935 -0.24905 0.02953 0.02341
0.68928 0.51223 -0.02042 0.02686
-0.23388 0.31445 -0.02236 -0.01652
-0.55335 -0.64807 0.02229 -0.01933
0.38070 -0.78536 0.03488 0.01632
0.34979 0.35510 -0.01668 0.01608
-0.33369 0.45883 -0.02375 -0.01744
-0.77587 -0.52608 0.01317 -0.01921
0.16319 -0.22894 0.02746 0.02000
0.81020 0.54487 -0.01534 0.02282
-0.52639 0.80712 -0.03030 -0.02006
-0.59255 -0.61200 0.02837 -0.02724
0.40145 -0.90882 0.01973 0.00877
0.43798 0.26854 -0.01153 0.01915
-0.59144 0.80936 -0.03109 -0.02260
-0.47598 -0.42871 0.01642 -0.01851
0.27815 -0.40963 0.01767 0.01234
0.67723 0.58481 -0.02187 0.02492
-0.47527 0.67095 -0.01961 -0.01375
-0.89259 -0.45636 0.01765 -0.03472
0.59891 -0.69066 0.02676 0.02342
0.60075 0.75918 -0.01987 0.01597
-0.59295 0.79919 -0.02329 -0.01688
-0.67732 -0.50802 0.01796 -0.02373
0.44976 -0.72323 0.03114 0.01995
0.25567 0.18937 -0.02199 0.02956
-0.66938 0.54899 -0.02361 -0.02871
-0.42746 -0.27272 0.01652 -0.02582
0.60550 -0.56963 0.02172 0.02372
0.60762 0.59583 -0.02050 0.02113
-0.47072 0.50246 -0.02460 -0.02328
-0.65512 -0.48098 0.02328 -0.03170
0.49693 -0.70645 0.02713 0.01897
0.66067 0.45848 -0.01405 0.02012
-0.44995 0.89904 -0.02430 -0.01226
-0.61642 -0.47069 0.02298 -0.02970
0.43738 -0.80459 0.01865 0.01023
0.39004 0.36512 -0.02577 0.02762
-0.43137 0.46392 -0.01732 -0.01623
-0.51354 -0.42260 0.02053 -0.02470
0.57279 -0.43461 0.01381 0.01808
0.76636 0.47162 -0.01868 0.03061
-0.65101 0.46687 -0.01966 -0.02749
-0.30752 -0.41008 0.03005 -0.02207
0.57362 -0.49016 0.02268 0.02617
0.66463 0.73184 -0.02569 0.02310
-0.54519 0.54462 -0.02040 -0.02016
-0.69461 -0.56548 0.02393 -0.02978
0.24505 -0.32216 0.01801 0.01358
0.67552 0.65695 -0.02665 0.02676
-0.23814 0.33011 -0.02320 -0.01704
-0.70876 -0.58154 0.02273 -0.02768
0.21461 -0.19837 0.02063 0.02132
0.51566 0.43013 -0.02405 0.02951
-0.52759 0.64997 -0.01807 -0.01444
-0.68685 -0.54423 0.02035 -0.02578
0.42555 -0.66569 0.03077 0.01993
0.51444 0.61454 -0.02926 0.02475
-0.32665 0.33620 -0.01415 -0.01423
-0.48125 -0.77215 0.01794 -0.01118
0.48154 -0.43165 0.02214 0.02471
0.75488 0.49795 -0.01904 0.02892
-0.54456 0.82827 -0.02439 -0.01625
-0.70272 -0.70232 0.02152 -0.02122
0.69840 -0.50712 0.01199 0.01657
0.58680 0.42709 -0.01221 0.01644
-0.55839 0.60119 -0.02583 -0.02388
-0.67360 -0.74047 0.02725 -0.02514
0.37363 -0.44196 0.01913 0.01629
0.42495 0.40150 -0.02246 0.02314
-0.49536 0.37642 -0.01262 -0.01685
-0.12518 -0.11515 0.02652 -0.02609
0.21700 -0.16948 0.01508 0.01916
0.31645 0.49585 -0.03017 0.01925
-0.58445 0.35098 -0.01292 -0.02158
-0.75394 -0.62361 0.02369 -0.02837
0.48634 -0.37022 0.01365 0.01769
0.56376 0.62334 -0.02535 0.02333
-0.36331 0.46942 -0.02153 -0.01711
-0.51868 -0.84231 0.02293 -0.01439
0.66828 -0.55267 0.02407 0.02894
0.58904 0.50405 -0.02478 0.02904
-0.57543 0.52283 -0.01899 -0.02086
-0.48241 -0.40511 0.02423 -0.02858
0.69219 -0.37830 0.01068 0.01960
0.44503 0.60360 -0.02756 0.01989
-0.57258 0.72429 -0.02901 -0.02282
-0.53250 -0.72296 0.02696 -0.01955
0.47308 -0.63112 0.02559 0.01911
0.73970 0.60412 -0.02350 0.02941
-0.19915 0.21873 -0.02495 -0.02241
-0.54614 -0.59699 0.02364 -0.02200
0.62047 -0.69004 0.02005 0.01800
0.50005 0.78594 -0.02237 0.01440
-0.48761 0.32835 -0.01117 -0.01698
-0.73047 -0.60935 0.01490 -0.01787
0.24698 -0.21642 0.01643 0.01920
0.39016 0.59751 -0.02860 0.01861
-0.75509 0.41571 -0.01205 -0.02193
-0.30971 -0.30179 0.01807 -0.01862
0.54931 -0.28403 0.01186 0.02341
0.28149 0.58438 -0.02245 0.01048
-0.64815 0.44219 -0.01982 -0.02933
-0.33202 -0.43653 0.02535 -0.01958
0.87572 -0.46123 0.01218 0.02256
0.56843 0.46884 -0.02000 0.02380
-0.46907 0.32379 -0.01435 -0.02048
-0.64887 -0.64648 0.01947 -0.01940
0.77423 -0.44417 0.01082 0.01930
0.31737 0.33054 -0.02325 0.02122
-0.80757 0.40021 -0.01339 -0.02699
-0.27915 -0.51163 0.03155 -0.01754
0.59878 -0.49666 0.02200 0.02699
0.53386 0.63849 -0.02254 0.01892
-0.45227 0.35361 -0.02301 -0.03031
-0.33883 -0.63194 0.02155 -0.01118
0.46374 -0.25789 0.01580 0.02803
0.37167 0.86517 -0.03123 0.01324
-0.49751 0.32995 -0.01477 -0.02208
-0.05437 -0.04580 0.01916 -0.01921
0.64719 -0.41990 0.01751 0.02692
0.39183 0.61527 -0.01790 0.01120
-0.72263 0.67334 -0.02364 -0.02536
-0.25480 -0.59087 0.03274 -0.01430
0.42387 -0.23595 0.01599 0.02927
0.22847 0.52460 -0.03401 0.01530
-0.72701 0.45616 -0.01309 -0.02084
-0.26717 -0.56475 0.02329 -0.01088
0.72656 -0.64675 0.02518 0.02856
0.65449 0.68420 -0.01646 0.01608
-0.40651 0.21192 -0.01608 -0.03117
-0.46419 -0.54894 0.02092 -0.01714
0.44885 -0.37944 0.01672 0.01959
0.32799 0.80424 -0.03572 0.01447
-0.64139 0.52647 -0.01654 -0.01972
-0.05845 -0.13716 0.03205 -0.01434
0.77863 -0.45654 0.01946 0.03299
0.50917 0.49745 -0.02132 0.02190
-0.55889 0.40819 -0.01977 -0.02636
-0.24523 -0.29127 0.01800 -0.01430
0.68191 -0.34953 0.01646 0.03245
0.36331 0.63650 -0.01741 0.01000
-0.89803 0.40479 -0.01537 -0.03340
-0.43648 -0.57248 0.02763 -0.02153
0.56161 -0.51338 0.01839 0.01995
0.12003 0.26986 -0.02936 0.01167
-0.79983 0.41456 -0.01799 -0.03479
-0.16900 -0.45612 0.02013 -0.00791
0.81113 -0.56092 0.01304 0.01882
0.22119 0.56741 -0.02192 0.00865
-0.58173 0.28074 -0.01454 -0.03026
-0.35801 -0.81978 0.03243 -0.01401
0.79026 -0.31390 0.01152 0.02927
0.26445 0.35829 -0.01623 0.01177
-0.81024 0.27617 -0.00794 -0.02430
-0.58032 -0.72840 0.02204 -0.01738
0.72446 -0.38683 0.01799 0.03270
0.56235 0.72085 -0.01880 0.01435
-0.72618 0.35445 -0.01093 -0.02237
-0.35222 -0.76905 0.02699 -0.01263
0.77398 -0.42869 0.01636 0.03026
0.30019 0.52818 -0.02594 0.01450
-0.38879 0.16231 -0.01147 -0.02631
-0.25421 -0.77942 0.02684 -0.00876
0.82737 -0.40285 0.01325 0.02674
0.54015 0.74977 -0.01772 0.01258
-0.53369 0.29022 -0.01732 -0.03160
-0.11079 -0.55348 0.02930 -0.00606
0.49135 -0.25578 0.01768 0.03492
0.32097 0.72583 -0.02570 0.01117
-0.58250 0.19775 -0.01130 -0.03161
-0.32385 -0.46614 0.01847 -0.01300
0.73872 -0.26651 0.01134 0.03050
0.32414 0.94819 -0.03758 0.01271
-0.92848 0.24619 -0.00817 -0.03158
-0.39493 -0.50827 0.03017 -0.02407
0.73341 -0.42917 0.01647 0.02813
0.05065 0.12343 -0.02732 0.01172
-0.88563 0.28423 -0.01165 -0.03552
-0.36740 -0.83365 0.03642 -0.01624
0.89305 -0.44254 0.01023 0.02074
0.11522 0.22202 -0.03042 0.01426
-0.66226 0.23484 -0.00804 -0.02303
-0.41308 -0.86227 0.02143 -0.01054
0.56586 -0.13905 0.00736 0.02830
0.35423 0.89839 -0.02862 0.01120
-0.63481 0.24864 -0.01251 -0.03087
-0.24848 -0.35094 0.02524 -0.01790
0.81340 -0.41010 0.01282 0.02572
0.12290 0.64115 -0.02702 0.00561
-0.79882 0.52728 -0.01596 -0.02407
-0.20529 -0.62246 0.03107 -0.01048
0.48782 -0.28184 0.01788 0.02982
0.42319 0.68306 -0.01849 0.01153
-0.28375 0.09912 -0.01256 -0.03183
-0.24549 -0.73030 0.02118 -0.00724
0.83613 -0.20550 0.00720 0.02874
0.31567 0.62419 -0.02452 0.01250
-0.83589 0.20486 -0.00826 -0.03426
-0.18331 -0.68836 0.02407 -0.00666
0.62726 -0.28722 0.01256 0.02717
0.15159 0.76290 -0.02188 0.00414
-0.83880 0.19385 -0.00780 -0.03561
-0.15359 -0.28357 0.02659 -0.01470
0.29847 -0.09101 0.00605 0.02215
0.08657 0.43747 -0.03419 0.00597
-0.83399 0.53677 -0.01522 -0.02342
-0.11353 -0.35925 0.02521 -0.00834
0.60399 -0.13177 0.00754 0.03341
0.24334 0.94221 -0.03285 0.00833
-0.73465 0.14943 -0.00483 -0.02304
-0.34931 -0.84416 0.03173 -0.01329
0.88011 -0.17693 0.00532 0.02598
0.26313 0.56057 -0.03587 0.01700
-0.45198 0.24841 -0.01414 -0.02701
-0.13347 -0.54393 0.02317 -0.00546
0.33913 -0.17311 0.01297 0.02677
0.04274 0.35029 -0.03427 0.00394
-0.70829 0.11199 -0.00439 -0.02966
-0.12286 -0.82175 0.03061 -0.00464
0.64421 -0.27666 0.00900 0.02064
0.17468 0.39969 -0.03305 0.01444
-0.71628 0.10613 -0.00449 -0.02896
-0.14987 -0.51034 0.03537 -0.01057
0.64807 -0.29549 0.01019 0.02251
0.42492 0.86099 -0.02843 0.01426
-0.74087 0.24508 -0.00771 -0.02376
-0.25829 -0.63140 0.02522 -0.01064
0.43041 -0.05966 0.00248 0.02114
0.30200 0.72522 -0.03162 0.01281
-0.36783 0.19318 -0.01696 -0.03326
-0.03082 -0.36340 0.03368 -0.00242
0.74105 -0.28071 0.01353 0.03494
0.04123 0.56883 -0.03702 0.00269
-0.76849 0.06410 -0.00290 -0.03608
-0.22937 -0.67800 0.03351 -0.01178
0.65704 -0.12293 0.00439 0.02468
0.14977 0.93553 -0.03416 0.00552
-0.92471 0.19494 -0.00756 -0.03712
-0.10218 -0.31916 0.02251 -0.00727
0.35360 -0.06111 0.00353 0.01980
0.29320 0.74636 -0.03648 0.01417
-0.31739 0.13297 -0.01344 -0.03067
-0.14654 -0.35613 0.02383 -0.00927
0.43486 -0.05818 0.00410 0.03147
0.19242 0.92446 -0.02212 0.00445
-0.82879 0.05766 -0.00218 -0.02824
-0.00250 -0.40164 0.03107 -0.00087
0.91369 -0.38825 0.00855 0.02054
0.04907 0.44760 -0.03743 0.00401
-0.64252 0.25254 -0.01171 -0.03052
-0.00589 -0.15503 0.03970 -0.00182
0.79328 -0.24491 0.01113 0.03692
0.23253 0.73656 -0.02003 0.00631
-0.81668 0.14907 -0.00433 -0.02346
-0.07278 -0.52696 0.02920 -0.00365
0.73696 -0.00862 0.00061 0.03474
0.28555 0.65132 -0.03428 0.01470
-0.78455 0.06197 -0.00339 -0.03918
-0.08814 -0.80962 0.02591 -0.00292
0.67542 -0.19862 0.00770 0.02480
0.22136 0.69687 -0.02352 0.00744
-0.37110 0.15035 -0.00759 -0.01988
-0.01137 -0.18961 0.03478 -0.00037
0.48558 -0.11522 0.00717 0.03274
0.12253 0.94257 -0.02120 0.00283
-0.34794 0.08514 -0.00829 -0.03130
-0.20133 -0.83097 0.03115 -0.00781
0.54671 -0.18096 0.00705 0.02006
0.01174 0.45656 -0.03380 0.00026
-0.68338 0.03038 -0.00132 -0.02268
-0.21753 -0.94389 0.03860 -0.00906
0.87968 -0.17329 0.00449 0.02278
-0.00267 0.14502 -0.02549 -0.00126
-0.35893 0.08745 -0.00660 -0.02727
-0.21380 -0.80624 0.03749 -0.00983
0.29319 -0.03230 0.00230 0.02229
0.07097 0.74260 -0.02773 0.00275
-0.95925 -0.03308 0.00106 -0.03935
-0.13814 -0.92880 0.02639 -0.00408
0.29164 -0.07866 0.00576 0.02023
0.07998 0.96320 -0.03135 0.00283
-0.42425 0.12613 -0.00665 -0.02255
0.00076 -0.15805 0.03391 -0.00083
0.84761 0.04961 -0.00143 0.02171
0.06921 0.59376 -0.03912 0.00402
-0.92731 0.19996 -0.00721 -0.03452
-0.18642 -0.81403 0.02204 -0.00487
0.93490 -0.08047 0.00163 0.02035
0.17456 0.95663 -0.02050 0.00377
-0.54344 0.13959 -0.00547 -0.01984
-0.21568 -0.90582 0.02557 -0.00633
0.52800 -0.13604 0.00693 0.02899
-0.11925 0.82263 -0.02709 -0.00400
-0.74303 -0.09166 0.00395 -0.03079
-0.07237 -0.57560 0.03132 -0.00353
0.35683 -0.03889 0.00335 0.03469
0.11675 0.90686 -0.02860 0.00392
-0.88999 0.08189 -0.00272 -0.02948
0.02022 -0.53484 0.03925 0.00164
0.82634 -0.06252 0.00274 0.03885
0.00258 0.64054 -0.03173 0.00034
-0.90002 0.04115 -0.00150 -0.02759
-0.11912 -0.72718 0.02890 -0.00460
0.73874 -0.03865 0.00142 0.02153
0.01224 0.56081 -0.03809 0.00143
-0.60642 -0.00391 0.00013 -0.03309
0.06380 -0.88985 0.02426 0.00189
0.85403 0.11150 -0.00330 0.02701
0.05807 0.66164 -0.02617 0.00252
-0.71103 0.00327 -0.00025 -0.03008
0.05913 -0.53832 0.03641 0.00450
0.86540 0.12005 -0.00346 0.02513
0.08279 0.67207 -0.03203 0.00420
-0.87829 0.05003 -0.00150 -0.02949
-0.05818 -0.89075 0.03502 -0.00253
0.44084 0.08488 -0.00443 0.02158
0.00485 0.61775 -0.03298 -0.00003
-1.00941 0.02658 -0.00052 -0.03124
-0.00490 -0.15886 0.03352 -0.00222
0.55485 0.08724 -0.00383 0.02191
0.01675 0.44561 -0.02997 0.00146
-0.30432 0.01187 -0.00169 -0.03706
-0.03598 -0.15595 0.02064 -0.00418
0.68467 0.03436 -0.00141 0.02393
-0.20777 0.91107 -0.03461 -0.00761
-0.65599 0.12155 -0.00647 -0.03498
0.08036 -0.53271 0.03216 0.00457
0.54285 -0.04793 0.00228 0.02314
0.03550 0.85270 -0.03833 0.00194
-0.64022 -0.05694 0.00311 -0.03732
0.16010 -0.92886 0.02082 0.00372
0.82786 0.08146 -0.00311 0.03036
-0.02858 0.20029 -0.03235 -0.00560
-0.62311 0.00303 -0.00001 -0.02285
0.03037 -0.25042 0.03186 0.00501
0.76079 0.16351 -0.00773 0.03745
-0.02332 0.97654 -0.02696 -0.00080
-0.91854 -0.03522 0.00143 -0.03941
0.00068 -0.19652 0.03766 -0.00073
0.82864 0.08647 -0.00436 0.03954
-0.23355 0.91810 -0.03245 -0.00841
-0.19623 0.02469 -0.00305 -0.03178
0.16381 -0.48117 0.03008 0.01094
0.86020 0.00916 -0.00012 0.03953
0.10211 0.94819 -0.02132 0.00238
-0.75920 -0.00351 0.00019 -0.02285
0.24803 -0.83028 0.02871 0.00850
0.91998 0.02408 -0.00058 0.03426
-0.00447 0.91161 -0.02888 -0.00008
-0.95365 -0.13002 0.00330 -0.02428
0.01517 -0.24414 0.02470 0.00150
0.83947 0.01097 -0.00030 0.02574
-0.10362 0.48184 -0.03642 -0.00815
-0.77162 -0.12433 0.00365 -0.02192
0.02224 -0.56000 0.02808 0.00098
0.34467 0.02966 -0.00204 0.02453
-0.02378 0.24964 -0.02694 -0.00209
-0.33683 -0.02152 0.00113 -0.02883
0.04411 -0.71710 0.03109 0.00210
1.00133 0.07858 -0.00211 0.02542
-0.17073 0.66452 -0.03264 -0.00847
-0.86379 -0.27792 0.00917 -0.02911
0.22000 -0.70298 0.02559 0.00808
0.87007 0.17308 -0.00650 0.03275
-0.19662 0.94261 -0.02596 -0.00547
-0.87627 -0.01526 0.00043 -0.02358
0.03059 -0.93133 0.03334 0.00142
0.77982 0.12940 -0.00323 0.02097
-0.11451 0.84617 -0.02691 -0.00354
-0.86950 -0.35001 0.00851 -0.02128
0.16328 -0.41763 0.03676 0.01341
0.76747 0.25040 -0.01215 0.03683
-0.12111 0.77755 -0.02993 -0.00434
-0.69167 -0.18156 0.00556 -0.02065
0.06440 -0.97780 0.02860 0.00191
0.91138 0.10416 -0.00407 0.03255
-0.09305 0.96809 -0.02508 -0.00246
-0.44311 -0.14496 0.00630 -0.01957
0.26151 -0.59625 0.02747 0.01209
0.83244 0.31877 -0.01366 0.03585
-0.16689 0.45767 -0.03664 -0.01331
-0.96822 -0.22376 0.00759 -0.03187
0.02767 -0.89753 0.02324 0.00096
0.53285 0.11009 -0.00430 0.02102
-0.20873 0.65303 -0.01942 -0.00614
-0.90225 -0.11456 0.00454 -0.03398
0.08380 -0.31521 0.02922 0.00814
0.69489 0.34877 -0.01468 0.02942
-0.07297 0.71888 -0.02516 -0.00281
-0.39899 -0.01704 0.00063 -0.02984
0.09940 -0.91440 0.02591 0.00275
0.83747 0.30060 -0.01096 0.03152
-0.05820 0.50567 -0.02355 -0.00275
-0.57720 -0.19513 0.00897 -0.02693
0.06572 -0.67580 0.03029 0.00317
0.75683 0.27350 -0.01018 0.02817
-0.06134 0.46265 -0.02698 -0.00397
-0.83532 -0.38814 0.01288 -0.02715
0.26094 -0.73174 0.02104 0.00756
0.58469 0.27772 -0.00976 0.02143
-0.26853 0.71298 -0.03619 -0.01372
-0.19494 -0.07904 0.00857 -0.02283
0.14349 -0.54995 0.03314 0.00802
0.67978 0.38013 -0.01382 0.02418
-0.14797 0.64604 -0.02162 -0.00479
-0.27819 -0.03448 0.00427 -0.03967
0.26176 -0.91410 0.02653 0.00784
0.48129 0.20648 -0.01512 0.03645
-0.21875 0.53636 -0.03244 -0.01283
-0.66580 -0.26111 0.00928 -0.02293
0.39497 -0.72111 0.02820 0.01506
0.52702 0.20883 -0.01488 0.03631
-0.21097 0.36487 -0.01760 -0.00995
-0.77783 -0.23676 0.01137 -0.03703
0.21535 -0.69237 0.02038 0.00652
0.73963 0.15507 -0.00500 0.02439
-0.14072 0.65698 -0.02115 -0.00479
-0.78932 -0.45210 0.01792 -0.03193
0.09364 -0.32436 0.03434 0.00947
0.70891 0.29146 -0.01341 0.03225
-0.20150 0.82324 -0.03737 -0.00922
-0.54392 -0.29949 0.01092 -0.01967
0.24858 -0.56237 0.01890 0.00832
0.64331 0.22516 -0.00777 0.02233
-0.22065 0.63273 -0.02091 -0.00732
-0.63064 -0.26276 0.01412 -0.03274
0.14656 -0.31633 0.02799 0.01367
0.39332 0.19356 -0.01239 0.02468
-0.08129 0.29551 -0.03295 -0.01013
-0.80605 -0.35345 0.01074 -0.02527
0.23502 -0.36610 0.02873 0.01809
0.25505 0.09697 -0.00887 0.02149
-0.32781 0.76448 -0.02461 -0.01031
-0.23264 -0.06565 0.00834 -0.02848
0.23639 -0.78496 0.03160 0.00926
0.77810 0.43322 -0.01707 0.03131
-0.35675 0.58617 -0.03439 -0.02024
-0.43768 -0.19299 0.01364 -0.03108
0.45841 -0.76985 0.03027 0.01755
0.54039 0.32646 -0.01967 0.03343
-0.18662 0.97214 -0.02630 -0.00512
-0.67129 -0.36059 0.01077 -0.01974
0.41217 -0.72279 0.03260 0.01837
0.94735 0.21476 -0.00598 0.02611
-0.46311 0.65511 -0.02813 -0.01999
-0.74276 -0.36734 0.01359 -0.02690
0.38372 -0.74882 0.03240 0.01658
0.42678 0.10032 -0.00818 0.03569
-0.11695 0.19389 -0.02487 -0.01463
-0.30561 -0.14150 0.01573 -0.03412
0.09466 -0.47925 0.03621 0.00684
0.87014 0.34530 -0.00818 0.02032
-0.39117 0.53873 -0.03204 -0.02352
-0.86385 -0.31480 0.01251 -0.03355
0.34846 -0.50443 0.01939 0.01321
0.86196 0.45210 -0.01785 0.03365
-0.35758 0.75336 -0.02517 -0.01195
-0.74875 -0.49103 0.01208 -0.01827
0.24327 -0.45248 0.02901 0.01576
0.72980 0.24696 -0.01198 0.03688
-0.21197 0.38942 -0.02857 -0.01567
-0.78499 -0.55309 0.01521 -0.02112
0.38759 -0.73879 0.02457 0.01324
0.87219 0.40516 -0.00998 0.02111
-0.35445 0.66394 -0.01866 -0.01000
-0.79960 -0.56849 0.01727 -0.02408
0.32302 -0.86829 0.02912 0.01066
0.68798 0.52473 -0.02176 0.02848
-0.14222 0.30126 -0.03505 -0.01756
-0.66065 -0.43597 0.01894 -0.02941
0.47237 -0.60306 0.01698 0.01343
0.72303 0.58212 -0.02215 0.02717
-0.28634 0.50500 -0.01930 -0.01105
-0.85169 -0.20333 0.00632 -0.02510
0.52466 -0.67846 0.02580 0.02055
0.54884 0.44232 -0.02273 0.02781
-0.54869 0.69224 -0.02247 -0.01800
-0.26770 -0.16575 0.02124 -0.03352
0.26276 -0.31073 0.02296 0.02008
0.38019 0.14266 -0.00801 0.02061
-0.20423 0.57346 -0.03239 -0.01166
-0.48503 -0.19623 0.01143 -0.02827
0.37660 -0.71801 0.02841 0.01445
0.72204 0.30569 -0.01168 0.02759
-0.43525 0.67854 -0.02309 -0.01449
-0.78804 -0.52455 0.01310 -0.01975
0.38205 -0.55072 0.02287 0.01611
0.72856 0.30784 -0.00921 0.02161
-0.53835 0.81902 -0.02057 -0.01357
-0.62028 -0.28949 0.00917 -0.01970
0.66607 -0.67519 0.01798 0.01763
0.48550 0.27585 -0.01003 0.01827
-0.22906 0.49807 -0.02818 -0.01298
-0.83102 -0.44784 0.00999 -0.01844
0.53497 -0.53583 0.02057 0.02041
0.61532 0.42514 -0.01781 0.02644
-0.50391 0.79460 -0.03122 -0.02025
-0.29863 -0.19374 0.01124 -0.01666
0.49987 -0.61564 0.02230 0.01807
0.30667 0.23732 -0.01644 0.02150
-0.59264 0.78982 -0.01663 -0.01237
-0.41014 -0.26530 0.02134 -0.03322
0.45603 -0.47436 0.01696 0.01646
0.58426 0.51711 -0.02492 0.02806
-0.53533 0.71970 -0.02204 -0.01653
-0.61621 -0.53815 0.02073 -0.02442
0.37430 -0.58884 0.02537 0.01654
0.10918 0.09925 -0.01718 0.02020
-0.14581 0.30739 -0.03167 -0.01489
-0.33034 -0.21127 0.01327 -0.02128
0.49549 -0.79315 0.02628 0.01638
0.61927 0.53065 -0.02056 0.02444
-0.41936 0.73585 -0.03118 -0.01789
-0.44928 -0.23579 0.01554 -0.02991
0.42218 -0.78560 0.02086 0.01099
0.38583 0.19240 -0.00865 0.01832
-0.59648 0.53116 -0.01627 -0.01794
-0.23400 -0.25482 0.01859 -0.01697
0.31704 -0.55984 0.02840 0.01616
0.84992 0.44362 -0.01478 0.02795
-0.31614 0.50577 -0.01817 -0.01111
-0.63010 -0.46373 0.02087 -0.02775
0.25152 -0.40233 0.01819 0.01198
0.76679 0.61429 -0.02244 0.02842
-0.30892 0.60708 -0.02156 -0.01108
-0.70453 -0.36733 0.01471 -0.02899
0.51185 -0.44482 0.01774 0.02022
0.74224 0.49677 -0.01199 0.01830
-0.50486 0.62446 -0.02693 -0.02213
-0.66794 -0.73408 0.01632 -0.01460
0.15127 -0.18917 0.02507 0.01888
0.77094 0.60789 -0.02044 0.02587
-0.51382 0.81165 -0.02552 -0.01607
-0.35326 -0.31960 0.01920 -0.02161
0.47439 -0.74975 0.01866 0.01154
0.69508 0.47149 -0.01137 0.01707
-0.36255 0.32112 -0.02295 -0.02509
-0.27952 -0.27113 0.01590 -0.01664
0.42347 -0.76703 0.02277 0.01244
0.65379 0.62982 -0.01624 0.01700
-0.35341 0.34610 -0.02112 -0.02140
-0.36757 -0.43837 0.02195 -0.01904
0.23405 -0.27029 0.02268 0.01968
0.36884 0.23387 -0.01138 0.01837
-0.50667 0.67734 -0.02887 -0.02148
-0.29620 -0.38542 0.02421 -0.01864
0.45721 -0.35261 0.02476 0.03119
0.28599 0.30814 -0.02895 0.02605
-0.54450 0.75911 -0.03156 -0.02257
-0.43003 -0.29878 0.01351 -0.02004
0.37017 -0.49212 0.01682 0.01270
0.63484 0.54606 -0.02541 0.02993
-0.31772 0.44347 -0.02580 -0.01832
-0.67954 -0.50213 0.01527 -0.02037
0.60644 -0.61356 0.01558 0.01541
0.63556 0.42584 -0.01819 0.02668
-0.11036 0.14739 -0.02499 -0.01943
-0.38599 -0.28155 0.01521 -0.02090
0.34826 -0.30648 0.02481 0.02666
0.67115 0.54646 -0.01946 0.02458
-0.23753 0.17747 -0.02198 -0.03243
-0.41254 -0.48409 0.01563 -0.01385
0.40678 -0.50982 0.02306 0.01826
0.44843 0.60896 -0.01775 0.01337
-0.25111 0.26315 -0.02675 -0.02725
-0.16662 -0.17840 0.02100 -0.02104
0.45837 -0.46566 0.01593 0.01598
0.51108 0.59328 -0.01770 0.01509
-0.46030 0.63707 -0.03064 -0.02237
-0.41453 -0.37649 0.01738 -0.01923
0.66480 -0.50141 0.01293 0.01729
0.49062 0.52079 -0.02684 0.02514
-0.28183 0.24887 -0.02367 -0.02704
-0.45480 -0.45849 0.02814 -0.02745
0.52082 -0.40033 0.01545 0.01958
0.48485 0.42345 -0.02064 0.02399
-0.33763 0.28674 -0.01393 -0.01716
-0.41906 -0.62738 0.02425 -0.01660
0.33808 -0.20994 0.01847 0.02794
0.36248 0.57641 -0.03152 0.01969
-0.23692 0.23433 -0.01707 -0.01714
-0.53639 -0.41966 0.01852 -0.02318
0.53428 -0.60711 0.01634 0.01423
0.58910 0.75007 -0.02209 0.01751
-0.51346 0.40962 -0.02130 -0.02711
-0.52765 -0.47858 0.01589 -0.01738
0.32106 -0.24908 0.01815 0.02353
0.36545 0.34199 -0.01485 0.01551
-0.53326 0.52047 -0.02647 -0.02685
-0.14929 -0.11887 0.01982 -0.02411
0.68182 -0.71263 0.02695 0.02577
0.56767 0.64736 -0.01737 0.01558
-0.57296 0.55118 -0.01382 -0.01478
-0.35006 -0.50236 0.02315 -0.01556
0.47723 -0.22057 0.01630 0.03453
0.35183 0.48671 -0.02293 0.01686
-0.77636 0.54293 -0.01161 -0.01688
-0.35993 -0.54731 0.02790 -0.01836
0.38302 -0.29908 0.02257 0.02868
0.39780 0.88684 -0.02747 0.01219
-0.39797 0.28663 -0.01205 -0.01676
-0.28795 -0.63403 0.02995 -0.01347
0.67683 -0.40337 0.01207 0.02056
0.61953 0.63985 -0.01509 0.01494
-0.78892 0.57806 -0.02325 -0.03198
-0.32501 -0.53361 0.02462 -0.01451
0.56806 -0.45092 0.02320 0.03002
0.27533 0.46622 -0.02372 0.01408
-0.37050 0.32625 -0.01793 -0.01999
-0.56174 -0.80123 0.01935 -0.01339
0.58044 -0.35893 0.01177 0.01911
0.21997 0.33714 -0.02602 0.01701
-0.54696 0.24218 -0.01582 -0.03518
-0.68943 -0.71006 0.02543 -0.02496
0.69181 -0.56445 0.01744 0.02183
0.43778 0.82270 -0.02221 0.01185
-0.68105 0.44480 -0.01837 -0.02816
-0.47798 -0.84910 0.02050 -0.01163
0.63014 -0.31048 0.01512 0.03080
0.31531 0.57460 -0.01859 0.01015
-0.71278 0.56809 -0.01994 -0.02481
-0.38304 -0.75919 0.02120 -0.01082
0.34156 -0.23063 0.01910 0.02841
0.29350 0.52663 -0.02241 0.01290
-0.12379 0.07600 -0.01842 -0.02747
-0.22945 -0.37675 0.03296 -0.02039
0.50035 -0.37705 0.02279 0.03047
0.15241 0.18343 -0.02292 0.01988
-0.79353 0.53139 -0.02092 -0.03143
-0.20022 -0.51397 0.03390 -0.01324
0.54532 -0.35783 0.02153 0.03340
0.45173 0.68764 -0.02517 0.01666
-0.72117 0.36712 -0.01268 -0.02545
-0.19908 -0.47587 0.01927 -0.00799
0.35348 -0.21496 0.01288 0.02061
0.61087 0.62545 -0.02617 0.02583
-0.42896 0.19202 -0.01283 -0.03018
-0.33939 -0.63521 0.03038 -0.01648
0.56768 -0.37504 0.02014 0.03019
0.17011 0.21374 -0.03133 0.02479
-0.44410 0.17388 -0.01050 -0.02574
-0.26197 -0.56070 0.02850 -0.01303
0.71933 -0.37405 0.01346 0.02632
0.50539 0.59806 -0.01654 0.01427
-0.83596 0.36211 -0.01026 -0.02295
-0.44268 -0.53811 0.01608 -0.01354
0.73812 -0.33930 0.01618 0.03483
0.15727 0.27220 -0.01884 0.01138
-0.41115 0.17714 -0.01542 -0.03460
-0.28519 -0.46824 0.02131 -0.01331
0.91152 -0.38392 0.01147 0.02752
0.31043 0.83525 -0.03163 0.01189
-0.85528 0.43092 -0.01280 -0.02541
-0.16894 -0.43948 0.02224 -0.00860
0.49579 -0.40056 0.02342 0.02868
0.33733 0.57364 -0.02765 0.01601
-0.42459 0.22499 -0.01706 -0.03368
-0.31366 -0.57291 0.03031 -0.01614
0.82274 -0.40012 0.01492 0.03097
0.38123 0.74684 -0.02805 0.01438
-0.10294 0.04914 -0.01408 -0.03276
-0.49791 -0.74427 0.01685 -0.01109
0.65210 -0.24052 0.01178 0.03113
0.41607 0.80564 -0.03364 0.01749
-0.65044 0.43058 -0.01843 -0.02691
-0.29700 -0.66475 0.02932 -0.01301
0.40173 -0.19730 0.01821 0.03519
0.41505 0.75920 -0.02475 0.01375
-0.69471 0.16458 -0.00740 -0.03179
-0.35113 -0.48031 0.03217 -0.02372
0.62125 -0.29949 0.01396 0.02903
0.07903 0.44255 -0.02384 0.00456
-0.79007 0.28594 -0.00933 -0.02586
-0.28794 -0.88895 0.03430 -0.01140
0.63322 -0.21526 0.00714 0.02155
0.15504 0.67845 -0.03480 0.00754
-0.28339 0.09899 -0.00995 -0.03047
-0.41430 -0.71380 0.02586 -0.01482
0.46133 -0.32423 0.02124 0.02974
0.15494 0.57164 -0.03431 0.00897
-0.58220 0.16855 -0.00569 -0.02028
-0.03818 -0.07948 0.03047 -0.01210
0.24317 -0.13019 0.01725 0.03084
0.19695 0.51425 -0.02476 0.01006
-0.39835 0.13888 -0.00867 -0.02559
-0.16513 -0.73531 0.03564 -0.00811
0.65606 -0.40113 0.01043 0.01754
0.07264 0.14392 -0.03561 0.01742
-0.65933 0.14942 -0.00888 -0.03834
-0.40617 -0.80582 0.01824 -0.00926
0.94916 -0.17169 0.00647 0.03699
0.23341 0.68253 -0.01960 0.00650
-0.53952 0.25268 -0.01027 -0.02267
-0.12496 -0.67714 0.03070 -0.00551
0.22674 -0.13390 0.01175 0.01993
0.23719 0.90333 -0.03142 0.00841
-0.39411 0.12176 -0.00937 -0.02797
-0.14321 -0.59897 0.03265 -0.00784
0.83548 -0.29736 0.01029 0.02966
0.10782 0.54052 -0.02518 0.00534
-0.84105 0.33196 -0.00777 -0.01954
-0.23542 -0.73483 0.03106 -0.00964
0.31925 -0.03934 0.00341 0.02272
0.14200 0.60261 -0.02058 0.00457
-0.65054 0.32383 -0.01469 -0.03010
-0.19679 -0.94742 0.02572 -0.00543
0.79470 -0.29244 0.01163 0.03274
0.12748 0.77453 -0.02322 0.00372
-0.83175 0.36427 -0.01283 -0.02988
-0.34843 -0.76069 0.02808 -0.01298
0.28317 -0.03123 0.00437 0.03054
0.10871 0.79048 -0.02705 0.00371
-0.90897 0.14704 -0.00342 -0.02171
-0.29497 -0.86345 0.03422 -0.01163
0.63169 -0.34175 0.01646 0.03091
0.11629 0.25902 -0.02976 0.01274
-0.28819 0.11277 -0.01244 -0.02943
-0.06000 -0.42786 0.03180 -0.00467
0.79049 -0.44980 0.01203 0.02090
0.23087 0.67869 -0.03011 0.01068
-0.42431 0.05287 -0.00291 -0.02776
-0.05378 -0.67748 0.02786 -0.00227
0.38340 -0.20930 0.01073 0.02027
0.34936 0.92648 -0.02944 0.01086
-0.52164 0.06818 -0.00246 -0.02099
-0.21914 -0.92433 0.02041 -0.00466
0.36589 -0.15654 0.00811 0.01859
0.27824 0.64329 -0.03505 0.01543
-0.72559 0.21561 -0.00595 -0.01950
-0.05727 -0.38153 0.03706 -0.00546
0.51548 -0.25947 0.01194 0.02339
0.08031 0.45156 -0.02358 0.00427
-0.53599 0.20530 -0.00861 -0.02333
-0.10569 -0.49239 0.02447 -0.00483
0.28540 -0.11069 0.01158 0.02856
0.12614 0.73337 -0.03531 0.00645
-0.84908 0.30242 -0.01253 -0.03627
-0.04732 -0.45650 0.03487 -0.00401
0.79842 -0.14305 0.00421 0.02319
0.04600 0.35497 -0.02153 0.00294
-0.27380 0.03011 -0.00355 -0.02446
-0.32816 -0.84497 0.03580 -0.01389
0.72317 -0.17489 0.00808 0.03388
0.07708 0.49312 -0.02401 0.00389
-0.70121 0.33325 -0.01037 -0.02212
-0.34347 -0.76751 0.02715 -0.01230
0.56120 -0.01004 0.00079 0.03796
0.21211 0.74067 -0.02710 0.00761
-0.71442 0.11060 -0.00525 -0.03226
-0.26426 -0.80000 0.02453 -0.00807
0.70328 -0.25462 0.01142 0.03085
0.16395 0.64910 -0.03576 0.00909
-0.31712 0.05160 -0.00506 -0.03815
-0.04175 -0.75563 0.03264 -0.00164
0.64594 -0.07031 0.00339 0.03072
0.14511 0.91392 -0.02209 0.00345
-0.59060 0.19604 -0.00785 -0.02381
-0.00580 -0.39330 0.02585 -0.00002
0.90888 -0.31927 0.00678 0.01958
0.05139 0.69989 -0.02446 0.00150
-0.64339 -0.03606 0.00154 -0.03156
-0.03464 -0.66837 0.02078 -0.00092
0.63734 -0.13356 0.00733 0.03507
0.03588 0.72038 -0.02286 0.00103
-0.67958 0.07091 -0.00401 -0.03589
-0.22301 -0.74845 0.03348 -0.01002
0.68883 -0.05693 0.00204 0.02289
-0.00272 0.97230 -0.03925 -0.00008
-0.93148 0.03491 -0.00147 -0.03964
-0.21083 -0.74010 0.02008 -0.00595
0.77955 -0.24292 0.00923 0.03067
0.17912 0.57567 -0.02989 0.00960
-0.24308 0.00982 -0.00031 -0.03181
-0.11876 -0.80798 0.03079 -0.00463
0.72116 0.03542 -0.00101 0.02697
0.15553 0.82747 -0.03763 0.00708
-0.84065 -0.02722 0.00145 -0.03720
0.06054 -0.92806 0.03326 0.00245
0.80700 0.07171 -0.00370 0.03814
-0.02758 0.72263 -0.03641 -0.00152
-0.72771 -0.01735 0.00047 -0.02366
-0.02333 -0.12699 0.03695 -0.00800
0.63847 -0.06251 0.00343 0.03634
-0.06372 0.83098 -0.02745 -0.00215
-0.45995 -0.04432 0.00342 -0.03096
-0.17046 -0.84814 0.03474 -0.00711
0.75591 -0.23028 0.00783 0.02566
-0.03728 0.37017 -0.03712 -0.00305
-0.77930 0.00079 -0.00008 -0.02238
0.06038 -0.56960 0.02729 0.00257
0.93067 -0.10469 0.00259 0.02532
0.07495 0.31155 -0.02463 0.00629
-0.63819 -0.00557 0.00072 -0.03443
-0.06492 -0.34495 0.02534 -0.00420
0.93928 -0.19609 0.00784 0.03588
0.00337 0.71924 -0.02741 0.00011
-0.92906 -0.11863 0.00402 -0.03143
0.06170 -0.39009 0.02487 0.00423
0.70460 -0.00219 -0.00025 0.03171
-0.00758 0.25169 -0.02666 0.00001
-0.59553 -0.01228 0.00091 -0.03995
-0.06437 -0.49665 0.02690 -0.00357
0.66120 -0.13005 0.00531 0.02750
0.18779 0.95750 -0.03788 0.00776
-0.55418 0.01080 -0.00015 -0.02201
0.03756 -0.17006 0.03231 0.00734
0.31304 -0.00910 0.00036 0.03079
0.01121 0.86884 -0.02598 0.00017
-0.77611 0.04672 -0.00190 -0.03413
0.05143 -0.90719 0.03129 0.00205
0.26307 -0.06320 0.00796 0.03426
-0.00328 0.86661 -0.02467 -0.00001
-0.65591 -0.02531 0.00059 -0.02431
-0.03745 -0.51477 0.03322 -0.00266
0.50811 0.08518 -0.00497 0.02925
0.00868 0.57468 -0.02187 -0.00001
-0.85175 0.00945 -0.00027 -0.03095
0.14473 -0.87036 0.02184 0.00367
0.42569 0.00831 -0.00011 0.02107
-0.03727 0.18661 -0.02399 -0.00587
-0.23574 -0.02932 0.00211 -0.02367
0.12780 -0.92651 0.03181 0.00419
0.82863 0.09340 -0.00214 0.02036
-0.16772 0.79000 -0.01989 -0.00422
-0.76745 -0.13699 0.00450 -0.02481
0.10081 -0.50151 0.03845 0.00773
0.96285 -0.08397 0.00290 0.03044
0.17984 0.87055 -0.02692 0.00525
-0.76874 -0.10915 0.00490 -0.03316
0.13348 -0.80407 0.02320 0.00387
0.82996 -0.02918 0.00156 0.03422
-0.16407 0.73308 -0.03776 -0.00835
-0.09679 -0.01344 0.00402 -0.02649
-0.01280 -0.78395 0.02202 -0.00020
0.94069 -0.00283 0.00027 0.02436
-0.19973 0.86657 -0.03376 -0.00803
-0.73630 0.05269 -0.00174 -0.02844
-0.02287 -0.98982 0.03333 -0.00097
0.77245 0.00217 0.00031 0.03477
0.04602 0.70659 -0.02913 0.00164
-0.97352 -0.03709 0.00149 -0.03407
0.00461 -0.51782 0.03344 0.00058
0.53411 -0.01502 0.00048 0.03266
0.03767 0.72013 -0.02516 0.00161
-0.85084 -0.11044 0.00533 -0.03870
-0.08206 -0.87820 0.02247 -0.00220
0.47974 -0.01405 0.00104 0.03214
-0.21082 0.77377 -0.02209 -0.00616
-0.31862 -0.04253 0.00327 -0.02776
-0.05962 -0.81424 0.02349 -0.00200
0.73770 0.08175 -0.00316 0.02884
-0.03935 0.28380 -0.03789 -0.00595
-0.29509 -0.02395 0.00282 -0.02472
-0.00264 -0.73258 0.03132 0.00031
0.51110 0.13872 -0.00988 0.03542
-0.23999 0.87956 -0.03239 -0.00863
-0.56065 -0.02873 0.00121 -0.02520
0.00490 -0.49413 0.03348 0.00088
0.86323 0.23108 -0.00607 0.02321
-0.14318 0.37974 -0.03553 -0.01307
-0.87571 -0.05867 0.00172 -0.02850
0.12616 -0.33170 0.02129 0.00739
0.83010 0.30061 -0.01126 0.03088
-0.12643 0.60895 -0.02036 -0.00425
-0.97754 -0.17240 0.00538 -0.03228
0.06769 -0.58651 0.03875 0.00393
0.41727 0.03577 -0.00267 0.03889
-0.01868 0.97339 -0.03564 -0.00054
-0.87278 -0.00145 -0.00022 -0.02943
0.28193 -0.86781 0.02449 0.00790
0.77476 0.05574 -0.00273 0.03228
-0.10287 0.33481 -0.03297 -0.01071
-0.80059 0.00873 -0.00022 -0.02080
0.14984 -0.39562 0.03192 0.01221
0.47931 0.18457 -0.01390 0.03742
-0.17606 0.46576 -0.03334 -0.01218
-0.52134 -0.21614 0.01434 -0.03450
0.02527 -0.49647 0.02075 0.00110
0.86034 0.02382 -0.00077 0.02869
-0.10400 0.53597 -0.03794 -0.00792
-0.23097 0.00016 -0.00165 -0.03717
0.30165 -0.77739 0.03318 0.01286
0.71735 0.29507 -0.01191 0.02865
-0.33887 0.92561 -0.03464 -0.01262
-0.55432 -0.17793 0.00840 -0.02506
0.21312 -0.42520 0.01946 0.00939
0.86985 0.35349 -0.01139 0.02813
-0.12479 0.72550 -0.03370 -0.00608
-0.16546 -0.03247 0.00373 -0.02047
0.04786 -0.79867 0.02552 0.00183
0.43979 0.04100 -0.00227 0.02851
-0.16320 0.77388 -0.03768 -0.00835
-0.86824 -0.17991 0.00575 -0.02813
0.15413 -0.88558 0.03934 0.00719
0.91051 0.11401 -0.00425 0.03453
-0.03548 0.87445 -0.02355 -0.00108
-0.71293 -0.39162 0.01668 -0.03113
0.18656 -0.55649 0.03428 0.01181
0.79429 0.30577 -0.01249 0.03240
-0.18453 0.91273 -0.02219 -0.00451
-0.49136 -0.06159 0.00382 -0.02775
0.13112 -0.37725 0.02769 0.00950
0.91302 0.28918 -0.00663 0.02115
-0.11762 0.41909 -0.03311 -0.00857
-0.89390 -0.06764 0.00184 -0.02300
0.37050 -0.79291 0.03014 0.01380
0.43967 0.16126 -0.01104 0.02901
-0.32358 0.68389 -0.03437 -0.01600
-0.47493 -0.04884 0.00398 -0.03339
0.19594 -0.69687 0.02716 0.00741
0.64212 0.08710 -0.00407 0.02877
-0.07588 0.25994 -0.02165 -0.00557
-0.74091 -0.05237 0.00280 -0.03868
0.24683 -0.61947 0.03641 0.01403
0.58127 0.06958 -0.00413 0.03221
-0.21379 0.83842 -0.02321 -0.00573
-0.78172 -0.22368 0.00947 -0.03275
0.18620 -0.32463 0.02120 0.01206
0.95592 0.24056 -0.00538 0.02154
-0.38430 0.87438 -0.03357 -0.01506
-0.64084 -0.37951 0.01206 -0.01986
0.13773 -0.55972 0.03648 0.00906
0.90096 0.21792 -0.00512 0.02039
-0.13773 0.72837 -0.03388 -0.00669
-0.56754 -0.26140 0.01263 -0.02824
0.08081 -0.45083 0.03795 0.00698
0.33923 0.07851 -0.00731 0.03142
-0.17228 0.42973 -0.02082 -0.00859
-0.73155 -0.24953 0.01183 -0.03520
0.48905 -0.73529 0.03121 0.02038
0.43908 0.14814 -0.01247 0.03745
-0.12431 0.22980 -0.01913 -0.01060
-0.63981 -0.22161 0.01071 -0.03060
0.48457 -0.73533 0.02342 0.01520
0.74239 0.35399 -0.01216 0.02477
-0.11582 0.67048 -0.02425 -0.00402
-0.91392 -0.26628 0.00958 -0.03340
0.15458 -0.72546 0.03420 0.00722
0.80023 0.16934 -0.00496 0.02467
-0.31251 0.56966 -0.03483 -0.01938
-0.82512 -0.23890 0.00773 -0.02618
0.22702 -0.81921 0.02891 0.00767
0.37672 0.10219 -0.00780 0.02685
-0.08441 0.25422 -0.03010 -0.01019
-0.75121 -0.51718 0.02171 -0.03085
0.27177 -0.77789 0.03755 0.01293
0.25319 0.03924 -0.00383 0.02343
-0.31903 0.70776 -0.02568 -0.01142
-0.41069 -0.18760 0.01577 -0.03518
0.36116 -0.77520 0.02370 0.01104
0.41407 0.21288 -0.01731 0.03418
-0.30313 0.51843 -0.01753 -0.01052
-0.77850 -0.53298 0.01630 -0.02379
0.25212 -0.56473 0.03368 0.01431
0.17289 0.09629 -0.01216 0.01938
-0.28324 0.59167 -0.03202 -0.01554
-0.57704 -0.38385 0.02065 -0.03089
0.14316 -0.26422 0.02308 0.01210
0.32787 0.09069 -0.00592 0.02174
-0.37591 0.48542 -0.03052 -0.02292
-0.71490 -0.28021 0.00929 -0.02399
0.15512 -0.19394 0.02324 0.01952
0.67829 0.31502 -0.01101 0.02365
-0.35354 0.58947 -0.02097 -0.01260
-0.32830 -0.25616 0.02197 -0.02833
0.56454 -0.67003 0.02330 0.01991
0.34204 0.17378 -0.01689 0.03310
-0.53605 0.81807 -0.02311 -0.01503
-0.70658 -0.32507 0.01478 -0.03129
0.20825 -0.43560 0.02638 0.01249
0.56339 0.23072 -0.00976 0.02454
-0.06533 0.14862 -0.03019 -0.01510
-0.59479 -0.31280 0.01087 -0.02005
0.34982 -0.40254 0.02719 0.02399
0.23971 0.13417 -0.01193 0.02216
-0.50795 0.60876 -0.02285 -0.01950
-0.54785 -0.23679 0.00972 -0.02206
0.40114 -0.53533 0.02269 0.01726
0.51038 0.28554 -0.01017 0.01743
-0.10360 0.23555 -0.02081 -0.01010
-0.51003 -0.27034 0.01593 -0.03171
0.30396 -0.77831 0.03562 0.01415
0.57898 0.45274 -0.01838 0.02333
-0.24005 0.66056 -0.02767 -0.01014
-0.57427 -0.21877 0.01369 -0.03644
0.25123 -0.33346 0.02729 0.02143
0.76289 0.62633 -0.01309 0.01615
-0.17239 0.25365 -0.02995 -0.02116
-0.39947 -0.28356 0.01957 -0.02819
0.29902 -0.61994 0.03162 0.01524
0.70712 0.29330 -0.01076 0.02569
-0.18786 0.42498 -0.03271 -0.01515
-0.82194 -0.31768 0.01210 -0.03140
0.60462 -0.68503 0.02159 0.01910
0.78219 0.55675 -0.01886 0.02641
-0.22269 0.34892 -0.02233 -0.01442
-0.52836 -0.29894 0.01767 -0.03190
0.34969 -0.55477 0.02667 0.01659
0.70220 0.63079 -0.01629 0.01812
-0.50033 0.83019 -0.02555 -0.01565
-0.62015 -0.59489 0.01837 -0.01908
0.59014 -0.64079 0.02243 0.02056
0.42808 0.29627 -0.01363 0.01963
-0.63589 0.60927 -0.02535 -0.02693
-0.30192 -0.25654 0.01898 -0.02271
0.46272 -0.74757 0.01899 0.01194
0.62105 0.46358 -0.01538 0.02023
-0.35658 0.45475 -0.01986 -0.01546
-0.60761 -0.65512 0.02412 -0.02249
0.53146 -0.83295 0.01797 0.01133
0.79893 0.51675 -0.01216 0.01854
-0.63807 0.65013 -0.01984 -0.01922
-0.63811 -0.50903 0.01623 -0.01978
0.64639 -0.72205 0.02763 0.02523
0.32751 0.34894 -0.02406 0.02163
-0.23355 0.42888 -0.02907 -0.01594
-0.60411 -0.34338 0.01961 -0.03463
0.31766 -0.42809 0.02320 0.01736
0.54862 0.29686 -0.01250 0.02323
-0.55843 0.54557 -0.02665 -0.02660
-0.31268 -0.22614 0.01970 -0.02812
0.33565 -0.66918 0.02089 0.01063
0.63889 0.37806 -0.01834 0.03035
-0.64128 0.72962 -0.02011 -0.01754
-0.48935 -0.52244 0.02800 -0.02640
0.16371 -0.25087 0.02581 0.01723
0.60558 0.63460 -0.01548 0.01481
-0.51238 0.52996 -0.02124 -0.02028
-0.48850 -0.28915 0.01958 -0.03194
0.33389 -0.49399 0.02412 0.01642
0.77064 0.48048 -0.01448 0.02362
-0.59550 0.79287 -0.01865 -0.01432
-0.57334 -0.41608 0.02251 -0.03207
0.29183 -0.58658 0.03414 0.01729
0.60829 0.45826 -0.01876 0.02560
-0.39856 0.45620 -0.02405 -0.02103
-0.74408 -0.57732 0.01366 -0.01735
0.23970 -0.28641 0.02231 0.01793
0.45939 0.36261 -0.02384 0.03017
-0.66593 0.71168 -0.02203 -0.02064
-0.29966 -0.33406 0.01858 -0.01582
0.63721 -0.70252 0.02891 0.02581
0.66152 0.66658 -0.02490 0.02472
-0.62824 0.75405 -0.01928 -0.01629
-0.25372 -0.18050 0.01992 -0.02821
0.52726 -0.68282 0.01977 0.01508
0.60988 0.54378 -0.01810 0.02039
-0.49307 0.70344 -0.02108 -0.01483
-0.61830 -0.75710 0.01761 -0.01443
0.44456 -0.62500 0.01736 0.01273
0.08935 0.05600 -0.01980 0.03038
-0.33065 0.38894 -0.01773 -0.01536
-0.66480 -0.62339 0.02359 -0.02470
0.53191 -0.77935 0.02790 0.01906
0.42084 0.34160 -0.02368 0.02922
-0.19779 0.20230 -0.01801 -0.01819
-0.51489 -0.31528 0.01185 -0.01944
0.65628 -0.68051 0.01475 0.01398
0.58459 0.61197 -0.01496 0.01455
-0.37318 0.26879 -0.02216 -0.03206
-0.46458 -0.54112 0.02056 -0.01755
0.45915 -0.37713 0.01764 0.02164
0.61290 0.75892 -0.02380 0.01935
-0.58204 0.68460 -0.01909 -0.01616
-0.39786 -0.36683 0.01798 -0.01947
0.58708 -0.55606 0.02568 0.02706
0.59643 0.68250 -0.02192 0.01909
-0.68584 0.49981 -0.01513 -0.02123
-0.12236 -0.17092 0.03213 -0.02335
0.44911 -0.49834 0.01487 0.01347
0.26319 0.36703 -0.03230 0.02190
-0.60886 0.60118 -0.01633 -0.01638
-0.57242 -0.61970 0.01728 -0.01582
0.84256 -0.49673 0.01383 0.02307
0.42054 0.63172 -0.02447 0.01611
-0.68203 0.43387 -0.01316 -0.02083
-0.65617 -0.51071 0.02036 -0.02599
0.58865 -0.36758 0.01420 0.02312
0.42624 0.61768 -0.01694 0.01140
-0.55088 0.30393 -0.01278 -0.02333
-0.50088 -0.83487 0.02073 -0.01235
0.34526 -0.24192 0.02205 0.03271
0.13283 0.17125 -0.02545 0.01951
-0.68342 0.38512 -0.01180 -0.02088
-0.33045 -0.45485 0.02855 -0.02145
0.46296 -0.31172 0.01883 0.02815
0.37410 0.40485 -0.02321 0.02138
-0.44374 0.27103 -0.01758 -0.02831
-0.22459 -0.37278 0.02888 -0.01805
0.63901 -0.55627 0.01633 0.01895
0.64475 0.53184 -0.01497 0.01835
-0.10496 0.07181 -0.01383 -0.02268
-0.42581 -0.69599 0.03292 -0.01965
0.60846 -0.34397 0.01818 0.03176
0.48448 0.63972 -0.01752 0.01293
-0.55934 0.38276 -0.02055 -0.02984
-0.65266 -0.58820 0.01845 -0.02005
0.33525 -0.28304 0.02461 0.02779
0.56804 0.61897 -0.02934 0.02718
-0.11017 0.06804 -0.01705 -0.02676
-0.25896 -0.22431 0.01756 -0.02040
0.27078 -0.21385 0.01654 0.02128
0.34760 0.45819 -0.02139 0.01628
-0.57254 0.70249 -0.02088 -0.01716
-0.56054 -0.72905 0.01577 -0.01250
0.40207 -0.24436 0.01899 0.03117
0.43819 0.50358 -0.01501 0.01347
-0.56002 0.27912 -0.01710 -0.03556
-0.45328 -0.83095 0.03221 -0.01759
0.65440 -0.63776 0.02480 0.02568
0.60043 0.72175 -0.01757 0.01458
-0.72259 0.57767 -0.02474 -0.03132
-0.52122 -0.63697 0.01967 -0.01578
0.45649 -0.40885 0.02307 0.02607
0.39227 0.81700 -0.01843 0.00876
-0.58210 0.34624 -0.01752 -0.02930
-0.41851 -0.70793 0.02226 -0.01330
0.67314 -0.47761 0.02113 0.02962
0.45347 0.41063 -0.02667 0.02916
-0.54549 0.42549 -0.02191 -0.02779
-0.17826 -0.15416 0.01731 -0.01793
0.35859 -0.27403 0.02317 0.03071
0.62778 0.71629 -0.02065 0.01848
-0.28003 0.19489 -0.01620 -0.02319
-0.53213 -0.72193 0.02402 -0.01727
0.23962 -0.11734 0.01301 0.02611
0.35636 0.56554 -0.02905 0.01861
-0.41175 0.18963 -0.01017 -0.02169
-0.43329 -0.80639 0.02230 -0.01182
0.85318 -0.47850 0.01565 0.02827
0.25918 0.46185 -0.02915 0.01682
-0.67584 0.49582 -0.01564 -0.02120
-0.67549 -0.68422 0.02350 -0.02335
0.78576 -0.38667 0.01106 0.02189
0.12553 0.24809 -0.02374 0.01236
-0.82776 0.52017 -0.01577 -0.02539
-0.30731 -0.48463 0.02504 -0.01569
0.71538 -0.62702 0.01562 0.01741
0.36873 0.44382 -0.02149 0.01807
-0.89723 0.31678 -0.00963 -0.02668
-0.22745 -0.54744 0.02441 -0.00975
0.69622 -0.55868 0.01670 0.02124
0.41471 0.81313 -0.02717 0.01383
-0.88139 0.45484 -0.01603 -0.03110
-0.31204 -0.73247 0.02982 -0.01247
0.83153 -0.37199 0.01006 0.02259
0.49853 0.82058 -0.02827 0.01683
-0.82546 0.42905 -0.01543 -0.03008
-0.25244 -0.62693 0.03417 -0.01351
0.45437 -0.36866 0.02454 0.03038
0.20210 0.67687 -0.02767 0.00784
-0.79617 0.52454 -0.01229 -0.01863
-0.23001 -0.54947 0.03034 -0.01277
0.45586 -0.23355 0.01785 0.03470
0.36675 0.78054 -0.03253 0.01505
-0.85376 0.30678 -0.00831 -0.02389
-0.12250 -0.44937 0.02320 -0.00590
0.69011 -0.46351 0.01373 0.02042
0.12505 0.42924 -0.02613 0.00805
-0.55953 0.48782 -0.02614 -0.03022
-0.28219 -0.75025 0.02737 -0.01043
0.51388 -0.18564 0.00729 0.02125
0.49530 0.66446 -0.01948 0.01428
-0.60453 0.23387 -0.01142 -0.03022
-0.46571 -0.58567 0.02572 -0.02033
0.53445 -0.18149 0.01075 0.03118
0.18203 0.31716 -0.02452 0.01440
-0.79253 0.51315 -0.01339 -0.02083
-0.08724 -0.22714 0.02969 -0.01128
0.71601 -0.33221 0.01176 0.02589
0.27919 0.45855 -0.03284 0.01989
-0.48479 0.11156 -0.00774 -0.03414
-0.49560 -0.77029 0.02296 -0.01505
0.67029 -0.31198 0.00984 0.02031
0.46333 0.81053 -0.02119 0.01209
-0.82697 0.54026 -0.01413 -0.02196
-0.27388 -0.75940 0.03474 -0.01201
0.49882 -0.34995 0.01818 0.02544
0.16570 0.49855 -0.02495 0.00796
-0.31611 0.17574 -0.01391 -0.02421
-0.18237 -0.49211 0.02341 -0.00905
0.83947 -0.23506 0.00657 0.02370
0.53461 0.79320 -0.02626 0.01744
-0.27924 0.14614 -0.01426 -0.02598
-0.21548 -0.75289 0.01982 -0.00562
0.19946 -0.06826 0.01032 0.02818
0.21803 0.92870 -0.03505 0.00794
-0.73080 0.53166 -0.01378 -0.01932
-0.21926 -0.54542 0.02733 -0.01133
0.36113 -0.22988 0.01430 0.02275
0.53770 0.81716 -0.01994 0.01300
-0.52849 0.15699 -0.00630 -0.02005
-0.37975 -0.68494 0.02897 -0.01621
0.73355 -0.23017 0.00944 0.03076
0.15008 0.65454 -0.02981 0.00698
-0.31434 0.08993 -0.00993 -0.03567
-0.17373 -0.51970 0.02409 -0.00780
0.79693 -0.41093 0.01718 0.03337
0.21295 0.54899 -0.02478 0.00970
-0.81026 0.23033 -0.00784 -0.02861
-0.23771 -0.52717 0.02911 -0.01282
0.32611 -0.08003 0.00959 0.03620
0.39597 0.66775 -0.01843 0.01105
-0.76845 0.13341 -0.00506 -0.02757
-0.18734 -0.70959 0.02987 -0.00786
0.68791 -0.20872 0.00852 0.02751
0.13709 0.83558 -0.03014 0.00492
-0.47968 0.17322 -0.01141 -0.03048
-0.40247 -0.75288 0.03094 -0.01600
0.26940 -0.06069 0.00439 0.02108
0.09354 0.94318 -0.02177 0.00216
-0.80400 0.39359 -0.01167 -0.02363
-0.08233 -0.24966 0.03140 -0.00985
0.72473 -0.41703 0.01030 0.01798
0.13939 0.45523 -0.02400 0.00722
-0.73784 0.36153 -0.01679 -0.03396
-0.40852 -0.74187 0.03127 -0.01688
0.94651 -0.31158 0.01218 0.03786
0.18661 0.48479 -0.01965 0.00706
-0.88849 0.33850 -0.01248 -0.03244
-0.36526 -0.90812 0.03686 -0.01482
0.68244 -0.32398 0.01107 0.02234
0.02617 0.25495 -0.03222 0.00316
-0.65627 0.13877 -0.00584 -0.02831
-0.13826 -0.62164 0.03497 -0.00748
0.74768 -0.03826 0.00193 0.03095
0.15049 0.53290 -0.03570 0.01038
-0.96598 0.00464 -0.00036 -0.03290
-0.15817 -0.82576 0.03453 -0.00657
0.79746 -0.31928 0.01033 0.02646
0.27610 0.88464 -0.02007 0.00640
-0.86073 0.12676 -0.00388 -0.02736
-0.30352 -0.68971 0.03647 -0.01585
0.65038 -0.08622 0.00303 0.02108
0.32735 0.82076 -0.03032 0.01236
-0.67132 0.18908 -0.00568 -0.02031
-0.01072 -0.89701 0.03226 -0.00055
0.58487 -0.27589 0.01555 0.03377
0.11685 0.51790 -0.03888 0.00902
-0.59598 0.13338 -0.00801 -0.03774
-0.17544 -0.39304 0.02527 -0.01173
0.53815 -0.19986 0.00953 0.02591
0.01832 0.48131 -0.02657 0.00077
-0.80983 0.14615 -0.00456 -0.02358
-0.04049 -0.22916 0.02674 -0.00457
0.44910 -0.15454 0.00652 0.01906
0.00890 0.34916 -0.03158 0.00144
-0.76798 0.18226 -0.00770 -0.03165
-0.06173 -0.86996 0.03021 -0.00194
0.83969 -0.25812 0.00623 0.02073
0.00898 0.15838 -0.02847 0.00173
-0.51901 0.02854 -0.00233 -0.03445
-0.01502 -0.21694 0.03233 -0.00355
0.44309 -0.03103 0.00212 0.03268
0.07775 0.30615 -0.02581 0.00625
-0.53921 0.02582 -0.00099 -0.03039
-0.10618 -0.92649 0.02068 -0.00239
0.44065 -0.15927 0.01094 0.03176
0.10227 0.46967 -0.03228 0.00656
-0.63534 0.03171 -0.00247 -0.03726
-0.25440 -0.75671 0.03010 -0.01004
0.79567 -0.05247 0.00137 0.02076
0.03253 0.36657 -0.03638 0.00331
-0.80448 0.00518 -0.00028 -0.02668
-0.02384 -0.71581 0.03066 -0.00083
0.93468 0.00250 -0.00031 0.03579
0.16047 0.83915 -0.03186 0.00646
-0.79162 0.01471 -0.00058 -0.03284
-0.04982 -0.54021 0.03210 -0.00342
0.40490 -0.03569 0.00204 0.02409
0.29074 0.80791 -0.02685 0.00961
-0.54065 0.03672 -0.00260 -0.03339
-0.22563 -0.67994 0.02096 -0.00713
0.81912 -0.09928 0.00306 0.02640
0.19709 0.87161 -0.03118 0.00692
-0.89725 0.12859 -0.00280 -0.02064
0.07134 -0.80671 0.03953 0.00348
0.71096 -0.19018 0.00536 0.01987
0.05229 0.78091 -0.03832 0.00283
-0.37250 -0.00023 0.00011 -0.02423
-0.02492 -0.29127 0.02224 -0.00242
0.50732 -0.12862 0.00832 0.03295
0.17796 0.75849 -0.02121 0.00482
-0.46110 -0.00148 0.00049 -0.02418
-0.03118 -0.93179 0.03115 -0.00095
0.80098 0.05563 -0.00222 0.02921
-0.00608 0.93946 -0.02483 -0.00026
-0.57533 -0.04718 0.00359 -0.03712
0.01091 -0.48590 0.03714 0.00100
0.86286 -0.19586 0.00840 0.03858
0.10800 0.67953 -0.03158 0.00539
-0.29302 0.08153 -0.00837 -0.03165
-0.05380 -0.30088 0.02904 -0.00511
0.67870 -0.06584 0.00311 0.03482
0.14259 0.82282 -0.02239 0.00402
-0.42894 -0.03978 0.00294 -0.03973
0.00406 -0.30719 0.02460 -0.00020
0.97845 -0.08844 0.00176 0.02172
-0.04509 0.61680 -0.02611 -0.00161
-0.98847 0.03770 -0.00077 -0.02694
-0.08036 -0.91756 0.03645 -0.00342
0.97075 -0.15986 0.00483 0.03088
-0.07847 0.79050 -0.03716 -0.00378
-0.38620 0.08619 -0.00723 -0.03072
0.03670 -0.69710 0.02894 0.00158
0.25012 -0.03285 0.00305 0.02032
-0.03131 0.75181 -0.03452 -0.00154
-0.74746 0.05236 -0.00161 -0.02160
-0.13362 -0.73289 0.02709 -0.00474
0.36140 0.06240 -0.00469 0.02430
-0.14327 0.98210 -0.03734 -0.00551
-0.84190 0.00016 -0.00030 -0.02840
0.06847 -0.51437 0.03404 0.00497
0.80616 -0.12100 0.00322 0.01985
-0.02704 0.81862 -0.02842 -0.00075
-0.60383 -0.05828 0.00244 -0.02978
-0.17778 -0.95063 0.02345 -0.00435
0.82013 0.15856 -0.00719 0.03785
-0.02791 0.72469 -0.03068 -0.00153
-0.57868 0.09301 -0.00379 -0.02607
0.05857 -0.92782 0.03851 0.00234
0.84382 -0.08867 0.00354 0.03311
-0.11274 0.69045 -0.03307 -0.00588
-0.95735 -0.18952 0.00490 -0.02604
0.10716 -0.65185 0.02752 0.00426
0.55219 0.09071 -0.00582 0.03559
-0.13451 0.71880 -0.03393 -0.00611
-0.67127 -0.07925 0.00302 -0.02496
0.08875 -0.75065 0.02647 0.00280
0.72740 -0.01079 0.00069 0.02512
-0.06531 0.30455 -0.02342 -0.00560
-0.92870 0.09105 -0.00338 -0.03186
0.01218 -0.78444 0.03593 0.00080
0.56241 -0.00547 0.00050 0.02488
-0.13706 0.74924 -0.03182 -0.00615
-0.57243 -0.08604 0.00427 -0.03176
0.07956 -0.40502 0.02415 0.00520
0.72917 -0.00421 0.00019 0.03659
-0.14222 0.72584 -0.03542 -0.00678
-0.64121 -0.15001 0.00788 -0.03558
0.13199 -0.82204 0.03215 0.00484
0.89029 -0.05371 0.00122 0.02032
-0.14701 0.88165 -0.02645 -0.00446
-0.12531 -0.01027 0.00026 -0.02559
0.10154 -0.41225 0.03304 0.00761
0.59808 0.11331 -0.00511 0.02790
-0.05716 0.39437 -0.02120 -0.00321
-0.77098 -0.08444 0.00248 -0.02265
-0.01151 -0.97526 0.02374 -0.00010
0.63909 0.21438 -0.00897 0.02801
-0.07709 0.54575 -0.03239 -0.00449
-0.60270 -0.02650 0.00157 -0.03931
0.00734 -0.63867 0.02391 0.00034
0.82697 0.27070 -0.00773 0.02336
0.00843 0.08454 -0.02170 0.00035
-0.49701 -0.11328 0.00697 -0.03023
0.03456 -0.42139 0.03118 0.00227
0.73917 -0.01564 0.00033 0.03435
-0.00478 0.85316 -0.03146 0.00010
-0.88967 0.02112 -0.00049 -0.02561
0.14330 -0.62303 0.02614 0.00574
0.72926 0.10207 -0.00486 0.03632
0.04698 0.62464 -0.02159 0.00142
-0.86619 -0.05986 0.00143 -0.02174
0.00404 -0.94957 0.02595 0.00006
0.91512 0.05761 -0.00240 0.03644
-0.15013 0.74989 -0.02416 -0.00505
-0.70757 -0.04257 0.00234 -0.03917
0.17122 -0.88220 0.02998 0.00612
0.63107 0.12959 -0.00535 0.02627
0.00868 0.37886 -0.02307 0.00031
-0.45228 0.00388 0.00002 -0.02007
0.09958 -0.51612 0.02129 0.00405
0.65989 0.31866 -0.00853 0.01822
-0.18987 0.84480 -0.02721 -0.00610
-0.24471 -0.02074 0.00268 -0.02118
0.22174 -0.90179 0.03250 0.00794
0.14417 0.00412 -0.00228 0.03202
-0.20320 0.43908 -0.03524 -0.01584
-0.21884 -0.00733 0.00076 -0.03902
0.16546 -0.98340 0.02868 0.00457
0.46695 0.14845 -0.01099 0.03420
-0.24436 0.87563 -0.02330 -0.00679
-0.78447 -0.15423 0.00419 -0.02267
0.40124 -0.78845 0.03280 0.01703
0.90624 0.29302 -0.00850 0.02668
-0.02057 0.26684 -0.02535 -0.00292
-0.54301 -0.19496 0.00797 -0.02234
0.01733 -0.40584 0.02911 0.00145
0.91773 0.06420 -0.00167 0.02497
-0.24757 0.79371 -0.03675 -0.01124
-0.89637 -0.08730 0.00275 -0.02915
0.11988 -0.55427 0.01968 0.00410
0.58987 0.06401 -0.00372 0.03197
-0.04683 0.25127 -0.03860 -0.00681
-0.59394 -0.15002 0.00850 -0.03377
0.03551 -0.68061 0.02728 0.00159
0.62626 0.32215 -0.01045 0.02008
-0.17820 0.88845 -0.02952 -0.00624
-0.67970 -0.27093 0.00857 -0.02072
0.23502 -0.94334 0.03206 0.00778
0.55943 0.15273 -0.00756 0.02726
-0.36690 0.89117 -0.02509 -0.01055
-0.96533 -0.13905 0.00458 -0.03211
0.40018 -0.74578 0.02372 0.01267
0.72315 0.25619 -0.00709 0.02058
-0.16476 0.91412 -0.02771 -0.00528
-0.92981 -0.34395 0.00904 -0.02457
0.23124 -0.81365 0.02948 0.00819
0.68597 0.34584 -0.01306 0.02662
-0.17308 0.50848 -0.02165 -0.00747
-0.22150 -0.07709 0.01391 -0.03727
0.15881 -0.49338 0.02177 0.00715
0.75832 0.17973 -0.00899 0.03590
-0.13201 0.93047 -0.02366 -0.00357
-0.76711 -0.36423 0.01222 -0.02660
0.09556 -0.40138 0.02578 0.00621
0.53830 0.22818 -0.00916 0.02119
-0.41783 0.80884 -0.03484 -0.01784
-0.88283 -0.25168 0.00711 -0.02603
0.13162 -0.65375 0.03525 0.00701
0.19191 0.10504 -0.01369 0.02478
-0.04629 0.20990 -0.02461 -0.00521
-0.57060 -0.16610 0.00778 -0.02811
0.24945 -0.42866 0.02317 0.01326
0.59630 0.30321 -0.01526 0.02878
-0.16508 0.38929 -0.02028 -0.00887
-0.74360 -0.39508 0.01660 -0.03061
0.03241 -0.23008 0.02535 0.00449
0.68476 0.22600 -0.00786 0.02341
-0.32927 0.81300 -0.02778 -0.01099
-0.66018 -0.41932 0.01908 -0.03036
0.33035 -0.56898 0.02007 0.01160
0.35917 0.15733 -0.00935 0.02114
-0.42565 0.79282 -0.02225 -0.01164
-0.08774 -0.03041 0.01236 -0.03641
0.21129 -0.79090 0.02428 0.00642
0.59046 0.37682 -0.01475 0.02379
-0.30343 0.58790 -0.01795 -0.00886
-0.52051 -0.27144 0.01639 -0.03164
0.21141 -0.50409 0.02563 0.01105
0.40724 0.15475 -0.00928 0.02252
-0.45589 0.88154 -0.01962 -0.01017
-0.44676 -0.24488 0.01531 -0.02717
0.20624 -0.43889 0.03043 0.01415
0.52905 0.28122 -0.01754 0.03218
-0.35372 0.71049 -0.03146 -0.01573
-0.59813 -0.17727 0.00993 -0.03331
0.57394 -0.75631 0.02100 0.01602
0.63314 0.41983 -0.01919 0.02859
-0.55641 0.73821 -0.01746 -0.01290
-0.88112 -0.16706 0.00542 -0.02770
0.20731 -0.55709 0.02897 0.01123
0.51150 0.23416 -0.01183 0.02693
-0.35032 0.75372 -0.02386 -0.01121
-0.62582 -0.20661 0.00708 -0.02220
0.30652 -0.57146 0.02787 0.01490
0.75689 0.24220 -0.00723 0.02255
-0.42136 0.89797 -0.01887 -0.00878
-0.92149 -0.32415 0.01025 -0.02864
0.40868 -0.82314 0.02870 0.01394
0.46426 0.30415 -0.01553 0.02467
-0.18234 0.28853 -0.02531 -0.01570
-0.27573 -0.12799 0.01496 -0.03584
0.12561 -0.39624 0.03571 0.01137
0.81795 0.50834 -0.02015 0.03267
-0.46202 0.82847 -0.03345 -0.01879
-0.81353 -0.48345 0.01419 -0.02415
0.13931 -0.35559 0.03584 0.01342
0.86582 0.45100 -0.01246 0.02341
-0.59182 0.77284 -0.01618 -0.01270
-0.77426 -0.40198 0.01385 -0.02685
0.25755 -0.61774 0.03032 0.01284
0.39636 0.29576 -0.01477 0.01962
-0.34063 0.46253 -0.02319 -0.01760
-0.64153 -0.28383 0.01006 -0.02222
0.48184 -0.67615 0.02756 0.02017
0.70981 0.30149 -0.00926 0.02192
-0.33458 0.47187 -0.02184 -0.01500
-0.75194 -0.24514 0.00689 -0.02015
0.33355 -0.78860 0.03264 0.01381
0.42375 0.34360 -0.02003 0.02449
-0.33981 0.83275 -0.03462 -0.01396
-0.50148 -0.33638 0.02253 -0.03285
0.29072 -0.58878 0.03474 0.01769
0.85929 0.49213 -0.01914 0.03347
-0.35780 0.81399 -0.01994 -0.00885
-0.56385 -0.32463 0.01719 -0.03016
0.22002 -0.52427 0.02288 0.00975
0.84098 0.49245 -0.01849 0.03125
-0.15377 0.28640 -0.02726 -0.01394
-0.75008 -0.37876 0.01591 -0.03148
0.22083 -0.40154 0.01874 0.01050
0.60470 0.45036 -0.01641 0.02204
-0.54624 0.69715 -0.01652 -0.01280
-0.57843 -0.54961 0.02439 -0.02598
0.51746 -0.50713 0.02626 0.02633
0.24616 0.20895 -0.01668 0.02018
-0.43008 0.57030 -0.02688 -0.02020
-0.49771 -0.45319 0.02456 -0.02636
0.32048 -0.43110 0.02674 0.01985
0.19220 0.14927 -0.01867 0.02357
-0.25179 0.37093 -0.02635 -0.01833
-0.39993 -0.30864 0.02150 -0.02820
0.25846 -0.44912 0.03296 0.01935
0.47676 0.45073 -0.01627 0.01707
-0.40010 0.50269 -0.01709 -0.01352
-0.86866 -0.38438 0.01430 -0.03256
0.46595 -0.64298 0.01856 0.01338
0.60828 0.48919 -0.02034 0.02524
-0.43111 0.61365 -0.02545 -0.01839
-0.63060 -0.57553 0.02403 -0.02635
0.49501 -0.53433 0.02742 0.02546
0.61098 0.34181 -0.01410 0.02568
-0.36710 0.77106 -0.03168 -0.01517
-0.84236 -0.43563 0.01841 -0.03464
0.31061 -0.61127 0.02596 0.01318
0.69356 0.54470 -0.01885 0.02454
-0.61440 0.56573 -0.02455 -0.02666
-0.79501 -0.54290 0.01776 -0.02594
0.40597 -0.71314 0.01870 0.01077
0.65333 0.54704 -0.01696 0.02013
-0.26990 0.46027 -0.02742 -0.01631
-0.65844 -0.44347 0.01563 -0.02328
0.54448 -0.69279 0.02778 0.02154
0.35783 0.37620 -0.02648 0.02460
-0.14085 0.15513 -0.02822 -0.02723
-0.30581 -0.29579 0.02425 -0.02595
0.74894 -0.65113 0.01861 0.02175
0.35234 0.25235 -0.01361 0.01928
-0.29995 0.42227 -0.01849 -0.01282
-0.71811 -0.40647 0.01079 -0.01963
0.54973 -0.48484 0.01461 0.01663
0.78286 0.58709 -0.02175 0.02913
-0.22960 0.36173 -0.01827 -0.01201
-0.71050 -0.67659 0.01501 -0.01596
0.26250 -0.24760 0.01494 0.01525
0.63051 0.46982 -0.02376 0.03192
-0.47077 0.67968 -0.01885 -0.01323
-0.71066 -0.57961 0.01624 -0.02010
0.36333 -0.37520 0.01631 0.01610
0.08132 0.10026 -0.01713 0.01298
-0.23636 0.33054 -0.02312 -0.01646
-0.36700 -0.29267 0.01852 -0.02314
0.46583 -0.44462 0.01442 0.01546
0.55103 0.34190 -0.01396 0.02311
-0.50650 0.73714 -0.02396 -0.01673
-0.34922 -0.20399 0.01462 -0.02481
0.63447 -0.40348 0.01923 0.03030
0.49051 0.51405 -0.01928 0.01861
-0.13279 0.19615 -0.03174 -0.02333
-0.69371 -0.54529 0.01620 -0.02096
0.49116 -0.43749 0.01456 0.01618
0.51857 0.42287 -0.02193 0.02670
-0.59044 0.46502 -0.01844 -0.02373
-0.58532 -0.64778 0.02387 -0.02187
0.47051 -0.43315 0.02571 0.02881
0.56352 0.49354 -0.02449 0.02721
-0.33577 0.41567 -0.02001 -0.01617
-0.67774 -0.57894 0.02123 -0.02497
0.47333 -0.41653 0.01537 0.01725
0.13714 0.17659 -0.02519 0.02089
-0.06961 0.08601 -0.01760 -0.01252
-0.54415 -0.79519 0.02650 -0.01798
0.41725 -0.60757 0.01787 0.01231
0.32511 0.42160 -0.02197 0.01749
-0.31525 0.24745 -0.01369 -0.01734
-0.39856 -0.55659 0.02046 -0.01450
0.58951 -0.46921 0.01533 0.01958
0.12773 0.13399 -0.02687 0.02471
-0.67504 0.58321 -0.01347 -0.01570
-0.55493 -0.78197 0.01741 -0.01241
0.25687 -0.30224 0.01739 0.01423
0.59239 0.49593 -0.02209 0.02710
-0.32971 0.34340 -0.01501 -0.01457
-0.61377 -0.68867 0.02987 -0.02660
0.68086 -0.58540 0.01326 0.01555
0.56400 0.45548 -0.01855 0.02271
-0.47894 0.56166 -0.02932 -0.02531
-0.05860 -0.07713 0.03121 -0.01785
0.12970 -0.11321 0.02437 0.03010
0.43787 0.35302 -0.01945 0.02456
-0.63636 0.60740 -0.01804 -0.01876
-0.10846 -0.13703 0.03012 -0.02300
0.63540 -0.61894 0.02115 0.02199
0.69071 0.64412 -0.01818 0.01975
-0.31419 0.40442 -0.02765 -0.02216
-0.24051 -0.48065 0.03288 -0.01677
0.30172 -0.35097 0.01709 0.01469
0.59952 0.74446 -0.02779 0.02183
-0.42352 0.26088 -0.01439 -0.02217
-0.70059 -0.66785 0.01836 -0.01935
0.53352 -0.64920 0.02839 0.02359
0.42622 0.78693 -0.01807 0.00999
-0.67650 0.66355 -0.02274 -0.02329
-0.64266 -0.57338 0.02315 -0.02599
0.41658 -0.39488 0.02348 0.02450
0.62713 0.53251 -0.02110 0.02534
-0.63792 0.49627 -0.01851 -0.02368
-0.23673 -0.55128 0.02329 -0.01036
0.57796 -0.39327 0.02014 0.03025
0.16252 0.19979 -0.01723 0.01381
-0.64310 0.54207 -0.01786 -0.02109
-0.15329 -0.14198 0.02394 -0.02320
0.72027 -0.67634 0.02360 0.02544
0.38226 0.53768 -0.01793 0.01243
-0.20514 0.13396 -0.02074 -0.03128
-0.58782 -0.55868 0.01972 -0.02059
0.46645 -0.39154 0.02206 0.02600
0.40907 0.60665 -0.02122 0.01480
-0.56287 0.57651 -0.01984 -0.01946
-0.51219 -0.64112 0.02575 -0.02080
0.55226 -0.32785 0.01143 0.01890
0.49809 0.55486 -0.02585 0.02323
-0.81310 0.53615 -0.01976 -0.02995
-0.13503 -0.18427 0.02394 -0.01582
0.42876 -0.27083 0.02034 0.03192
0.23697 0.31032 -0.02762 0.01987
-0.67017 0.67881 -0.01666 -0.01647
-0.58151 -0.62061 0.02573 -0.02420
0.70348 -0.33325 0.00978 0.02040
0.08502 0.18769 -0.02153 0.01013
-0.67230 0.63815 -0.02227 -0.02342
-0.30018 -0.43628 0.01760 -0.01236
0.39237 -0.30339 0.01895 0.02501
0.39745 0.80313 -0.03520 0.01785
-0.45536 0.24328 -0.01049 -0.01933
-0.49221 -0.79466 0.02164 -0.01378
0.72355 -0.68138 0.01771 0.01873
0.20046 0.42936 -0.02157 0.00992
-0.59202 0.27228 -0.01189 -0.02534
-0.53214 -0.59427 0.02146 -0.01902
0.78487 -0.54329 0.01596 0.02339
0.37248 0.46821 -0.02345 0.01845
-0.57393 0.47482 -0.01380 -0.01681
-0.30144 -0.44048 0.03101 -0.02172
0.74019 -0.50399 0.02147 0.03111
0.61538 0.66050 -0.02613 0.02477
-0.37272 0.34394 -0.02151 -0.02329
-0.40252 -0.87519 0.02003 -0.00903
0.82754 -0.55880 0.01440 0.02158
0.37624 0.54221 -0.02535 0.01824
-0.32908 0.21965 -0.01432 -0.02112
-0.33541 -0.70156 0.03396 -0.01620
0.61215 -0.38476 0.01906 0.02983
0.41922 0.86480 -0.02919 0.01381
-0.23642 0.13972 -0.01694 -0.02913
-0.21911 -0.61516 0.02528 -0.00921
0.57633 -0.45902 0.02429 0.03033
0.41458 0.55170 -0.02564 0.01906
-0.53841 0.14691 -0.00857 -0.03330
-0.56320 -0.73168 0.02082 -0.01599
0.33509 -0.25697 0.02439 0.03111
0.55041 0.73841 -0.03068 0.02317
-0.51213 0.25915 -0.01830 -0.03488
-0.47971 -0.63856 0.02107 -0.01614
0.68329 -0.25673 0.01205 0.03051
0.32019 0.75897 -0.02427 0.01005
-0.78415 0.28910 -0.00744 -0.02020
-0.36292 -0.57251 0.02074 -0.01296
0.17879 -0.06645 0.00990 0.02742
0.21447 0.29590 -0.03060 0.02271
-0.62096 0.32245 -0.01042 -0.02065
-0.35663 -0.63836 0.02191 -0.01238
0.50062 -0.21195 0.01462 0.03548
0.53157 0.73728 -0.03119 0.02194
-0.70468 0.50092 -0.01511 -0.02104
-0.33999 -0.93384 0.03386 -0.01255
0.78983 -0.46692 0.01770 0.03013
0.26850 0.54468 -0.03265 0.01629
-0.63078 0.45353 -0.01257 -0.01797
-0.22132 -0.37816 0.02792 -0.01593
0.75162 -0.53692 0.01430 0.02023
0.18460 0.63873 -0.02410 0.00660
-0.43449 0.24672 -0.01321 -0.02241
-0.34944 -0.54351 0.02662 -0.01764
0.61692 -0.13078 0.00696 0.03234
0.18128 0.50290 -0.02280 0.00800
-0.80910 0.17895 -0.00663 -0.02846
-0.43946 -0.84803 0.02261 -0.01192
0.66604 -0.38486 0.01703 0.02895
0.16866 0.61061 -0.02068 0.00572
-0.67561 0.21152 -0.00983 -0.03222
-0.27572 -0.73161 0.03123 -0.01170
0.73489 -0.50282 0.02188 0.03224
0.42210 0.63485 -0.01739 0.01135
-0.29442 0.14621 -0.01240 -0.02582
-0.12459 -0.46172 0.03472 -0.00968
0.48815 -0.30664 0.01714 0.02761
0.19586 0.40412 -0.02071 0.01030
-0.24681 0.11075 -0.01198 -0.02506
-0.16735 -0.83795 0.03540 -0.00724
0.28753 -0.17982 0.01130 0.01770
0.17939 0.93479 -0.03813 0.00704
-0.29822 0.14818 -0.01138 -0.02529
-0.27600 -0.62660 0.02797 -0.01213
0.31029 -0.06540 0.00571 0.02848
0.17296 0.80099 -0.02968 0.00613
-0.13151 0.05479 -0.01126 -0.02558
-0.26832 -0.87526 0.03276 -0.00991
0.69937 -0.35415 0.01572 0.03052
0.12976 0.90503 -0.02694 0.00406
-0.48801 0.07939 -0.00534 -0.03125
-0.06043 -0.43060 0.03539 -0.00543
0.57722 -0.21458 0.00851 0.02287
0.08465 0.13286 -0.02745 0.01592
-0.64676 0.10362 -0.00447 -0.02807
-0.10902 -0.21103 0.02105 -0.01032
0.63673 -0.10649 0.00590 0.03407
0.35910 0.77365 -0.03235 0.01476
-0.81745 0.15187 -0.00677 -0.03659
-0.36309 -0.77490 0.02054 -0.00963
0.70205 -0.36658 0.01239 0.02410
0.37581 0.77780 -0.02566 0.01212
-0.88137 0.16683 -0.00601 -0.03113
-0.26213 -0.44311 0.02177 -0.01285
0.75318 -0.28617 0.01096 0.02964
0.23113 0.74273 -0.03548 0.01118
-0.86625 0.37719 -0.01022 -0.02399
-0.04107 -0.62755 0.02924 -0.00206
0.73264 -0.41273 0.01331 0.02322
0.24128 0.68889 -0.03522 0.01184
-0.65792 0.29649 -0.00915 -0.02041
-0.23792 -0.49079 0.02760 -0.01316
0.38069 -0.19521 0.01033 0.02083
0.18322 0.56780 -0.03194 0.00998
-0.87729 0.17330 -0.00756 -0.03830
-0.07144 -0.43420 0.02487 -0.00385
0.46723 -0.15071 0.00870 0.02651
0.15470 0.50340 -0.03320 0.01004
-0.46656 0.16948 -0.00695 -0.01958
-0.35810 -0.75561 0.02114 -0.00995
0.92656 -0.05448 0.00200 0.02906
0.09090 0.59713 -0.03674 0.00599
-0.64949 0.16150 -0.00760 -0.02854
-0.17849 -0.95506 0.03418 -0.00625
0.38977 -0.14660 0.00847 0.02207
0.20551 0.93141 -0.02060 0.00437
-0.67460 0.00334 -0.00039 -0.03685
-0.09038 -0.83909 0.02442 -0.00254
0.25073 -0.00502 0.00141 0.02427
0.01042 0.81339 -0.03672 0.00031
-0.50037 0.10656 -0.00771 -0.03660
-0.10942 -0.34930 0.02029 -0.00648
0.37052 -0.08965 0.00693 0.02862
0.22387 0.69015 -0.02241 0.00725
-0.84511 0.13444 -0.00376 -0.02351
-0.14067 -0.53301 0.03443 -0.00935
0.13807 -0.04611 0.01137 0.03110
0.14486 0.81508 -0.03856 0.00720
-0.81698 0.00179 0.00005 -0.02268
-0.14869 -0.88387 0.03024 -0.00477
0.94462 -0.03295 0.00096 0.03690
-0.04727 0.98818 -0.02041 -0.00082
-0.57805 0.13003 -0.00659 -0.03123
-0.02938 -0.94790 0.02268 -0.00068
0.59948 -0.16886 0.00602 0.02203
0.15624 0.64629 -0.03396 0.00799
-0.58726 0.01360 -0.00082 -0.03930
-0.15707 -0.78331 0.03401 -0.00706
0.88464 -0.02958 0.00109 0.02748
0.02853 0.56440 -0.02457 0.00155
-0.77359 0.03639 -0.00102 -0.02223
-0.01310 -0.77966 0.03967 -0.00109
0.70925 -0.22801 0.01148 0.03574
0.03723 0.48869 -0.02035 0.00160
-0.89301 0.03044 -0.00085 -0.02890
-0.16828 -0.83938 0.03498 -0.00727
0.42640 0.00354 -0.00007 0.02629
0.00109 0.36602 -0.02755 0.00042
-0.49201 0.14697 -0.00589 -0.01957
-0.00361 -0.89806 0.03265 0.00017
0.44910 -0.08897 0.00649 0.03106
0.15885 0.81352 -0.02244 0.00428
-0.86780 0.01135 -0.00028 -0.03455
0.02371 -0.82648 0.02943 0.00078
0.90533 0.05193 -0.00197 0.03563
0.02718 0.11205 -0.02235 0.00468
-0.30461 0.06670 -0.00633 -0.02971
-0.02439 -0.68070 0.02319 -0.00079
0.77866 0.03492 -0.00111 0.02418
0.23524 0.82698 -0.02245 0.00626
-0.77788 0.00079 0.00010 -0.03445
0.05208 -0.61246 0.02916 0.00200
0.67528 -0.15661 0.00634 0.02857
0.07453 0.47914 -0.02975 0.00418
-0.44066 0.02784 -0.00114 -0.02803
-0.11548 -0.80784 0.03206 -0.00455
0.45652 -0.06987 0.00422 0.03142
0.02342 0.67892 -0.02075 0.00075
-0.85594 0.06454 -0.00271 -0.03567
0.00912 -0.16732 0.02968 0.00137
0.32889 -0.03644 0.00300 0.02523
0.15659 0.79742 -0.03771 0.00752
-0.69380 -0.00736 0.00042 -0.03525
-0.15259 -0.97938 0.02403 -0.00386
0.99151 0.03889 -0.00098 0.02271
-0.00194 0.12846 -0.03576 -0.00001
-0.40212 -0.05259 0.00382 -0.02807
-0.02847 -0.35803 0.03036 -0.00330
0.71332 0.07645 -0.00208 0.02106
-0.11664 0.90364 -0.03055 -0.00395
-0.34898 0.02527 -0.00168 -0.03324
0.05895 -0.23272 0.02943 0.00653
0.92710 -0.12176 0.00438 0.03096
-0.00481 0.86585 -0.03415 -0.00030
-0.88955 0.19061 -0.00817 -0.03751
-0.06326 -0.52613 0.01996 -0.00262
0.81327 0.03896 -0.00150 0.02585
-0.08750 0.88860 -0.02689 -0.00290
-0.97044 0.01284 -0.00042 -0.03677
-0.06721 -0.83327 0.03143 -0.00220
0.48991 0.02664 -0.00211 0.03047
0.09678 0.97273 -0.03075 0.00306
-0.37337 -0.05359 0.00332 -0.02214
-0.05338 -0.48689 0.03912 -0.00490
0.44678 -0.04426 0.00298 0.03498
0.01544 0.20192 -0.02792 0.00292
-0.94295 0.06360 -0.00172 -0.02734
0.19376 -0.91080 0.02396 0.00527
0.56406 -0.11085 0.00493 0.02631
0.16624 0.90159 -0.03321 0.00631
-0.47995 -0.03411 0.00184 -0.02059
-0.08010 -0.90478 0.02551 -0.00238
0.86148 -0.08383 0.00229 0.02407
0.01168 0.72938 -0.03951 0.00023
-0.76547 0.03999 -0.00171 -0.02758
0.16177 -0.64466 0.02283 0.00541
0.77492 0.05517 -0.00214 0.03282
-0.10224 0.73107 -0.02695 -0.00388
-0.76855 -0.06739 0.00258 -0.03118
-0.09198 -0.89620 0.03579 -0.00342
0.77069 0.13981 -0.00402 0.02169
-0.20464 0.70624 -0.03389 -0.01024
-0.69748 0.04843 -0.00278 -0.03440
0.04910 -0.58633 0.02436 0.00197
0.61380 -0.10132 0.00329 0.02211
-0.17580 0.96231 -0.03521 -0.00679
-0.62399 -0.16491 0.00599 -0.02291
0.31330 -0.92334 0.02965 0.01036
0.91813 -0.02426 0.00083 0.02510
-0.08720 0.78726 -0.02192 -0.00228
-0.72924 -0.16109 0.00730 -0.03256
-0.02002 -0.57576 0.02925 -0.00060
0.23267 0.03402 -0.00238 0.02270
0.01783 0.89461 -0.02848 0.00076
-0.07948 0.00540 0.00044 -0.03248
0.00349 -0.88462 0.02049 0.00003
0.30939 -0.00550 0.00118 0.03075
0.05841 0.74986 -0.02158 0.00158
-0.80159 -0.07666 0.00264 -0.03145
0.01667 -0.20093 0.02901 0.00190
0.75415 0.29158 -0.01081 0.02796
-0.03346 0.66491 -0.02172 -0.00088
-0.61491 -0.07467 0.00415 -0.03099
0.03969 -0.85211 0.02298 0.00109
0.78850 0.08081 -0.00307 0.03121
-0.02690 0.57793 -0.03608 -0.00204
-0.86807 -0.32238 0.01093 -0.03038
0.13739 -0.90426 0.02795 0.00398
0.45432 0.13541 -0.00600 0.02034
-0.10069 0.93153 -0.02367 -0.00234
-0.64690 -0.07615 0.00295 -0.02611
0.18019 -0.91434 0.03309 0.00659
0.34452 0.11119 -0.00841 0.02650
-0.19999 0.94108 -0.03021 -0.00671
-0.32899 -0.14374 0.01124 -0.02593
0.10863 -0.91756 0.02774 0.00341
0.52651 0.21983 -0.01088 0.02732
-0.09849 0.81565 -0.03786 -0.00494
-0.75486 -0.01937 0.00077 -0.03014
-0.00841 -0.27288 0.02628 -0.00025
0.91163 0.26790 -0.00642 0.02250
-0.11718 0.70966 -0.03810 -0.00648
-0.72242 -0.03368 0.00135 -0.03550
0.24847 -0.84745 0.02882 0.00861
0.62710 0.22267 -0.01238 0.03457
-0.14409 0.95445 -0.02719 -0.00423
-0.41775 -0.06967 0.00574 -0.03527
0.34217 -0.75505 0.03322 0.01560
0.66664 0.02799 -0.00109 0.03753
-0.04900 0.32959 -0.02264 -0.00272
-0.82791 -0.08689 0.00262 -0.02704
0.24994 -0.96780 0.02017 0.00543
0.62544 -0.00230 0.00033 0.02825
-0.15653 0.42105 -0.03477 -0.01338
-0.92647 -0.21201 0.00652 -0.02908
0.12837 -0.82474 0.02705 0.00424
0.88570 0.00381 0.00022 0.03952
-0.03962 0.82407 -0.02166 -0.00095
-0.64779 -0.16324 0.00647 -0.02627
0.05803 -0.56811 0.03463 0.00328
0.88412 0.03749 -0.00132 0.02582
-0.09463 0.56967 -0.03885 -0.00656
-0.43537 -0.10105 0.00616 -0.02607
0.31155 -0.70761 0.02807 0.01242
0.93930 0.22993 -0.00509 0.02161
-0.02676 0.20544 -0.03168 -0.00455
-0.96459 -0.24124 0.00562 -0.02296
0.04935 -0.15086 0.03636 0.01124
0.65053 0.24656 -0.00798 0.02038
-0.11879 0.74368 -0.03591 -0.00550
-0.78896 -0.30332 0.00804 -0.02107
0.12957 -0.44794 0.03151 0.00908
0.68095 0.19382 -0.00965 0.03450
-0.36508 0.82031 -0.02974 -0.01361
-0.69995 -0.28557 0.00913 -0.02180
0.26380 -0.88533 0.03122 0.00955
0.96962 0.14393 -0.00490 0.03255
-0.26592 0.53126 -0.02198 -0.01075
-0.84357 -0.29909 0.00976 -0.02640
0.25691 -0.87172 0.03574 0.01080
0.86123 0.22166 -0.00537 0.02108
-0.28219 0.49111 -0.02495 -0.01411
-0.73494 -0.37542 0.01171 -0.02303
0.39923 -0.80661 0.03592 0.01736
0.93644 0.27885 -0.00988 0.03204
-0.15147 0.61371 -0.03684 -0.00966
-0.88104 -0.21682 0.00557 -0.02286
0.20475 -0.94839 0.02861 0.00625
0.63450 0.36953 -0.01318 0.02267
-0.36122 0.65097 -0.03021 -0.01662
-0.73858 -0.43570 0.01739 -0.03019
0.19317 -0.42047 0.02199 0.01028
0.60556 0.43623 -0.01747 0.02442
-0.12624 0.67279 -0.03246 -0.00617
-0.74816 -0.46100 0.01637 -0.02672
0.34134 -0.57792 0.03286 0.02020
0.46819 0.23125 -0.01562 0.03025
-0.14195 0.21361 -0.03240 -0.02023
-0.53815 -0.28658 0.01622 -0.03075
0.26522 -0.69903 0.03479 0.01308
0.83214 0.45193 -0.01649 0.02997
-0.11340 0.66509 -0.03006 -0.00528
-0.69018 -0.18650 0.00765 -0.02967
0.18959 -0.41005 0.02158 0.01040
0.74779 0.20984 -0.00597 0.02163
-0.03313 0.11947 -0.02412 -0.00683
-0.85654 -0.20638 0.00534 -0.02243
0.30678 -0.63917 0.01852 0.00901
0.71881 0.30051 -0.01415 0.03430
-0.13768 0.42951 -0.01981 -0.00630
-0.56729 -0.20364 0.01017 -0.02897
0.14966 -0.55946 0.03528 0.00997
0.85774 0.40320 -0.01486 0.03136
-0.54041 0.83266 -0.01786 -0.01164
-0.67314 -0.22785 0.00739 -0.02305
0.36783 -0.77757 0.02792 0.01342
0.27184 0.12054 -0.00958 0.02063
-0.15360 0.72153 -0.02633 -0.00571
-0.57355 -0.36075 0.01287 -0.02105
0.47795 -0.84892 0.02104 0.01201
0.67719 0.31970 -0.01433 0.03085
-0.08583 0.18922 -0.03361 -0.01744
-0.64103 -0.25173 0.00855 -0.02188
0.11164 -0.36493 0.02171 0.00714
0.16597 0.09738 -0.01048 0.01923
-0.13856 0.33085 -0.02639 -0.01120
-0.45694 -0.21836 0.00995 -0.02118
0.23543 -0.41450 0.02977 0.01677
0.56515 0.37262 -0.02086 0.03076
-0.38422 0.56239 -0.02827 -0.01904
-0.76380 -0.28913 0.00748 -0.01937
0.29946 -0.50916 0.02824 0.01648
0.84126 0.46627 -0.01254 0.02256
-0.25110 0.67419 -0.02434 -0.00906
-0.75809 -0.50330 0.01642 -0.02410
0.12465 -0.35858 0.03593 0.01177
0.58799 0.32893 -0.01361 0.02481
-0.26189 0.92824 -0.02077 -0.00579
-0.60927 -0.35409 0.01212 -0.02090
0.59017 -0.75499 0.01781 0.01391
0.50853 0.38798 -0.02407 0.03190
-0.38888 0.87703 -0.02091 -0.00947
-0.70127 -0.24863 0.00991 -0.02768
0.49026 -0.62042 0.02695 0.02068
0.73024 0.52975 -0.01899 0.02661
-0.29156 0.48630 -0.02371 -0.01459
-0.46273 -0.19198 0.00920 -0.02203
0.29827 -0.57311 0.02130 0.01115
0.76215 0.28665 -0.01299 0.03555
-0.25831 0.54337 -0.02835 -0.01383
-0.47726 -0.21222 0.01219 -0.02795
0.30884 -0.56147 0.02875 0.01567
0.60096 0.50166 -0.01985 0.02310
-0.49808 0.60835 -0.01552 -0.01290
-0.63183 -0.33333 0.01206 -0.02291
0.40124 -0.90342 0.01980 0.00883
0.88696 0.42552 -0.01509 0.03121
-0.26331 0.54808 -0.03166 -0.01548
-0.77664 -0.53724 0.01793 -0.02588
0.56327 -0.76666 0.03157 0.02333
0.34156 0.24123 -0.01766 0.02469
-0.51811 0.83818 -0.02486 -0.01546
-0.70599 -0.40326 0.01275 -0.02238
0.48464 -0.55890 0.02782 0.02445
0.26553 0.25322 -0.01471 0.01517
-0.17444 0.31572 -0.02911 -0.01531
-0.66996 -0.60195 0.02504 -0.02839
0.38270 -0.44973 0.02851 0.02418
0.54246 0.46472 -0.01508 0.01799
-0.50906 0.57656 -0.02477 -0.02186
-0.35207 -0.24666 0.01308 -0.01809
0.35640 -0.75836 0.02924 0.01369
0.71043 0.48858 -0.02092 0.03073
-0.25356 0.46177 -0.01962 -0.01086
-0.44066 -0.37965 0.02255 -0.02709
0.28070 -0.54271 0.02983 0.01531
0.67586 0.60569 -0.02477 0.02753
-0.37692 0.65596 -0.01771 -0.01001
-0.35848 -0.35349 0.02168 -0.02282
0.39521 -0.63767 0.02880 0.01809
0.64047 0.69115 -0.01875 0.01764
-0.65357 0.66994 -0.01771 -0.01707
-0.14271 -0.07875 0.01008 -0.02094
0.27480 -0.45002 0.01741 0.01058
0.80294 0.40690 -0.01244 0.02522
-0.72299 0.63756 -0.02318 -0.02591
-0.17932 -0.14010 0.02485 -0.03123
0.61084 -0.67548 0.02753 0.02458
0.54666 0.31492 -0.01318 0.02299
-0.38917 0.59839 -0.02229 -0.01475
-0.45216 -0.36914 0.01810 -0.02277
0.37840 -0.85990 0.01882 0.00840
0.47051 0.30785 -0.01998 0.03164
-0.42180 0.65678 -0.03234 -0.02061
-0.41624 -0.37937 0.02648 -0.02846
0.45768 -0.67622 0.02287 0.01544
0.47821 0.23843 -0.01354 0.02631
-0.64592 0.68265 -0.01911 -0.01837
-0.66907 -0.63266 0.01485 -0.01550
0.45595 -0.46198 0.02175 0.02166
0.42593 0.54129 -0.01794 0.01440
-0.30971 0.44927 -0.02875 -0.02053
-0.73912 -0.37089 0.01709 -0.03384
0.41537 -0.59059 0.02291 0.01667
0.45519 0.29488 -0.01612 0.02462
-0.26706 0.22735 -0.02354 -0.02680
-0.73753 -0.59576 0.01524 -0.01883
0.43515 -0.46324 0.01776 0.01705
0.50684 0.41541 -0.02186 0.02609
-0.32851 0.50107 -0.02987 -0.01991
-0.25602 -0.26982 0.02782 -0.02680
0.38678 -0.39885 0.01488 0.01447
0.40898 0.29113 -0.02275 0.03092
-0.36231 0.53158 -0.01976 -0.01329
-0.75616 -0.43462 0.01513 -0.02608
0.60337 -0.61094 0.02660 0.02661
0.50420 0.55303 -0.01808 0.01661
-0.54549 0.75439 -0.03262 -0.02309
-0.62754 -0.36472 0.01409 -0.02467
0.26462 -0.19301 0.01752 0.02395
0.54544 0.46631 -0.01334 0.01568
-0.27549 0.24710 -0.01502 -0.01621
-0.47049 -0.40346 0.02289 -0.02607
0.41737 -0.64256 0.02532 0.01610
0.19193 0.16383 -0.01834 0.02008
-0.52334 0.52473 -0.01463 -0.01493
-0.60846 -0.71060 0.02610 -0.02213
0.35698 -0.43375 0.02071 0.01696
0.57259 0.38416 -0.01422 0.02134
-0.65862 0.56599 -0.01770 -0.02041
-0.56632 -0.52245 0.02017 -0.02185
0.28464 -0.31354 0.02328 0.02014
0.45714 0.35888 -0.01667 0.02120
-0.48386 0.56271 -0.02219 -0.01909
-0.84041 -0.53046 0.01907 -0.03089
0.37878 -0.49069 0.02754 0.02055
0.56335 0.73831 -0.01760 0.01385
-0.49511 0.67210 -0.01958 -0.01415
-0.56094 -0.60494 0.02762 -0.02512
0.64882 -0.69236 0.01565 0.01477
0.49896 0.39156 -0.02167 0.02750
-0.44288 0.59687 -0.02903 -0.02228
-0.62414 -0.60469 0.01551 -0.01554
0.69709 -0.61003 0.01901 0.02217
0.40213 0.44569 -0.02414 0.02206
-0.44767 0.41444 -0.02139 -0.02369
-0.45634 -0.71259 0.01972 -0.01273
0.46831 -0.32299 0.01125 0.01659
0.43724 0.41751 -0.01542 0.01612
-0.51732 0.61839 -0.03022 -0.02484
-0.41354 -0.63149 0.03280 -0.02160
0.43734 -0.43441 0.01847 0.01851
0.56625 0.70686 -0.01971 0.01557
-0.13173 0.13865 -0.01759 -0.01820
-0.20923 -0.27609 0.02593 -0.01843
0.62797 -0.60940 0.01695 0.01730
0.50543 0.73441 -0.02758 0.01894
-0.36485 0.40336 -0.01589 -0.01451
-0.67760 -0.61663 0.02106 -0.02264
0.44074 -0.49658 0.01638 0.01462
0.62118 0.77579 -0.02252 0.01780
-0.64682 0.60130 -0.02669 -0.02932
-0.47218 -0.83348 0.03237 -0.01878
0.58635 -0.60744 0.02586 0.02455
0.35952 0.44363 -0.01580 0.01293
-0.31893 0.26171 -0.01287 -0.01623
-0.35271 -0.62070 0.02416 -0.01386
0.48518 -0.54021 0.02917 0.02598
0.54888 0.57813 -0.01941 0.01844
-0.53682 0.40945 -0.02073 -0.02738
-0.32793 -0.57570 0.01778 -0.01036
0.42018 -0.39542 0.01622 0.01700
0.48677 0.76212 -0.03057 0.01952
-0.40560 0.30183 -0.01774 -0.02362
-0.24693 -0.42104 0.01982 -0.01180
0.82004 -0.42132 0.01319 0.02610
0.28281 0.33606 -0.02342 0.01973
-0.57173 0.49578 -0.02440 -0.02732
-0.49115 -0.47425 0.01420 -0.01473
0.70537 -0.41520 0.01417 0.02432
0.23781 0.23077 -0.02075 0.02021
-0.67346 0.40795 -0.01055 -0.01764
-0.18318 -0.31498 0.02166 -0.01321
0.63655 -0.33977 0.01729 0.03324
0.23934 0.28921 -0.02567 0.02115
-0.49088 0.25990 -0.01166 -0.02249
-0.56462 -0.72053 0.02265 -0.01800
0.60238 -0.42677 0.01424 0.02059
0.27285 0.37353 -0.02865 0.02015
-0.64721 0.33511 -0.01386 -0.02638
-0.62512 -0.73028 0.02493 -0.02178
0.35378 -0.35951 0.01854 0.01762
0.41030 0.50882 -0.01818 0.01444
-0.49605 0.39269 -0.02183 -0.02686
-0.54523 -0.81665 0.02030 -0.01330
0.56562 -0.23412 0.01109 0.02610
0.43844 0.80701 -0.02937 0.01593
-0.38701 0.18084 -0.00868 -0.01856
-0.49053 -0.66490 0.02235 -0.01679
0.61621 -0.22431 0.01243 0.03384
0.59889 0.76276 -0.03003 0.02368
-0.21365 0.12919 -0.02036 -0.03173
-0.08330 -0.23763 0.02350 -0.00838
0.36603 -0.34171 0.02387 0.02538
0.52621 0.80517 -0.03268 0.02150
-0.79183 0.40465 -0.01219 -0.02387
-0.28170 -0.91803 0.02740 -0.00820
0.24690 -0.11051 0.01397 0.03295
0.38099 0.87085 -0.03563 0.01606
-0.73711 0.67120 -0.02080 -0.02252
-0.27981 -0.77767 0.02187 -0.00817
0.69414 -0.54152 0.01719 0.02141
0.63290 0.68632 -0.02734 0.02501
-0.54330 0.45715 -0.02391 -0.02906
-0.37360 -0.48839 0.01973 -0.01462
0.68042 -0.42812 0.02113 0.03372
0.24188 0.56273 -0.02146 0.00885
-0.45592 0.20846 -0.01547 -0.03266
-0.28191 -0.32408 0.03024 -0.02548
0.28578 -0.11631 0.01466 0.03638
0.17664 0.37266 -0.03221 0.01545
-0.47138 0.21845 -0.00835 -0.01853
-0.08729 -0.37111 0.02911 -0.00679
0.34183 -0.13004 0.01134 0.03313
0.37094 0.64396 -0.03349 0.01922
-0.44045 0.15788 -0.00937 -0.02545
-0.13511 -0.37649 0.03314 -0.01131
0.69940 -0.49955 0.02146 0.03004
0.33591 0.75583 -0.01917 0.00856
-0.84532 0.39583 -0.01038 -0.02213
-0.33483 -0.49148 0.03052 -0.02084
0.89263 -0.21876 0.00559 0.02334
0.42065 0.49841 -0.02873 0.02407
-0.64647 0.23355 -0.01058 -0.02880
-0.50030 -0.73692 0.02181 -0.01493
0.61357 -0.43850 0.01442 0.02020
0.19992 0.49511 -0.02759 0.01141
-0.84677 0.27133 -0.00789 -0.02423
-0.28426 -0.60933 0.02718 -0.01308
0.62318 -0.40430 0.01530 0.02431
0.20019 0.96006 -0.02934 0.00635
-0.87412 0.35929 -0.01228 -0.02923
-0.16071 -0.63469 0.03819 -0.00967
0.83943 -0.36737 0.01164 0.02603
0.04956 0.15441 -0.02326 0.00651
-0.36614 0.14072 -0.01040 -0.02672
-0.40585 -0.74578 0.03477 -0.01921
0.33173 -0.18545 0.01759 0.02943
0.20350 0.87547 -0.03710 0.00895
-0.65059 0.14957 -0.00775 -0.03584
-0.42292 -0.85890 0.01987 -0.00979
0.86411 -0.47459 0.01848 0.03385
0.26934 0.87012 -0.02327 0.00714
-0.76586 0.35824 -0.01351 -0.02977
-0.44519 -0.69052 0.02997 -0.01883
0.86746 -0.14885 0.00528 0.03225
0.35847 0.58465 -0.02512 0.01513
-0.29843 0.14520 -0.01630 -0.03365
-0.07868 -0.24689 0.03758 -0.01188
0.76616 -0.19322 0.00819 0.03336
0.38129 0.81541 -0.02107 0.00982
-0.75824 0.44136 -0.01680 -0.02887
-0.31857 -0.65920 0.01834 -0.00857
0.83967 -0.32932 0.00961 0.02476
0.24281 0.92814 -0.02914 0.00784
-0.85614 0.40171 -0.01446 -0.03161
-0.04142 -0.26076 0.02575 -0.00391
0.64381 -0.22361 0.00905 0.02620
0.41678 0.68067 -0.03410 0.02053
-0.26569 0.09454 -0.00902 -0.02616
-0.14634 -0.77769 0.02400 -0.00434
0.76178 -0.22026 0.00912 0.03168
0.12391 0.24033 -0.01812 0.00930
-0.77213 0.46723 -0.01153 -0.01932
-0.36227 -0.92123 0.01940 -0.00758
0.52156 -0.26296 0.01247 0.02376
0.06126 0.37437 -0.03226 0.00602
-0.86265 0.13299 -0.00577 -0.03657
-0.43693 -0.78317 0.03379 -0.01893
0.77864 -0.08219 0.00261 0.02695
0.21741 0.94686 -0.02560 0.00592
-0.79870 0.24642 -0.00925 -0.02950
-0.08370 -0.39933 0.01972 -0.00463
0.95923 -0.19511 0.00820 0.03899
0.13797 0.78701 -0.03419 0.00591
-0.61391 0.15687 -0.00831 -0.03036
-0.06465 -0.16300 0.02685 -0.01025
0.37765 -0.05082 0.00309 0.02579
0.31383 0.61422 -0.03084 0.01609
-0.46373 0.04751 -0.00348 -0.03044
-0.31791 -0.73174 0.02960 -0.01271
0.34357 -0.08060 0.00842 0.03776
0.24483 0.57249 -0.02330 0.00965
-0.82168 0.22455 -0.00902 -0.03198
-0.28114 -0.69110 0.02617 -0.01047
0.66680 -0.24595 0.01135 0.03033
0.25666 0.76221 -0.02552 0.00884
-0.86021 0.18492 -0.00791 -0.03554
-0.15344 -0.75213 0.02919 -0.00580
0.53424 -0.19014 0.00735 0.02160
0.03836 0.15873 -0.02431 0.00690
-0.87102 0.16795 -0.00379 -0.02010
-0.28235 -0.71808 0.03071 -0.01175
0.87326 -0.13374 0.00555 0.03801
0.10936 0.33578 -0.03057 0.00964
-0.69230 0.08821 -0.00402 -0.03049
-0.34552 -0.85799 0.02315 -0.00922
0.96102 -0.10014 0.00231 0.02283
0.06702 0.23891 -0.02943 0.00837
-0.85708 0.11503 -0.00423 -0.03074
-0.22120 -0.76115 0.03311 -0.00950
0.86827 -0.34107 0.01091 0.02723
0.22328 0.72019 -0.01986 0.00600
-0.31572 0.14114 -0.01171 -0.02524
-0.05846 -0.46927 0.02221 -0.00249
0.33871 -0.03573 0.00274 0.02467
0.06382 0.47097 -0.02534 0.00357
-0.91390 0.33206 -0.00877 -0.02477
-0.05601 -0.96234 0.03398 -0.00223
0.60753 -0.10880 0.00466 0.02691
0.11819 0.35479 -0.03717 0.01315
-0.95869 0.01251 -0.00036 -0.03708
-0.16097 -0.95547 0.03265 -0.00570
0.75907 -0.13306 0.00576 0.03245
0.08012 0.94279 -0.03683 0.00305
-0.81792 0.17528 -0.00760 -0.03390
-0.11047 -0.96360 0.03588 -0.00445
0.67675 -0.02073 0.00073 0.03511
0.25933 0.91381 -0.02282 0.00627
-0.82141 0.31946 -0.00952 -0.02535
-0.10306 -0.55513 0.02808 -0.00540
0.85122 -0.24166 0.00968 0.03299
0.26644 0.82075 -0.02617 0.00860
-0.46202 0.15190 -0.01147 -0.03405
-0.11061 -0.82762 0.02209 -0.00292
0.95466 -0.07143 0.00320 0.03985
0.17315 0.54740 -0.03046 0.00984
-0.92909 0.21342 -0.00676 -0.02839
0.01566 -0.88078 0.03389 0.00057
0.80226 -0.02717 0.00088 0.02237
0.19429 0.91116 -0.02938 0.00641
-0.87398 0.22057 -0.00589 -0.02329
-0.05641 -0.57354 0.02463 -0.00248
0.39299 0.04611 -0.00451 0.03694
0.19099 0.75431 -0.03862 0.00947
-0.94408 0.26398 -0.00600 -0.02051
-0.10749 -0.80867 0.02171 -0.00298
0.78320 -0.07230 0.00168 0.02022
0.03621 0.67663 -0.02081 0.00111
-0.64682 0.14804 -0.00669 -0.03098
-0.03062 -0.63410 0.02041 -0.00123
0.94075 0.05335 -0.00176 0.03402
0.15186 0.47493 -0.03112 0.01003
-0.89697 0.25804 -0.00848 -0.03078
-0.09378 -0.68884 0.02668 -0.00392
0.77406 -0.05758 0.00208 0.02511
-0.01092 0.33651 -0.03351 -0.00137
-0.97046 0.20916 -0.00741 -0.03298
-0.16497 -0.70236 0.02394 -0.00529
0.59305 0.07813 -0.00455 0.03311
-0.10497 0.57028 -0.02054 -0.00347
-0.93167 0.10691 -0.00277 -0.02307
-0.12018 -0.65219 0.03797 -0.00653
0.86249 -0.06803 0.00266 0.03158
0.10404 0.56856 -0.03233 0.00641
-0.19892 0.01096 -0.00246 -0.03108
-0.10957 -0.73499 0.02396 -0.00338
0.16605 -0.00971 0.00364 0.03736
-0.04223 0.34584 -0.03197 -0.00372
-0.61557 0.02129 -0.00099 -0.03549
-0.08091 -0.88462 0.03488 -0.00296
0.81774 0.06189 -0.00256 0.03558
0.04596 0.96470 -0.02873 0.00156
-0.86616 -0.16426 0.00671 -0.03368
0.04144 -0.52421 0.03239 0.00287
0.83849 0.04923 -0.00149 0.03182
0.09946 0.60596 -0.02618 0.00410
-0.92345 0.02271 -0.00060 -0.03051
-0.08747 -0.57649 0.03712 -0.00507
0.28852 -0.01658 0.00275 0.03792
0.08852 0.72924 -0.02903 0.00355
-0.20535 0.00738 -0.00219 -0.02721
-0.04970 -0.78780 0.02199 -0.00145
0.64369 -0.03037 0.00116 0.02864
0.02294 0.92638 -0.02899 0.00084
-0.96998 -0.05161 0.00170 -0.03536
-0.00880 -0.89117 0.02343 -0.00005
0.96723 0.15389 -0.00453 0.02805
0.05853 0.95619 -0.03495 0.00204
-0.44201 -0.00637 0.00005 -0.03123
-0.06918 -0.55154 0.03826 -0.00544
0.50446 -0.00444 -0.00013 0.03094
-0.05321 0.87727 -0.02415 -0.00127
-0.51563 -0.07086 0.00378 -0.02608
0.03543 -0.66300 0.02054 0.00107
0.62681 -0.01170 0.00057 0.02903
-0.06522 0.73695 -0.03272 -0.00259
-0.22010 -0.05300 0.00631 -0.02757
-0.03595 -0.16866 0.03482 -0.00554
0.66471 0.03110 -0.00132 0.03600
-0.10365 0.40479 -0.02858 -0.00731
-0.56822 -0.02573 0.00174 -0.03238
-0.03179 -0.41746 0.02047 -0.00114
0.65681 0.03703 -0.00257 0.03825
0.13690 0.91070 -0.02899 0.00410
-0.92172 0.01688 -0.00071 -0.02532
-0.01886 -0.44579 0.02556 -0.00158
0.49372 0.07704 -0.00666 0.03885
-0.13704 0.55383 -0.02827 -0.00708
-0.75364 -0.05866 0.00321 -0.03909
0.03289 -0.55836 0.03243 0.00200
0.47496 0.06598 -0.00471 0.03447
0.05138 0.93111 -0.02457 0.00158
-0.48305 -0.14397 0.01102 -0.03604
0.11107 -0.34933 0.03617 0.01155
0.90004 0.09532 -0.00374 0.03832
-0.07849 0.59071 -0.02752 -0.00394
-0.51498 -0.03507 0.00263 -0.03260
0.29970 -0.86488 0.03527 0.01203
0.88237 0.08798 -0.00226 0.02053
-0.19871 0.76197 -0.02557 -0.00670
-0.18686 -0.05015 0.00709 -0.03209
0.13757 -0.75655 0.02840 0.00544
0.59198 0.02907 -0.00122 0.03631
-0.23989 0.61626 -0.02279 -0.00874
-0.60490 0.00160 0.00014 -0.02289
0.26821 -0.93924 0.01997 0.00548
0.22243 0.04653 -0.00601 0.02497
0.00531 0.62797 -0.02342 0.00024
-0.61266 -0.11619 0.00663 -0.03371
0.13227 -0.46771 0.03559 0.01039
0.81434 0.13593 -0.00433 0.02494
-0.19589 0.62427 -0.02466 -0.00787
-0.74919 -0.13667 0.00482 -0.02724
0.17921 -0.61559 0.02643 0.00802
0.78324 0.19920 -0.00768 0.02994
-0.14073 0.63863 -0.03815 -0.00875
-0.70137 -0.06435 0.00211 -0.02525
0.09870 -0.98332 0.03671 0.00369
0.71587 0.22528 -0.00907 0.02969
-0.01399 0.48197 -0.02086 -0.00077
-0.46757 -0.08429 0.00591 -0.03598
0.34872 -0.87018 0.03283 0.01348
0.31118 0.03833 -0.00303 0.03224
-0.05527 0.33062 -0.02537 -0.00457
-0.86239 -0.12934 0.00455 -0.03213
0.03765 -0.78185 0.03230 0.00152
0.59229 0.03576 -0.00206 0.03592
-0.07862 0.45120 -0.03289 -0.00646
-0.44786 0.00113 -0.00037 -0.03406
0.04430 -0.85062 0.02820 0.00133
0.61253 0.27773 -0.01051 0.02261
-0.34189 0.70492 -0.03407 -0.01654
-0.77516 -0.05707 0.00231 -0.02947
0.21948 -0.93732 0.02990 0.00690
0.36047 0.15296 -0.00937 0.02127
-0.22367 0.74445 -0.03560 -0.01079
-0.89144 -0.24232 0.00635 -0.02348
0.01935 -0.10729 0.02974 0.00342
0.64233 0.11503 -0.00443 0.02552
-0.19321 0.41374 -0.02380 -0.01066
-0.57164 -0.11038 0.00427 -0.02104
0.25679 -0.65835 0.03365 0.01358
0.72952 0.23271 -0.00603 0.01941
-0.11770 0.27630 -0.02609 -0.01091
-0.32404 -0.04907 0.00495 -0.03357
0.14758 -0.49429 0.03692 0.01133
0.57217 0.14612 -0.00948 0.03773
-0.37768 0.77191 -0.02776 -0.01361
-0.47318 -0.27468 0.01406 -0.02385
0.41096 -0.82393 0.02172 0.01079
0.87420 0.09467 -0.00259 0.02275
-0.05952 0.29321 -0.03926 -0.00701
-0.32582 -0.01582 0.00231 -0.03612
0.27947 -0.79550 0.03761 0.01350
0.95352 0.14669 -0.00542 0.03717
-0.10356 0.35701 -0.03508 -0.01017
-0.74711 -0.20956 0.00697 -0.02524
0.07776 -0.21075 0.03233 0.01138
0.62004 0.11377 -0.00652 0.03795
-0.06554 0.50742 -0.03533 -0.00419
-0.61878 -0.14055 0.00788 -0.03377
0.24996 -0.88605 0.02031 0.00562
0.64272 0.20325 -0.00879 0.02794
-0.19003 0.77384 -0.02362 -0.00604
-0.32247 -0.16805 0.01726 -0.03290
0.11127 -0.34088 0.02322 0.00730
0.55946 0.30338 -0.01440 0.02669
-0.20264 0.94581 -0.02270 -0.00491
-0.82944 -0.25532 0.00774 -0.02597
0.38602 -0.79989 0.02188 0.01047
0.60013 0.20567 -0.01272 0.03686
-0.17775 0.68769 -0.02628 -0.00664
-0.69175 -0.30685 0.01086 -0.02441
0.18235 -0.63427 0.02359 0.00657
0.36227 0.21678 -0.01048 0.01815
-0.41434 0.64038 -0.02418 -0.01532
-0.39836 -0.15158 0.01055 -0.02697
0.24880 -0.83200 0.01992 0.00576
0.68554 0.42692 -0.01717 0.02802
-0.21625 0.42513 -0.01971 -0.01016
-0.40379 -0.21227 0.01407 -0.02731
0.18659 -0.34295 0.02664 0.01495
0.49823 0.26853 -0.01734 0.03170
-0.17464 0.33445 -0.02595 -0.01370
-0.85394 -0.21238 0.00876 -0.03634
0.37032 -0.63910 0.02092 0.01253
0.49125 0.27583 -0.01087 0.01927
-0.15827 0.31064 -0.02304 -0.01128
-0.84430 -0.45899 0.01869 -0.03363
0.36886 -0.76613 0.03424 0.01627
0.77805 0.17524 -0.00640 0.02774
-0.38701 0.67180 -0.02461 -0.01425
-0.82883 -0.19300 0.00816 -0.03381
0.46621 -0.77640 0.02199 0.01298
0.77330 0.29636 -0.00940 0.02503
-0.22713 0.79291 -0.02498 -0.00726
-0.40170 -0.20160 0.01648 -0.03254
0.21730 -0.43611 0.03118 0.01644
0.27554 0.16054 -0.01028 0.01859
-0.20817 0.54405 -0.02611 -0.01058
-0.39117 -0.22251 0.01692 -0.02797
0.40395 -0.73183 0.02167 0.01179
0.31056 0.13575 -0.01656 0.03554
-0.07329 0.11650 -0.03028 -0.02264
-0.73130 -0.59388 0.02001 -0.02522
0.52657 -0.78494 0.03183 0.02134
0.74878 0.43620 -0.01622 0.02771
-0.36788 0.66249 -0.02087 -0.01154
-0.51188 -0.22808 0.01395 -0.03258
0.23242 -0.37716 0.02252 0.01343
0.23881 0.11081 -0.01181 0.02573
-0.25801 0.57563 -0.03250 -0.01417
-0.56609 -0.24735 0.01455 -0.03488
0.28538 -0.73333 0.02207 0.00853
0.78717 0.32149 -0.01407 0.03410
-0.51092 0.78246 -0.03111 -0.02086
-0.23494 -0.18331 0.01503 -0.01870
0.24903 -0.66043 0.03007 0.01172
0.84219 0.49632 -0.01165 0.01963
-0.38488 0.56391 -0.02221 -0.01535
-0.43206 -0.33450 0.02074 -0.02683
0.18195 -0.18406 0.01651 0.01506
0.85070 0.48139 -0.01658 0.02886
-0.44567 0.55291 -0.02466 -0.01960
-0.49331 -0.32787 0.02196 -0.03292
0.28684 -0.68109 0.03338 0.01441
0.42114 0.20422 -0.01509 0.03192
-0.54469 0.78642 -0.02291 -0.01581
-0.58170 -0.48135 0.02151 -0.02552
0.34380 -0.63039 0.02988 0.01575
0.57682 0.36565 -0.01305 0.02090
-0.44989 0.80839 -0.01982 -0.01113
-0.74182 -0.29709 0.01046 -0.02549
0.40797 -0.58873 0.03045 0.02130
0.89737 0.39058 -0.01025 0.02372
-0.58839 0.70568 -0.02642 -0.02217
-0.62253 -0.23452 0.00883 -0.02337
0.15652 -0.21271 0.03174 0.02335
0.72382 0.62833 -0.01541 0.01799
-0.09271 0.17383 -0.03086 -0.01829
-0.45420 -0.20488 0.00855 -0.01930
0.05942 -0.15526 0.03012 0.01172
0.40959 0.34902 -0.01645 0.01983
-0.15356 0.28143 -0.03374 -0.01818
-0.42207 -0.22648 0.01785 -0.03268
0.23868 -0.27964 0.02740 0.02404
0.79936 0.53224 -0.02024 0.03017
-0.15571 0.23862 -0.03163 -0.01992
-0.22414 -0.19362 0.01634 -0.01891
0.41555 -0.82014 0.02856 0.01469
0.80147 0.52559 -0.01167 0.01800
-0.65063 0.62833 -0.02768 -0.02796
-0.55188 -0.22706 0.00857 -0.02035
0.58482 -0.69551 0.02446 0.02019
0.72734 0.35372 -0.01141 0.02264
-0.47383 0.57712 -0.02275 -0.01835
-0.63571 -0.42403 0.02171 -0.03274
0.19902 -0.40301 0.02982 0.01479
0.40031 0.45527 -0.02849 0.02520
-0.57161 0.72866 -0.03135 -0.02468
-0.42446 -0.37182 0.02534 -0.02923
0.37662 -0.63733 0.03056 0.01767
0.77665 0.61204 -0.02127 0.02674
-0.65357 0.73140 -0.01686 -0.01503
-0.65680 -0.57089 0.01512 -0.01757
0.23667 -0.25665 0.02461 0.02158
0.68499 0.35293 -0.01067 0.02056
-0.36756 0.32846 -0.02598 -0.02836
-0.64712 -0.35738 0.01749 -0.03281
0.34396 -0.31999 0.02353 0.02502
0.57098 0.37545 -0.01724 0.02528
-0.22926 0.30970 -0.02568 -0.01848
-0.76603 -0.62056 0.02455 -0.02987
0.20352 -0.17589 0.01437 0.01569
0.46436 0.28472 -0.01580 0.02640
-0.33313 0.58225 -0.02027 -0.01159
-0.55593 -0.32239 0.01144 -0.01924
0.51339 -0.77415 0.02231 0.01484
0.79637 0.59396 -0.01848 0.02441
-0.50477 0.67767 -0.02214 -0.01602
-0.24423 -0.17612 0.02044 -0.02759
0.40785 -0.30902 0.02257 0.02984
0.56503 0.41590 -0.01447 0.02013
-0.19821 0.27236 -0.02120 -0.01594
-0.32442 -0.18124 0.01814 -0.03291
0.05268 -0.09382 0.02959 0.01895
0.18448 0.13103 -0.01283 0.01796
-0.55146 0.51386 -0.02106 -0.02279
-0.34490 -0.18140 0.01390 -0.02558
0.18718 -0.31053 0.01819 0.01065
0.61267 0.61378 -0.01626 0.01618
-0.33697 0.33538 -0.02644 -0.02628
-0.62361 -0.55353 0.01861 -0.02126
0.20621 -0.29253 0.01662 0.01146
0.42124 0.53577 -0.02263 0.01728
-0.35392 0.30865 -0.01841 -0.02163
-0.54060 -0.49853 0.02397 -0.02686
0.66038 -0.57261 0.01800 0.02063
0.63305 0.71380 -0.01542 0.01344
-0.67940 0.48916 -0.02137 -0.02901
-0.69047 -0.55041 0.01607 -0.02027
0.70784 -0.69663 0.02446 0.02473
0.51252 0.37911 -0.01958 0.02623
-0.42374 0.39114 -0.01566 -0.01698
-0.69267 -0.56811 0.01659 -0.01980
0.44886 -0.33076 0.01185 0.01652
0.35042 0.36959 -0.02460 0.02323
-0.69957 0.54146 -0.01719 -0.02221
-0.55633 -0.74043 0.02526 -0.01894
0.35799 -0.39475 0.02801 0.02503
0.44478 0.36992 -0.01313 0.01622
-0.13474 0.17050 -0.02351 -0.01936
-0.56390 -0.59715 0.02271 -0.02111
0.55677 -0.42672 0.01609 0.02125
0.25920 0.25437 -0.01739 0.01741
-0.49552 0.48986 -0.02615 -0.02663
-0.59452 -0.67745 0.03006 -0.02637
0.76037 -0.50051 0.01478 0.02228
0.48285 0.78891 -0.02188 0.01375
-0.55504 0.52401 -0.02129 -0.02302
-0.59727 -0.70096 0.02236 -0.01892
0.81781 -0.55469 0.01644 0.02446
0.25359 0.32273 -0.01821 0.01413
-0.85185 0.46276 -0.00972 -0.01749
-0.33146 -0.37838 0.01707 -0.01529
0.34023 -0.39719 0.02568 0.02199
0.52981 0.73534 -0.02539 0.01818
-0.52929 0.47378 -0.01754 -0.01905
-0.27482 -0.28614 0.01980 -0.01909
0.64215 -0.65980 0.01566 0.01558
0.19258 0.24585 -0.02483 0.02018
-0.16043 0.19158 -0.02826 -0.02617
-0.19833 -0.18669 0.02236 -0.02447
0.40954 -0.27738 0.02116 0.03075
0.21986 0.15861 -0.02048 0.02838
-0.40361 0.31176 -0.01651 -0.02156
-0.30559 -0.36127 0.01925 -0.01644
0.85176 -0.50714 0.01102 0.01875
0.49558 0.65585 -0.02420 0.01857
-0.70870 0.43579 -0.01824 -0.02997
-0.57199 -0.61685 0.02070 -0.01909
0.78465 -0.62156 0.02260 0.02883
0.47366 0.54041 -0.02542 0.02147
-0.53033 0.54801 -0.02536 -0.02408
-0.50115 -0.64632 0.03083 -0.02381
0.53517 -0.61086 0.01770 0.01522
0.51279 0.63443 -0.02939 0.02359
-0.39326 0.41371 -0.01830 -0.01784
-0.64913 -0.70925 0.02482 -0.02308
0.73636 -0.47511 0.01398 0.02148
0.47467 0.87188 -0.02111 0.01157
-0.77891 0.54855 -0.01676 -0.02444
-0.64308 -0.67242 0.01826 -0.01710
0.65399 -0.50912 0.02047 0.02615
0.48666 0.71397 -0.03009 0.02048
-0.46825 0.24958 -0.01602 -0.02904
-0.45452 -0.74162 0.02412 -0.01520
0.45967 -0.32094 0.01558 0.02148
0.43414 0.36185 -0.02033 0.02349
-0.87693 0.40887 -0.01095 -0.02327
-0.07543 -0.14170 0.02134 -0.01130
0.26185 -0.27168 0.01642 0.01592
0.49785 0.48422 -0.02569 0.02670
-0.49533 0.27963 -0.01059 -0.01953
-0.31802 -0.59293 0.02288 -0.01255
0.20643 -0.17964 0.01626 0.01710
0.56378 0.82050 -0.02229 0.01575
-0.68927 0.64061 -0.01745 -0.01895
-0.54813 -0.80042 0.02046 -0.01408
0.60335 -0.57890 0.01595 0.01623
0.21930 0.44364 -0.01918 0.00924
-0.15673 0.14314 -0.02068 -0.02430
-0.37904 -0.52628 0.01661 -0.01196
0.69710 -0.67895 0.02563 0.02649
0.28385 0.60759 -0.03552 0.01601
-0.14056 0.11673 -0.02235 -0.02567
-0.17467 -0.32094 0.02374 -0.01319
0.17924 -0.10738 0.01734 0.03151
0.17648 0.20196 -0.01986 0.01646
-0.45998 0.32880 -0.01757 -0.02437
-0.17869 -0.39033 0.02633 -0.01191
0.65229 -0.40226 0.01881 0.03063
0.35269 0.74255 -0.02639 0.01243
-0.37370 0.16917 -0.01232 -0.02769
-0.39575 -0.66822 0.02284 -0.01348
0.46005 -0.33523 0.01873 0.02601
0.52473 0.71577 -0.02094 0.01543
-0.74875 0.27668 -0.00921 -0.02516
-0.19112 -0.49711 0.03344 -0.01297
0.82474 -0.27924 0.01050 0.03207
0.34687 0.57496 -0.01847 0.01129
-0.83560 0.47115 -0.01140 -0.02064
-0.59887 -0.71348 0.02877 -0.02389
0.69471 -0.28782 0.00776 0.01921
0.49396 0.69611 -0.03249 0.02318
-0.80141 0.34294 -0.01117 -0.02615
-0.14071 -0.52483 0.03547 -0.00984
0.85417 -0.31544 0.00682 0.01904
0.04658 0.09695 -0.02141 0.01196
-0.60102 0.26454 -0.01032 -0.02370
-0.04139 -0.13167 0.03545 -0.01099
0.31254 -0.22870 0.01565 0.02027
0.43722 0.83025 -0.02806 0.01481
-0.72441 0.60396 -0.01974 -0.02405
-0.45342 -0.62817 0.01784 -0.01261
0.57509 -0.16825 0.00967 0.03482
0.20538 0.41987 -0.03058 0.01508
-0.61119 0.25121 -0.00974 -0.02394
-0.23342 -0.57090 0.02727 -0.01143
0.47354 -0.22821 0.01713 0.03396
0.34690 0.74495 -0.03237 0.01510
-0.52801 0.28299 -0.01622 -0.03055
-0.20981 -0.68581 0.03799 -0.01116
0.46101 -0.19136 0.01042 0.02468
0.17362 0.52301 -0.03653 0.01222
-0.23660 0.15544 -0.01242 -0.01911
-0.42488 -0.63683 0.02410 -0.01613
0.52866 -0.19398 0.01021 0.02899
0.27316 0.89034 -0.03817 0.01163
-0.85829 0.23526 -0.00964 -0.03465
-0.14867 -0.29849 0.01869 -0.00925
0.57934 -0.31259 0.01654 0.03175
0.48502 0.84918 -0.01870 0.01084
-0.26695 0.07224 -0.00539 -0.01941
-0.42772 -0.69301 0.02017 -0.01247
0.50272 -0.18897 0.01145 0.02948
0.43856 0.76157 -0.02584 0.01493
-0.88368 0.36920 -0.00923 -0.02161
-0.25724 -0.35739 0.01821 -0.01300
0.38851 -0.15338 0.01466 0.03595
0.22324 0.36826 -0.02285 0.01363
-0.43386 0.28734 -0.02236 -0.03237
-0.31564 -0.77391 0.03689 -0.01509
0.54157 -0.24905 0.01606 0.03394
0.29929 0.88573 -0.03067 0.01026
-0.66346 0.40183 -0.01533 -0.02610
-0.10509 -0.43480 0.02984 -0.00694
0.74658 -0.19084 0.00902 0.03621
0.14273 0.45156 -0.03816 0.01140
-0.18214 0.04493 -0.00934 -0.03226
-0.39125 -0.89436 0.02309 -0.00999
0.37859 -0.06064 0.00444 0.02767
0.18197 0.94275 -0.03851 0.00748
-0.73101 0.15724 -0.00586 -0.02737
-0.16378 -0.40716 0.02373 -0.00951
0.94995 -0.26826 0.00875 0.03109
0.29232 0.68193 -0.03165 0.01383
-0.85314 0.15641 -0.00380 -0.02119
-0.18431 -0.87856 0.03204 -0.00643
0.51983 -0.10631 0.00786 0.03820
0.23605 0.90238 -0.03011 0.00787
-0.84292 0.06583 -0.00180 -0.02066
-0.14497 -0.86242 0.02392 -0.00416
0.58552 -0.15464 0.01014 0.03670
0.25046 0.86814 -0.03324 0.00973
-0.50258 0.06839 -0.00249 -0.02095
-0.33807 -0.66240 0.02204 -0.01084
0.89634 -0.06150 0.00291 0.03647
0.28795 0.81013 -0.01986 0.00722
-0.73295 0.17425 -0.00907 -0.03762
-0.26348 -0.94333 0.02399 -0.00662
0.91813 -0.22371 0.00878 0.03493
0.36102 0.79890 -0.03507 0.01568
-0.32239 0.15127 -0.00995 -0.02094
-0.21243 -0.65507 0.03410 -0.01084
0.68246 -0.34296 0.01359 0.02767
0.12530 0.80679 -0.03821 0.00586
-0.84563 0.20268 -0.00779 -0.03096
-0.20766 -0.55121 0.02824 -0.01061
0.51756 -0.23628 0.01148 0.02584
0.01791 0.17009 -0.02213 0.00277
-0.53104 0.20808 -0.00962 -0.02354
-0.41240 -0.76477 0.03349 -0.01771
0.79868 -0.29300 0.01007 0.02768
0.09733 0.82392 -0.03288 0.00391
-0.59826 0.22385 -0.00851 -0.02251
-0.23455 -0.78030 0.03008 -0.00899
0.48723 -0.15214 0.00973 0.03004
0.00858 0.60004 -0.02461 0.00073
-0.70837 0.13130 -0.00491 -0.02549
-0.28097 -0.53355 0.02023 -0.01047
0.36366 -0.07871 0.00603 0.03102
0.26552 0.89114 -0.03612 0.01073
-0.73722 0.19206 -0.00628 -0.02540
-0.01999 -0.14882 0.03177 -0.00387
0.87849 -0.27763 0.00938 0.02948
0.15970 0.55518 -0.02814 0.00836
-0.74656 0.12315 -0.00583 -0.03667
-0.35030 -0.92388 0.02466 -0.00947
0.86234 -0.21717 0.00522 0.02096
0.04350 0.22723 -0.03229 0.00708
-0.82665 0.26959 -0.00954 -0.02882
-0.21914 -0.85929 0.03055 -0.00737
0.39626 -0.15099 0.01133 0.03144
0.19740 0.53921 -0.02795 0.01054
-0.95122 -0.02999 0.00088 -0.03930
-0.11515 -0.34522 0.03087 -0.01048
0.56579 -0.16813 0.00664 0.02169
0.14268 0.94405 -0.03088 0.00452
-0.47052 -0.02128 0.00132 -0.02360
-0.21554 -0.66704 0.02749 -0.00857
0.66370 -0.15898 0.00522 0.02126
0.07405 0.74730 -0.03247 0.00368
-0.19883 0.05870 -0.00824 -0.03358
-0.01690 -0.89033 0.03671 -0.00090
0.61446 -0.09357 0.00460 0.03045
0.29853 0.91733 -0.03724 0.01205
-0.71452 0.00436 0.00005 -0.02163
-0.05487 -0.79704 0.02660 -0.00194
0.89690 -0.03473 0.00110 0.02874
0.19526 0.92162 -0.02067 0.00459
-0.92112 0.26860 -0.00573 -0.01969
-0.19185 -0.75924 0.02859 -0.00727
0.97931 -0.22858 0.00635 0.02756
0.02777 0.39877 -0.02254 0.00174
-0.92156 -0.03574 0.00097 -0.02228
-0.24408 -0.93400 0.03370 -0.00892
0.68324 0.06125 -0.00246 0.02967
0.18177 0.93389 -0.03865 0.00778
-0.66111 0.08424 -0.00329 -0.02370
-0.07363 -0.82607 0.02064 -0.00187
0.49102 0.03620 -0.00265 0.03756
0.08851 0.56156 -0.02958 0.00423
-0.83284 0.16312 -0.00770 -0.03901
-0.05445 -0.97997 0.03404 -0.00198
0.54057 -0.13245 0.00919 0.03652
-0.02853 0.82185 -0.03586 -0.00081
-0.90944 0.15669 -0.00619 -0.03408
0.11685 -0.78244 0.02277 0.00345
0.65267 -0.08924 0.00530 0.03498
0.18564 0.79258 -0.03455 0.00826
-0.18263 -0.02951 0.00677 -0.03736
0.04545 -0.53384 0.03966 0.00378
0.47386 -0.12470 0.00874 0.03495
0.18225 0.91522 -0.02661 0.00514
-0.45381 0.02914 -0.00316 -0.03906
0.01148 -0.61501 0.03562 0.00089
0.81580 -0.03957 0.00127 0.02554
-0.04367 0.95084 -0.02408 -0.00088
-0.86846 -0.08028 0.00216 -0.02438
-0.04275 -0.41516 0.02589 -0.00243
0.79992 -0.17996 0.00730 0.03215
-0.00835 0.78818 -0.02160 -0.00025
-0.87293 0.04238 -0.00139 -0.03458
0.06844 -0.43835 0.02773 0.00433
0.55589 -0.01200 0.00088 0.03377
-0.04601 0.60264 -0.03385 -0.00239
-0.56836 0.09648 -0.00374 -0.02393
-0.01845 -0.90563 0.02869 -0.00032
0.98546 -0.10934 0.00403 0.03469
-0.03706 0.57906 -0.02347 -0.00110
-0.67639 -0.10290 0.00367 -0.02186
-0.03540 -0.77182 0.02394 -0.00124
0.57766 -0.00572 0.00048 0.02075
0.04517 0.64785 -0.02084 0.00159
-0.24772 0.04099 -0.00590 -0.03272
-0.00696 -0.37485 0.02998 -0.00021
